lat,lng,suburb,street,code,ward_id,source,fault_key,first_seen,last_seen,open_hours,cleared_at
-25.7840981,28.2966781,FAERIE GLEN X01,VISTA DRIVE,TSH,79900046,https://powerfailure.tshwane.gov.za/Tshwanesms/Map.aspx,"-25.7841,28.2967|FAERIE GLEN X01#0",2026-09-23 15:54:26.696532+00:00,2026-09-23 16:47:29.260212+00:00,1.38,2026-09-23 17:17:07.921724+00:00
-25.7620717,28.2863199,LYNNWOOD MANOR,RINGWOOD ROAD,TSH,79900046,https://powerfailure.tshwane.gov.za/Tshwanesms/Map.aspx,"-25.7621,28.2863|LYNNWOOD MANOR#0",2026-09-23 15:54:26.696532+00:00,2026-09-23 16:47:29.260212+00:00,1.38,2026-09-23 17:17:07.921724+00:00
-25.8022364,28.2898035,CONSTANTIA PARK,FRANS LIZST STREET,TSH,79900083,https://powerfailure.tshwane.gov.za/Tshwanesms/Map.aspx,"-25.8022,28.2898|CONSTANTIA PARK#0",2026-09-23 15:54:26.696532+00:00,2026-09-23 16:47:29.260212+00:00,1.38,2026-09-23 17:17:07.921724+00:00
-25.8100293,28.2673771,ERASMUSKLOOF X03,KLEINEWEIDE STREET,TSH,79900083,https://powerfailure.tshwane.gov.za/Tshwanesms/Map.aspx,"-25.8100,28.2674|ERASMUSKLOOF X03#0",2026-09-23 15:54:26.696532+00:00,2026-09-23 16:47:29.260212+00:00,1.38,2026-09-23 17:17:07.921724+00:00
-25.7959695,28.3120489,GARSFONTEIN X01,BRAUDE STREET,TSH,79900044,https://powerfailure.tshwane.gov.za/Tshwanesms/Map.aspx,"-25.7960,28.3120|GARSFONTEIN X01#0",2026-09-23 15:54:26.696532+00:00,2026-09-23 16:47:29.260212+00:00,1.38,2026-09-23 17:17:07.921724+00:00
-25.7934881,28.2690626,NEWLANDS,GLOXINIA AVENUE,TSH,79900083,https://powerfailure.tshwane.gov.za/Tshwanesms/Map.aspx,"-25.7935,28.2691|NEWLANDS#0",2026-09-23 15:54:26.696532+00:00,2026-09-23 16:47:29.260212+00:00,1.38,2026-09-23 17:17:07.921724+00:00
-25.7891655,28.2751232,NEWLANDS x   8,BALI AVENUE,TSH,79900083,https://powerfailure.tshwane.gov.za/Tshwanesms/Map.aspx,"-25.7892,28.2751|NEWLANDS X 8#0",2026-09-23 15:54:26.696532+00:00,2026-09-23 16:47:29.260212+00:00,1.38,2026-09-23 17:17:07.921724+00:00
-25.7525274,28.0693108,LOTUS GARDENS X02,MONOKANE CRESCENT,TSH,79900007,https://powerfailure.tshwane.gov.za/Tshwanesms/Map.aspx,"-25.7525,28.0693|LOTUS GARDENS X02#0",2026-09-23 16:31:26.744960+00:00,2026-09-23 17:17:07.921724+00:00,5.02,2026-09-23 21:32:43.518437+00:00
-25.5081751,28.0918861,SOSHANGUVE-AA,STAND 1373,TSH,79900029,https://powerfailure.tshwane.gov.za/Tshwanesms/Map.aspx,"-25.5082,28.0919|SOSHANGUVE-AA#0",2026-09-23 15:54:26.696532+00:00,2026-09-23 17:17:07.921724+00:00,5.64,2026-09-23 21:32:43.518437+00:00
-25.5141607,28.1009624,SOSHANGUVE-F,STAND 1238,TSH,79900029,https://powerfailure.tshwane.gov.za/Tshwanesms/Map.aspx,"-25.5142,28.1010|SOSHANGUVE-F#0",2026-09-23 15:54:26.696532+00:00,2026-09-23 17:17:07.921724+00:00,5.64,2026-09-23 21:32:43.518437+00:00
-25.507756,28.0927499,SOSHANGUVE-AA,STAND 1357,TSH,79900029,https://powerfailure.tshwane.gov.za/Tshwanesms/Map.aspx,"-25.5078,28.0927|SOSHANGUVE-AA#0",2026-09-23 15:54:26.696532+00:00,2026-09-23 17:17:07.921724+00:00,5.64,2026-09-23 21:32:43.518437+00:00
-25.4994422,28.1041451,SOSHANGUVE-AA,STAND 632,TSH,79900033,https://powerfailure.tshwane.gov.za/Tshwanesms/Map.aspx,"-25.4994,28.1041|SOSHANGUVE-AA#0",2026-09-23 15:54:26.696532+00:00,2026-09-23 17:17:07.921724+00:00,5.64,2026-09-23 21:32:43.518437+00:00
-25.5043714,28.098096,SOSHANGUVE-AA,STAND 772,TSH,79900033,https://powerfailure.tshwane.gov.za/Tshwanesms/Map.aspx,"-25.5044,28.0981|SOSHANGUVE-AA#0",2026-09-23 15:54:26.696532+00:00,2026-09-23 17:17:07.921724+00:00,5.64,2026-09-23 21:32:43.518437+00:00
-25.5122293,28.1005451,SOSHANGUVE-F,STAND 1415,TSH,79900029,https://powerfailure.tshwane.gov.za/Tshwanesms/Map.aspx,"-25.5122,28.1005|SOSHANGUVE-F#0",2026-09-23 15:54:26.696532+00:00,2026-09-23 17:17:07.921724+00:00,5.64,2026-09-23 21:32:43.518437+00:00
-25.5125776,28.0996516,SOSHANGUVE-F,STAND 1376,TSH,79900029,https://powerfailure.tshwane.gov.za/Tshwanesms/Map.aspx,"-25.5126,28.0997|SOSHANGUVE-F#0",2026-09-23 15:54:26.696532+00:00,2026-09-23 17:17:07.921724+00:00,5.64,2026-09-23 21:32:43.518437+00:00
-25.5074484,28.0932402,SOSHANGUVE-AA,STAND 1351,TSH,79900029,https://powerfailure.tshwane.gov.za/Tshwanesms/Map.aspx,"-25.5074,28.0932|SOSHANGUVE-AA#0",2026-09-23 15:54:26.696532+00:00,2026-09-23 17:17:07.921724+00:00,5.64,2026-09-23 21:32:43.518437+00:00
-25.5080457,28.10323,SOSHANGUVE-F,BOREKHU STREET,TSH,79900033,https://powerfailure.tshwane.gov.za/Tshwanesms/Map.aspx,"-25.5080,28.1032|SOSHANGUVE-F#0",2026-09-23 15:54:26.696532+00:00,2026-09-23 17:17:07.921724+00:00,5.64,2026-09-23 21:32:43.518437+00:00
-25.5066875,28.1038462,SOSHANGUVE-F,STAND 419,TSH,79900033,https://powerfailure.tshwane.gov.za/Tshwanesms/Map.aspx,"-25.5067,28.1038|SOSHANGUVE-F#0",2026-09-23 15:54:26.696532+00:00,2026-09-23 17:17:07.921724+00:00,5.64,2026-09-23 21:32:43.518437+00:00
-25.5147853,28.104736,SOSHANGUVE-F,A14463,TSH,79900029,https://powerfailure.tshwane.gov.za/Tshwanesms/Map.aspx,"-25.5148,28.1047|SOSHANGUVE-F#0",2026-09-23 15:54:26.696532+00:00,2026-09-23 17:17:07.921724+00:00,5.64,2026-09-23 21:32:43.518437+00:00
-25.5142802,28.1119528,SOSHANGUVE-G,STAND 693,TSH,79900033,https://powerfailure.tshwane.gov.za/Tshwanesms/Map.aspx,"-25.5143,28.1120|SOSHANGUVE-G#0",2026-09-23 15:54:26.696532+00:00,2026-09-23 17:17:07.921724+00:00,5.64,2026-09-23 21:32:43.518437+00:00
-25.5137252,28.1150696,SOSHANGUVE-G,STAND 1833,TSH,79900033,https://powerfailure.tshwane.gov.za/Tshwanesms/Map.aspx,"-25.5137,28.1151|SOSHANGUVE-G#0",2026-09-23 15:54:26.696532+00:00,2026-09-23 17:17:07.921724+00:00,5.64,2026-09-23 21:32:43.518437+00:00
-25.5082115,28.1085702,SOSHANGUVE-G,STAND 336,TSH,79900033,https://powerfailure.tshwane.gov.za/Tshwanesms/Map.aspx,"-25.5082,28.1086|SOSHANGUVE-G#0",2026-09-23 15:54:26.696532+00:00,2026-09-23 17:17:07.921724+00:00,5.64,2026-09-23 21:32:43.518437+00:00
-25.5131087,28.1153775,SOSHANGUVE-G,STAND 1838,TSH,79900033,https://powerfailure.tshwane.gov.za/Tshwanesms/Map.aspx,"-25.5131,28.1154|SOSHANGUVE-G#0",2026-09-23 15:54:26.696532+00:00,2026-09-23 17:17:07.921724+00:00,5.64,2026-09-23 21:32:43.518437+00:00
-25.506142,28.1078374,SOSHANGUVE-G,STAND 7,TSH,79900033,https://powerfailure.tshwane.gov.za/Tshwanesms/Map.aspx,"-25.5061,28.1078|SOSHANGUVE-G#0",2026-09-23 15:54:26.696532+00:00,2026-09-23 17:17:07.921724+00:00,5.64,2026-09-23 21:32:43.518437+00:00
-25.5126709,28.110004,SOSHANGUVE-G,STAND 734,TSH,79900033,https://powerfailure.tshwane.gov.za/Tshwanesms/Map.aspx,"-25.5127,28.1100|SOSHANGUVE-G#0",2026-09-23 15:54:26.696532+00:00,2026-09-23 17:17:07.921724+00:00,5.64,2026-09-23 21:32:43.518437+00:00
-25.5120625,28.1182609,SOSHANGUVE-G,STAND 1550,TSH,79900033,https://powerfailure.tshwane.gov.za/Tshwanesms/Map.aspx,"-25.5121,28.1183|SOSHANGUVE-G#0",2026-09-23 15:54:26.696532+00:00,2026-09-23 17:17:07.921724+00:00,5.64,2026-09-23 21:32:43.518437+00:00
-25.7050808,28.1459942,DASPOORT,BESS STREET,TSH,79900001,https://powerfailure.tshwane.gov.za/Tshwanesms/Map.aspx,"-25.7051,28.1460|DASPOORT#0",2026-09-23 15:54:26.696532+00:00,2026-09-24 04:56:34.817108+00:00,19.97,2026-09-24 11:52:55.215094+00:00
-25.7049344,28.1461757,DASPOORT,BESS STREET,TSH,79900001,https://powerfailure.tshwane.gov.za/Tshwanesms/Map.aspx,"-25.7049,28.1462|DASPOORT#0",2026-09-23 15:54:26.696532+00:00,2026-09-24 04:56:34.817108+00:00,19.97,2026-09-24 11:52:55.215094+00:00
-25.7074599,28.1455353,DASPOORT,FRIEDA STREET,TSH,79900001,https://powerfailure.tshwane.gov.za/Tshwanesms/Map.aspx,"-25.7075,28.1455|DASPOORT#0",2026-09-23 15:54:26.696532+00:00,2026-09-24 04:56:34.817108+00:00,19.97,2026-09-24 11:52:55.215094+00:00
-25.7076492,28.1492072,DASPOORT,RIBBENS STREET,TSH,79900001,https://powerfailure.tshwane.gov.za/Tshwanesms/Map.aspx,"-25.7076,28.1492|DASPOORT#0",2026-09-23 15:54:26.696532+00:00,2026-09-24 04:56:34.817108+00:00,19.97,2026-09-24 11:52:55.215094+00:00
-25.7103717,28.1473688,DASPOORT,BLOMBOS STREET,TSH,79900001,https://powerfailure.tshwane.gov.za/Tshwanesms/Map.aspx,"-25.7104,28.1474|DASPOORT#0",2026-09-23 15:54:26.696532+00:00,2026-09-24 04:56:34.817108+00:00,19.97,2026-09-24 11:52:55.215094+00:00
-25.71072,28.1522115,DASPOORT,CHRISTIAN STREET,TSH,79900001,https://powerfailure.tshwane.gov.za/Tshwanesms/Map.aspx,"-25.7107,28.1522|DASPOORT#0",2026-09-23 15:54:26.696532+00:00,2026-09-24 04:56:34.817108+00:00,19.97,2026-09-24 11:52:55.215094+00:00
-25.7106794,28.1434483,DASPOORT,MOOT STREET,TSH,79900001,https://powerfailure.tshwane.gov.za/Tshwanesms/Map.aspx,"-25.7107,28.1434|DASPOORT#0",2026-09-23 15:54:26.696532+00:00,2026-09-24 04:56:34.817108+00:00,19.97,2026-09-24 11:52:55.215094+00:00
-25.7128778,28.1563973,DASPOORT,TALJAARD STREET,TSH,79900001,https://powerfailure.tshwane.gov.za/Tshwanesms/Map.aspx,"-25.7129,28.1564|DASPOORT#0",2026-09-23 15:54:26.696532+00:00,2026-09-24 04:56:34.817108+00:00,19.97,2026-09-24 11:52:55.215094+00:00
-25.7137951,28.1524473,DASPOORT,VAN RIEBEEK ROAD,TSH,79900001,https://powerfailure.tshwane.gov.za/Tshwanesms/Map.aspx,"-25.7138,28.1524|DASPOORT#0",2026-09-23 15:54:26.696532+00:00,2026-09-24 04:56:34.817108+00:00,19.97,2026-09-24 11:52:55.215094+00:00
-25.7142718,28.154858,DASPOORT,VAN RIEBEEK ROAD,TSH,79900001,https://powerfailure.tshwane.gov.za/Tshwanesms/Map.aspx,"-25.7143,28.1549|DASPOORT#0",2026-09-23 15:54:26.696532+00:00,2026-09-24 04:56:34.817108+00:00,19.97,2026-09-24 11:52:55.215094+00:00
-25.7140419,28.1445083,DASPOORT,JENNINGS STREET,TSH,79900001,https://powerfailure.tshwane.gov.za/Tshwanesms/Map.aspx,"-25.7140,28.1445|DASPOORT#0",2026-09-23 15:54:26.696532+00:00,2026-09-24 04:56:34.817108+00:00,19.97,2026-09-24 11:52:55.215094+00:00
-25.7148221,28.1515315,DASPOORT,CHRISTIAN STREET,TSH,79900001,https://powerfailure.tshwane.gov.za/Tshwanesms/Map.aspx,"-25.7148,28.1515|DASPOORT#0",2026-09-23 15:54:26.696532+00:00,2026-09-24 04:56:34.817108+00:00,19.97,2026-09-24 11:52:55.215094+00:00
-25.7159748,28.1434741,DASPOORT,TULBAGH STREET,TSH,79900001,https://powerfailure.tshwane.gov.za/Tshwanesms/Map.aspx,"-25.7160,28.1435|DASPOORT#0",2026-09-23 15:54:26.696532+00:00,2026-09-24 04:56:34.817108+00:00,19.97,2026-09-24 11:52:55.215094+00:00
-25.7160968,28.1444054,DASPOORT,MONTAGU STREET,TSH,79900001,https://powerfailure.tshwane.gov.za/Tshwanesms/Map.aspx,"-25.7161,28.1444|DASPOORT#0",2026-09-23 15:54:26.696532+00:00,2026-09-24 04:56:34.817108+00:00,19.97,2026-09-24 11:52:55.215094+00:00
-25.7172832,28.1414778,DASPOORT,MALIE STREET,TSH,79900001,https://powerfailure.tshwane.gov.za/Tshwanesms/Map.aspx,"-25.7173,28.1415|DASPOORT#0",2026-09-23 15:54:26.696532+00:00,2026-09-24 04:56:34.817108+00:00,19.97,2026-09-24 11:52:55.215094+00:00
-25.7172497,28.1436525,DASPOORT,MALIE STREET,TSH,79900001,https://powerfailure.tshwane.gov.za/Tshwanesms/Map.aspx,"-25.7172,28.1437|DASPOORT#0",2026-09-23 15:54:26.696532+00:00,2026-09-24 04:56:34.817108+00:00,19.97,2026-09-24 11:52:55.215094+00:00
-25.7103005,28.1528971,DASPOORT,CHRISTIAN STREET,TSH,79900001,https://powerfailure.tshwane.gov.za/Tshwanesms/Map.aspx,"-25.7103,28.1529|DASPOORT#0",2026-09-23 15:54:26.696532+00:00,2026-09-24 04:56:34.817108+00:00,19.97,2026-09-24 11:52:55.215094+00:00
-25.7055007,28.1535424,DASPOORT ESTATE,VAN DEN HEEVER STREET,TSH,79900001,https://powerfailure.tshwane.gov.za/Tshwanesms/Map.aspx,"-25.7055,28.1535|DASPOORT ESTATE#0",2026-09-23 15:54:26.696532+00:00,2026-09-24 04:56:34.817108+00:00,19.97,2026-09-24 11:52:55.215094+00:00
-25.7071786,28.1526133,DASPOORT ESTATE,HENRY NOURSE STREET,TSH,79900001,https://powerfailure.tshwane.gov.za/Tshwanesms/Map.aspx,"-25.7072,28.1526|DASPOORT ESTATE#0",2026-09-23 15:54:26.696532+00:00,2026-09-24 04:56:34.817108+00:00,19.97,2026-09-24 11:52:55.215094+00:00
-25.708796,28.1556299,DASPOORT ESTATE,KEYTER STREET,TSH,79900001,https://powerfailure.tshwane.gov.za/Tshwanesms/Map.aspx,"-25.7088,28.1556|DASPOORT ESTATE#0",2026-09-23 15:54:26.696532+00:00,2026-09-24 04:56:34.817108+00:00,19.97,2026-09-24 11:52:55.215094+00:00
-25.7096562,28.1558681,DASPOORT ESTATE,CHARL CELLIERS STREET,TSH,79900001,https://powerfailure.tshwane.gov.za/Tshwanesms/Map.aspx,"-25.7097,28.1559|DASPOORT ESTATE#0",2026-09-23 15:54:26.696532+00:00,2026-09-24 04:56:34.817108+00:00,19.97,2026-09-24 11:52:55.215094+00:00
-25.708511,28.1511004,DASPOORT ESTATE,FRIEDA STREET,TSH,79900001,https://powerfailure.tshwane.gov.za/Tshwanesms/Map.aspx,"-25.7085,28.1511|DASPOORT ESTATE#0",2026-09-23 15:54:26.696532+00:00,2026-09-24 04:56:34.817108+00:00,19.97,2026-09-24 11:52:55.215094+00:00
-25.5216412,28.085122,SOSHANGUVE-K,STAND 1294,TSH,79900035,https://powerfailure.tshwane.gov.za/Tshwanesms/Map.aspx,"-25.5216,28.0851|SOSHANGUVE-K#0",2026-09-23 15:54:26.696532+00:00,2026-09-24 04:56:34.817108+00:00,19.97,2026-09-24 11:52:55.215094+00:00
-25.4678576,28.1258065,SOSHANGUVE-R,STAND 976,TSH,79900027,https://powerfailure.tshwane.gov.za/Tshwanesms/Map.aspx,"-25.4679,28.1258|SOSHANGUVE-R#0",2026-09-23 21:32:43.518437+00:00,2026-09-24 04:56:34.817108+00:00,14.34,2026-09-24 11:52:55.215094+00:00
-25.717419,28.1617961,HERMANSTAD,VAN RIEBEEK ROAD,TSH,79900001,https://powerfailure.tshwane.gov.za/Tshwanesms/Map.aspx,"-25.7174,28.1618|HERMANSTAD#0",2026-09-23 15:54:26.696532+00:00,2026-09-24 04:56:34.817108+00:00,19.97,2026-09-24 11:52:55.215094+00:00
-25.7224954,28.1641157,HERMANSTAD,MARTINI HENRY AVENUE,TSH,79900001,https://powerfailure.tshwane.gov.za/Tshwanesms/Map.aspx,"-25.7225,28.1641|HERMANSTAD#0",2026-09-23 15:54:26.696532+00:00,2026-09-24 04:56:34.817108+00:00,19.97,2026-09-24 11:52:55.215094+00:00
-25.7230407,28.1637588,HERMANSTAD,CHARTER PLACE,TSH,79900001,https://powerfailure.tshwane.gov.za/Tshwanesms/Map.aspx,"-25.7230,28.1638|HERMANSTAD#0",2026-09-23 15:54:26.696532+00:00,2026-09-24 04:56:34.817108+00:00,19.97,2026-09-24 11:52:55.215094+00:00
-25.8423604,28.2098153,LYTTELTON MANOR X03,OPAAL ROAD,TSH,79900057,https://powerfailure.tshwane.gov.za/Tshwanesms/Map.aspx,"-25.8424,28.2098|LYTTELTON MANOR X03#0",2026-09-23 15:54:26.696532+00:00,2026-09-24 04:56:34.817108+00:00,19.97,2026-09-24 11:52:55.215094+00:00
-25.8421488,28.2120958,LYTTELTON MANOR X03,OPAAL ROAD,TSH,79900057,https://powerfailure.tshwane.gov.za/Tshwanesms/Map.aspx,"-25.8421,28.2121|LYTTELTON MANOR X03#0",2026-09-23 15:54:26.696532+00:00,2026-09-24 04:56:34.817108+00:00,19.97,2026-09-24 11:52:55.215094+00:00
-25.7071491,28.1900847,MAYVILLE,RHYS AVENUE,TSH,79900054,https://powerfailure.tshwane.gov.za/Tshwanesms/Map.aspx,"-25.7071,28.1901|MAYVILLE#0",2026-09-23 15:54:26.696532+00:00,2026-09-24 04:56:34.817108+00:00,19.97,2026-09-24 11:52:55.215094+00:00
-25.6138553,28.1596557,ONDERSTEPOORT AH,EMMA STREET,TSH,79900096,https://powerfailure.tshwane.gov.za/Tshwanesms/Map.aspx,"-25.6139,28.1597|ONDERSTEPOORT AH#0",2026-09-24 04:53:01.668402+00:00,2026-09-24 04:56:34.817108+00:00,7.0,2026-09-24 11:52:55.215094+00:00
-25.5084874,28.1016296,SOSHANGUVE-F,STAND 148,TSH,79900033,https://powerfailure.tshwane.gov.za/Tshwanesms/Map.aspx,"-25.5085,28.1016|SOSHANGUVE-F#0",2026-09-23 15:54:26.696532+00:00,2026-09-24 04:56:34.817108+00:00,19.97,2026-09-24 11:52:55.215094+00:00
-25.5097573,28.09853,SOSHANGUVE-F,STAND 1271,TSH,79900029,https://powerfailure.tshwane.gov.za/Tshwanesms/Map.aspx,"-25.5098,28.0985|SOSHANGUVE-F#0",2026-09-23 21:32:43.518437+00:00,2026-09-24 04:56:34.817108+00:00,14.34,2026-09-24 11:52:55.215094+00:00
-25.7081537,28.2593981,WAVERLEY,COLLINS AVENUE,TSH,79900052,https://powerfailure.tshwane.gov.za/Tshwanesms/Map.aspx,"-25.7082,28.2594|WAVERLEY#0",2026-09-23 15:54:26.696532+00:00,2026-09-24 04:56:34.817108+00:00,19.97,2026-09-24 11:52:55.215094+00:00
-25.7081537,28.2593981,WAVERLEY,COLLINS AVENUE,TSH,79900052,https://powerfailure.tshwane.gov.za/Tshwanesms/Map.aspx,"-25.7082,28.2594|WAVERLEY#1",2026-09-23 15:54:26.696532+00:00,2026-09-24 04:56:34.817108+00:00,19.97,2026-09-24 11:52:55.215094+00:00
-25.4994753,28.0952033,SOSHANGUVE-AA,STAND 96,TSH,79900094,https://powerfailure.tshwane.gov.za/Tshwanesms/Map.aspx,"-25.4995,28.0952|SOSHANGUVE-AA#0",2026-09-24 04:53:01.668402+00:00,2026-09-24 04:56:34.817108+00:00,7.0,2026-09-24 11:52:55.215094+00:00
-25.4987041,28.105438,SOSHANGUVE-AA,STAND 582,TSH,79900033,https://powerfailure.tshwane.gov.za/Tshwanesms/Map.aspx,"-25.4987,28.1054|SOSHANGUVE-AA#0",2026-09-23 21:32:43.518437+00:00,2026-09-24 04:56:34.817108+00:00,14.34,2026-09-24 11:52:55.215094+00:00
-25.5032177,28.0965789,SOSHANGUVE-AA,STAND 1201,TSH,79900033,https://powerfailure.tshwane.gov.za/Tshwanesms/Map.aspx,"-25.5032,28.0966|SOSHANGUVE-AA#0",2026-09-23 15:54:26.696532+00:00,2026-09-24 04:56:34.817108+00:00,19.97,2026-09-24 11:52:55.215094+00:00
-25.7065016,28.1473762,DASPOORT,DA GAMA STREET,TSH,79900001,https://powerfailure.tshwane.gov.za/Tshwanesms/Map.aspx,"-25.7065,28.1474|DASPOORT#0",2026-09-23 15:54:26.696532+00:00,2026-09-24 04:56:34.817108+00:00,19.97,2026-09-24 11:52:55.215094+00:00
-25.709691,28.1471646,DASPOORT,VAN DER STELL STREET,TSH,79900001,https://powerfailure.tshwane.gov.za/Tshwanesms/Map.aspx,"-25.7097,28.1472|DASPOORT#0",2026-09-23 15:54:26.696532+00:00,2026-09-24 04:56:34.817108+00:00,19.97,2026-09-24 11:52:55.215094+00:00
-25.709873,28.1479273,DASPOORT,VAN DER STELL STREET,TSH,79900001,https://powerfailure.tshwane.gov.za/Tshwanesms/Map.aspx,"-25.7099,28.1479|DASPOORT#0",2026-09-23 15:54:26.696532+00:00,2026-09-24 04:56:34.817108+00:00,19.97,2026-09-24 11:52:55.215094+00:00
-25.710958,28.1454955,DASPOORT,MOOT STREET,TSH,79900001,https://powerfailure.tshwane.gov.za/Tshwanesms/Map.aspx,"-25.7110,28.1455|DASPOORT#0",2026-09-23 15:54:26.696532+00:00,2026-09-24 04:56:34.817108+00:00,19.97,2026-09-24 11:52:55.215094+00:00
-25.7138904,28.1441501,DASPOORT,JENNINGS STREET,TSH,79900001,https://powerfailure.tshwane.gov.za/Tshwanesms/Map.aspx,"-25.7139,28.1442|DASPOORT#0",2026-09-23 15:54:26.696532+00:00,2026-09-24 04:56:34.817108+00:00,19.97,2026-09-24 11:52:55.215094+00:00
-25.7151316,28.1535737,DASPOORT,REDELINGHUYS STREET,TSH,79900001,https://powerfailure.tshwane.gov.za/Tshwanesms/Map.aspx,"-25.7151,28.1536|DASPOORT#0",2026-09-23 15:54:26.696532+00:00,2026-09-24 04:56:34.817108+00:00,19.97,2026-09-24 11:52:55.215094+00:00
-25.7157443,28.1418153,DASPOORT,MONTAGU STREET,TSH,79900001,https://powerfailure.tshwane.gov.za/Tshwanesms/Map.aspx,"-25.7157,28.1418|DASPOORT#0",2026-09-23 15:54:26.696532+00:00,2026-09-24 04:56:34.817108+00:00,19.97,2026-09-24 11:52:55.215094+00:00
-25.7172437,28.1434952,DASPOORT,MALIE STREET,TSH,79900001,https://powerfailure.tshwane.gov.za/Tshwanesms/Map.aspx,"-25.7172,28.1435|DASPOORT#0",2026-09-23 15:54:26.696532+00:00,2026-09-24 04:56:34.817108+00:00,19.97,2026-09-24 11:52:55.215094+00:00
-25.7173334,28.1448309,DASPOORT,MALIE STREET,TSH,79900001,https://powerfailure.tshwane.gov.za/Tshwanesms/Map.aspx,"-25.7173,28.1448|DASPOORT#0",2026-09-23 15:54:26.696532+00:00,2026-09-24 04:56:34.817108+00:00,19.97,2026-09-24 11:52:55.215094+00:00
-25.7144848,28.1639379,DASPOORT,WELTHAGEN STREET,TSH,79900001,https://powerfailure.tshwane.gov.za/Tshwanesms/Map.aspx,"-25.7145,28.1639|DASPOORT#0",2026-09-23 15:54:26.696532+00:00,2026-09-24 04:56:34.817108+00:00,19.97,2026-09-24 11:52:55.215094+00:00
-25.7096937,28.1532403,DASPOORT,FRIEDA STREET,TSH,79900001,https://powerfailure.tshwane.gov.za/Tshwanesms/Map.aspx,"-25.7097,28.1532|DASPOORT#0",2026-09-23 15:54:26.696532+00:00,2026-09-24 04:56:34.817108+00:00,19.97,2026-09-24 11:52:55.215094+00:00
-25.7098002,28.15298,DASPOORT,CHRISTIAN STREET,TSH,79900001,https://powerfailure.tshwane.gov.za/Tshwanesms/Map.aspx,"-25.7098,28.1530|DASPOORT#0",2026-09-23 15:54:26.696532+00:00,2026-09-24 04:56:34.817108+00:00,19.97,2026-09-24 11:52:55.215094+00:00
-25.7050385,28.1518061,DASPOORT ESTATE,OUWERF STREET,TSH,79900001,https://powerfailure.tshwane.gov.za/Tshwanesms/Map.aspx,"-25.7050,28.1518|DASPOORT ESTATE#0",2026-09-23 15:54:26.696532+00:00,2026-09-24 04:56:34.817108+00:00,19.97,2026-09-24 11:52:55.215094+00:00
-25.7051923,28.1523839,DASPOORT ESTATE,OUWERF STREET,TSH,79900001,https://powerfailure.tshwane.gov.za/Tshwanesms/Map.aspx,"-25.7052,28.1524|DASPOORT ESTATE#0",2026-09-23 15:54:26.696532+00:00,2026-09-24 04:56:34.817108+00:00,19.97,2026-09-24 11:52:55.215094+00:00
-25.7063283,28.1566526,DASPOORT ESTATE,OUWERF STREET,TSH,79900001,https://powerfailure.tshwane.gov.za/Tshwanesms/Map.aspx,"-25.7063,28.1567|DASPOORT ESTATE#0",2026-09-23 15:54:26.696532+00:00,2026-09-24 04:56:34.817108+00:00,19.97,2026-09-24 11:52:55.215094+00:00
-25.7074823,28.1545891,DASPOORT ESTATE,WOLFAARDT AVENUE,TSH,79900001,https://powerfailure.tshwane.gov.za/Tshwanesms/Map.aspx,"-25.7075,28.1546|DASPOORT ESTATE#0",2026-09-23 15:54:26.696532+00:00,2026-09-24 04:56:34.817108+00:00,19.97,2026-09-24 11:52:55.215094+00:00
-25.7078942,28.1536326,DASPOORT ESTATE,HENRY NOURSE STREET,TSH,79900001,https://powerfailure.tshwane.gov.za/Tshwanesms/Map.aspx,"-25.7079,28.1536|DASPOORT ESTATE#0",2026-09-23 15:54:26.696532+00:00,2026-09-24 04:56:34.817108+00:00,19.97,2026-09-24 11:52:55.215094+00:00
-25.707535,28.1507892,DASPOORT ESTATE,FERDINAND STREET,TSH,79900001,https://powerfailure.tshwane.gov.za/Tshwanesms/Map.aspx,"-25.7075,28.1508|DASPOORT ESTATE#0",2026-09-23 15:54:26.696532+00:00,2026-09-24 04:56:34.817108+00:00,19.97,2026-09-24 11:52:55.215094+00:00
-25.7082762,28.1890036,LES MARAIS,FRED NICHOLSON STREET,TSH,79900053,https://powerfailure.tshwane.gov.za/Tshwanesms/Map.aspx,"-25.7083,28.1890|LES MARAIS#0",2026-09-23 15:54:26.696532+00:00,2026-09-24 04:56:34.817108+00:00,19.97,2026-09-24 11:52:55.215094+00:00
-25.7095104,28.1889376,LES MARAIS,RHYS AVENUE,TSH,79900053,https://powerfailure.tshwane.gov.za/Tshwanesms/Map.aspx,"-25.7095,28.1889|LES MARAIS#0",2026-09-23 15:54:26.696532+00:00,2026-09-24 04:56:34.817108+00:00,19.97,2026-09-24 11:52:55.215094+00:00
-25.7097944,28.1882273,LES MARAIS,BOOYSEN STREET,TSH,79900053,https://powerfailure.tshwane.gov.za/Tshwanesms/Map.aspx,"-25.7098,28.1882|LES MARAIS#0",2026-09-23 15:54:26.696532+00:00,2026-09-24 04:56:34.817108+00:00,19.97,2026-09-24 11:52:55.215094+00:00
-25.7146323,28.1563587,HERMANSTAD,HENDRIKS STREET,TSH,79900001,https://powerfailure.tshwane.gov.za/Tshwanesms/Map.aspx,"-25.7146,28.1564|HERMANSTAD#0",2026-09-23 15:54:26.696532+00:00,2026-09-24 04:56:34.817108+00:00,19.97,2026-09-24 11:52:55.215094+00:00
-25.884902,28.1121278,HEUWELOORD X03,WIT-ELSHOUT AVENUE,TSH,79900048,https://powerfailure.tshwane.gov.za/Tshwanesms/Map.aspx,"-25.8849,28.1121|HEUWELOORD X03#0",2026-09-23 15:54:26.696532+00:00,2026-09-24 04:56:34.817108+00:00,19.97,2026-09-24 11:52:55.215094+00:00
-25.846523,28.2088787,LYTTELTON MANOR,GANNET CRESCENT,TSH,79900057,https://powerfailure.tshwane.gov.za/Tshwanesms/Map.aspx,"-25.8465,28.2089|LYTTELTON MANOR#0",2026-09-23 15:54:26.696532+00:00,2026-09-24 04:56:34.817108+00:00,19.97,2026-09-24 11:52:55.215094+00:00
-25.5122378,28.1044962,SOSHANGUVE-F,STAND 1592,TSH,79900033,https://powerfailure.tshwane.gov.za/Tshwanesms/Map.aspx,"-25.5122,28.1045|SOSHANGUVE-F#0",2026-09-23 15:54:26.696532+00:00,2026-09-24 04:56:34.817108+00:00,19.97,2026-09-24 11:52:55.215094+00:00
-25.5162147,28.1000771,SOSHANGUVE-F,TSWAING STREET,TSH,79900029,https://powerfailure.tshwane.gov.za/Tshwanesms/Map.aspx,"-25.5162,28.1001|SOSHANGUVE-F#0",2026-09-23 21:32:43.518437+00:00,2026-09-24 04:56:34.817108+00:00,14.34,2026-09-24 11:52:55.215094+00:00
-25.7151657,28.2566084,QUEENSWOOD X02,CRAGG STREET,TSH,79900084,https://powerfailure.tshwane.gov.za/Tshwanesms/Map.aspx,"-25.7152,28.2566|QUEENSWOOD X02#0",2026-09-23 15:54:26.696532+00:00,2026-09-24 04:56:34.817108+00:00,19.97,2026-09-24 11:52:55.215094+00:00
-25.7168844,28.2561221,QUEENSWOOD X02,LAWRANCE STREET,TSH,79900084,https://powerfailure.tshwane.gov.za/Tshwanesms/Map.aspx,"-25.7169,28.2561|QUEENSWOOD X02#0",2026-09-23 15:54:26.696532+00:00,2026-09-24 04:56:34.817108+00:00,19.97,2026-09-24 11:52:55.215094+00:00
-25.7104333,28.1870876,ELOFFSDAL,BOOYSEN STREET,TSH,79900053,https://powerfailure.tshwane.gov.za/Tshwanesms/Map.aspx,"-25.7104,28.1871|ELOFFSDAL#0",2026-09-23 15:54:26.696532+00:00,2026-09-24 04:56:34.817108+00:00,19.97,2026-09-24 11:52:55.215094+00:00
-25.7048335,28.1512981,DASPOORT,OUWERF STREET,TSH,79900001,https://powerfailure.tshwane.gov.za/Tshwanesms/Map.aspx,"-25.7048,28.1513|DASPOORT#0",2026-09-23 15:54:26.696532+00:00,2026-09-24 04:56:34.817108+00:00,19.97,2026-09-24 11:52:55.215094+00:00
-25.7047789,28.1508389,DASPOORT,OUWERF STREET,TSH,79900001,https://powerfailure.tshwane.gov.za/Tshwanesms/Map.aspx,"-25.7048,28.1508|DASPOORT#0",2026-09-23 15:54:26.696532+00:00,2026-09-24 04:56:34.817108+00:00,19.97,2026-09-24 11:52:55.215094+00:00
-25.7073319,28.1429169,DASPOORT,FRIEDA STREET,TSH,79900001,https://powerfailure.tshwane.gov.za/Tshwanesms/Map.aspx,"-25.7073,28.1429|DASPOORT#0",2026-09-23 15:54:26.696532+00:00,2026-09-24 04:56:34.817108+00:00,19.97,2026-09-24 11:52:55.215094+00:00
-25.7079011,28.1468558,DASPOORT,FRIEDA STREET,TSH,79900001,https://powerfailure.tshwane.gov.za/Tshwanesms/Map.aspx,"-25.7079,28.1469|DASPOORT#0",2026-09-23 15:54:26.696532+00:00,2026-09-24 04:56:34.817108+00:00,19.97,2026-09-24 11:52:55.215094+00:00
-25.7109195,28.143805,DASPOORT,TULBAGH STREET,TSH,79900001,https://powerfailure.tshwane.gov.za/Tshwanesms/Map.aspx,"-25.7109,28.1438|DASPOORT#0",2026-09-23 15:54:26.696532+00:00,2026-09-24 04:56:34.817108+00:00,19.97,2026-09-24 11:52:55.215094+00:00
-25.7115679,28.1499776,DASPOORT,FERDINAND STREET,TSH,79900001,https://powerfailure.tshwane.gov.za/Tshwanesms/Map.aspx,"-25.7116,28.1500|DASPOORT#0",2026-09-23 15:54:26.696532+00:00,2026-09-24 04:56:34.817108+00:00,19.97,2026-09-24 11:52:55.215094+00:00
-25.7130968,28.1515003,DASPOORT,TALJAARD STREET,TSH,79900001,https://powerfailure.tshwane.gov.za/Tshwanesms/Map.aspx,"-25.7131,28.1515|DASPOORT#0",2026-09-23 15:54:26.696532+00:00,2026-09-24 04:56:34.817108+00:00,19.97,2026-09-24 11:52:55.215094+00:00
-25.7133246,28.1531753,DASPOORT,TALJAARD STREET,TSH,79900001,https://powerfailure.tshwane.gov.za/Tshwanesms/Map.aspx,"-25.7133,28.1532|DASPOORT#0",2026-09-23 15:54:26.696532+00:00,2026-09-24 04:56:34.817108+00:00,19.97,2026-09-24 11:52:55.215094+00:00
-25.7158997,28.1420537,DASPOORT,MONTAGU STREET,TSH,79900001,https://powerfailure.tshwane.gov.za/Tshwanesms/Map.aspx,"-25.7159,28.1421|DASPOORT#0",2026-09-23 15:54:26.696532+00:00,2026-09-24 04:56:34.817108+00:00,19.97,2026-09-24 11:52:55.215094+00:00
-25.7155287,28.164223,DASPOORT,MOOT STREET,TSH,79900001,https://powerfailure.tshwane.gov.za/Tshwanesms/Map.aspx,"-25.7155,28.1642|DASPOORT#0",2026-09-23 15:54:26.696532+00:00,2026-09-24 04:56:34.817108+00:00,19.97,2026-09-24 11:52:55.215094+00:00
-25.7124342,28.1466304,DASPOORT,TALJAARD STREET,TSH,79900001,https://powerfailure.tshwane.gov.za/Tshwanesms/Map.aspx,"-25.7124,28.1466|DASPOORT#0",2026-09-23 15:54:26.696532+00:00,2026-09-24 04:56:34.817108+00:00,19.97,2026-09-24 11:52:55.215094+00:00
-25.7119108,28.1623569,DASPOORT,CALEDON STREET,TSH,79900001,https://powerfailure.tshwane.gov.za/Tshwanesms/Map.aspx,"-25.7119,28.1624|DASPOORT#0",2026-09-23 15:54:26.696532+00:00,2026-09-24 04:56:34.817108+00:00,19.97,2026-09-24 11:52:55.215094+00:00
-25.5164832,28.1157297,SOSHANGUVE-G,STAND 1699,TSH,79900033,https://powerfailure.tshwane.gov.za/Tshwanesms/Map.aspx,"-25.5165,28.1157|SOSHANGUVE-G#0",2026-09-23 21:32:43.518437+00:00,2026-09-24 04:56:34.817108+00:00,14.34,2026-09-24 11:52:55.215094+00:00
-25.7645254,28.2659869,LYNNWOOD,KIEPERSOL ROAD,TSH,79900082,https://powerfailure.tshwane.gov.za/Tshwanesms/Map.aspx,"-25.7645,28.2660|LYNNWOOD#0",2026-09-23 15:54:26.696532+00:00,2026-09-24 04:56:34.817108+00:00,19.97,2026-09-24 11:52:55.215094+00:00
-25.9108859,28.0993335,OLIEVENHOUTBOS X15,INOMFI STREET,TSH,79900106,https://powerfailure.tshwane.gov.za/Tshwanesms/Map.aspx,"-25.9109,28.0993|OLIEVENHOUTBOS X15#0",2026-09-23 15:54:26.696532+00:00,2026-09-24 04:56:34.817108+00:00,19.97,2026-09-24 11:52:55.215094+00:00
-25.7051494,28.1530571,DASPOORT ESTATE,VAN DEN HEEVER STREET,TSH,79900001,https://powerfailure.tshwane.gov.za/Tshwanesms/Map.aspx,"-25.7051,28.1531|DASPOORT ESTATE#0",2026-09-23 15:54:26.696532+00:00,2026-09-24 04:56:34.817108+00:00,19.97,2026-09-24 11:52:55.215094+00:00
-25.7052461,28.1525862,DASPOORT ESTATE,OUWERF STREET,TSH,79900001,https://powerfailure.tshwane.gov.za/Tshwanesms/Map.aspx,"-25.7052,28.1526|DASPOORT ESTATE#0",2026-09-23 15:54:26.696532+00:00,2026-09-24 04:56:34.817108+00:00,19.97,2026-09-24 11:52:55.215094+00:00
-25.7060748,28.1556993,DASPOORT ESTATE,OUWERF STREET,TSH,79900001,https://powerfailure.tshwane.gov.za/Tshwanesms/Map.aspx,"-25.7061,28.1557|DASPOORT ESTATE#0",2026-09-23 15:54:26.696532+00:00,2026-09-24 04:56:34.817108+00:00,19.97,2026-09-24 11:52:55.215094+00:00
-25.7066489,28.1525707,DASPOORT ESTATE,VAN DEN HEEVER STREET,TSH,79900001,https://powerfailure.tshwane.gov.za/Tshwanesms/Map.aspx,"-25.7066,28.1526|DASPOORT ESTATE#0",2026-09-23 15:54:26.696532+00:00,2026-09-24 04:56:34.817108+00:00,19.97,2026-09-24 11:52:55.215094+00:00
-25.7084162,28.1555939,DASPOORT ESTATE,HENRY NOURSE STREET,TSH,79900001,https://powerfailure.tshwane.gov.za/Tshwanesms/Map.aspx,"-25.7084,28.1556|DASPOORT ESTATE#0",2026-09-23 15:54:26.696532+00:00,2026-09-24 04:56:34.817108+00:00,19.97,2026-09-24 11:52:55.215094+00:00
-25.7080762,28.1529252,DASPOORT ESTATE,VAN DER HEEVER STREET,TSH,79900001,https://powerfailure.tshwane.gov.za/Tshwanesms/Map.aspx,"-25.7081,28.1529|DASPOORT ESTATE#0",2026-09-23 15:54:26.696532+00:00,2026-09-24 04:56:34.817108+00:00,19.97,2026-09-24 11:52:55.215094+00:00
-25.7090894,28.1570103,DASPOORT ESTATE,CHARL CELLIERS STREET,TSH,79900001,https://powerfailure.tshwane.gov.za/Tshwanesms/Map.aspx,"-25.7091,28.1570|DASPOORT ESTATE#0",2026-09-23 15:54:26.696532+00:00,2026-09-24 04:56:34.817108+00:00,19.97,2026-09-24 11:52:55.215094+00:00
-25.5149355,28.1143089,SOSHANGUVE-G,STAND 1772,TSH,79900033,https://powerfailure.tshwane.gov.za/Tshwanesms/Map.aspx,"-25.5149,28.1143|SOSHANGUVE-G#0",2026-09-23 21:32:43.518437+00:00,2026-09-24 04:56:34.817108+00:00,14.34,2026-09-24 11:52:55.215094+00:00
-25.7133844,28.1571086,HERMANSTAD,TALJAARD STREET,TSH,79900001,https://powerfailure.tshwane.gov.za/Tshwanesms/Map.aspx,"-25.7134,28.1571|HERMANSTAD#0",2026-09-23 15:54:26.696532+00:00,2026-09-24 04:56:34.817108+00:00,19.97,2026-09-24 11:52:55.215094+00:00
-25.8427364,28.2084767,LYTTELTON MANOR,MONUMENT AVENUE,TSH,79900057,https://powerfailure.tshwane.gov.za/Tshwanesms/Map.aspx,"-25.8427,28.2085|LYTTELTON MANOR#0",2026-09-23 15:54:26.696532+00:00,2026-09-24 04:56:34.817108+00:00,19.97,2026-09-24 11:52:55.215094+00:00
-25.8454271,28.2135571,LYTTELTON MANOR X11,SILWER STREET,TSH,79900057,https://powerfailure.tshwane.gov.za/Tshwanesms/Map.aspx,"-25.8454,28.2136|LYTTELTON MANOR X11#0",2026-09-23 15:54:26.696532+00:00,2026-09-24 04:56:34.817108+00:00,19.97,2026-09-24 11:52:55.215094+00:00
-25.5826749,28.1698285,HAAKDOORNBOOM 267-JR,A24215 (11/R),TSH,79900096,https://powerfailure.tshwane.gov.za/Tshwanesms/Map.aspx,"-25.5827,28.1698|HAAKDOORNBOOM 267-JR#0",2026-09-23 15:54:26.696532+00:00,2026-09-24 04:56:34.817108+00:00,19.97,2026-09-24 11:52:55.215094+00:00
-25.5131855,28.1055547,SOSHANGUVE-F,STAND 1545,TSH,79900029,https://powerfailure.tshwane.gov.za/Tshwanesms/Map.aspx,"-25.5132,28.1056|SOSHANGUVE-F#0",2026-09-24 04:53:01.668402+00:00,2026-09-24 04:56:34.817108+00:00,7.0,2026-09-24 11:52:55.215094+00:00
-25.515333,28.1024248,SOSHANGUVE-F,STAND 1903,TSH,79900029,https://powerfailure.tshwane.gov.za/Tshwanesms/Map.aspx,"-25.5153,28.1024|SOSHANGUVE-F#0",2026-09-23 15:54:26.696532+00:00,2026-09-24 04:56:34.817108+00:00,19.97,2026-09-24 11:52:55.215094+00:00
-25.7149119,28.2569844,QUEENSWOOD X02,MULLER ROAD,TSH,79900084,https://powerfailure.tshwane.gov.za/Tshwanesms/Map.aspx,"-25.7149,28.2570|QUEENSWOOD X02#0",2026-09-23 15:54:26.696532+00:00,2026-09-24 04:56:34.817108+00:00,19.97,2026-09-24 11:52:55.215094+00:00
-25.7147006,28.2565776,QUEENSWOOD X02,CRAGG STREET,TSH,79900084,https://powerfailure.tshwane.gov.za/Tshwanesms/Map.aspx,"-25.7147,28.2566|QUEENSWOOD X02#0",2026-09-23 15:54:26.696532+00:00,2026-09-24 04:56:34.817108+00:00,19.97,2026-09-24 11:52:55.215094+00:00
-25.7168391,28.2571368,QUEENSWOOD X02,LAWRANCE STREET,TSH,79900084,https://powerfailure.tshwane.gov.za/Tshwanesms/Map.aspx,"-25.7168,28.2571|QUEENSWOOD X02#0",2026-09-23 15:54:26.696532+00:00,2026-09-24 04:56:34.817108+00:00,19.97,2026-09-24 11:52:55.215094+00:00
-25.7108954,28.1917487,ELOFFSDAL,BOOYSEN STREET,TSH,79900053,https://powerfailure.tshwane.gov.za/Tshwanesms/Map.aspx,"-25.7109,28.1917|ELOFFSDAL#0",2026-09-23 15:54:26.696532+00:00,2026-09-24 04:56:34.817108+00:00,19.97,2026-09-24 11:52:55.215094+00:00
-25.7062042,28.1465827,DASPOORT,DORP STREET,TSH,79900001,https://powerfailure.tshwane.gov.za/Tshwanesms/Map.aspx,"-25.7062,28.1466|DASPOORT#0",2026-09-23 15:54:26.696532+00:00,2026-09-24 04:56:34.817108+00:00,19.97,2026-09-24 11:52:55.215094+00:00
-25.7061375,28.1495156,DASPOORT,BESS STREET,TSH,79900001,https://powerfailure.tshwane.gov.za/Tshwanesms/Map.aspx,"-25.7061,28.1495|DASPOORT#0",2026-09-23 15:54:26.696532+00:00,2026-09-24 04:56:34.817108+00:00,19.97,2026-09-24 11:52:55.215094+00:00
-25.7073913,28.1493224,DASPOORT,DA GAMA STREET,TSH,79900001,https://powerfailure.tshwane.gov.za/Tshwanesms/Map.aspx,"-25.7074,28.1493|DASPOORT#0",2026-09-23 15:54:26.696532+00:00,2026-09-24 04:56:34.817108+00:00,19.97,2026-09-24 11:52:55.215094+00:00
-25.7085004,28.1477552,DASPOORT,FRIEDA STREET,TSH,79900001,https://powerfailure.tshwane.gov.za/Tshwanesms/Map.aspx,"-25.7085,28.1478|DASPOORT#0",2026-09-23 15:54:26.696532+00:00,2026-09-24 04:56:34.817108+00:00,19.97,2026-09-24 11:52:55.215094+00:00
-25.7102436,28.1499592,DASPOORT,VAN DER STELL STREET,TSH,79900001,https://powerfailure.tshwane.gov.za/Tshwanesms/Map.aspx,"-25.7102,28.1500|DASPOORT#0",2026-09-23 15:54:26.696532+00:00,2026-09-24 04:56:34.817108+00:00,19.97,2026-09-24 11:52:55.215094+00:00
-25.7108736,28.1448751,DASPOORT,MOOT STREET,TSH,79900001,https://powerfailure.tshwane.gov.za/Tshwanesms/Map.aspx,"-25.7109,28.1449|DASPOORT#0",2026-09-23 15:54:26.696532+00:00,2026-09-24 04:56:34.817108+00:00,19.97,2026-09-24 11:52:55.215094+00:00
-25.7114492,28.1505047,DASPOORT,MOOT STREET,TSH,79900001,https://powerfailure.tshwane.gov.za/Tshwanesms/Map.aspx,"-25.7114,28.1505|DASPOORT#0",2026-09-23 15:54:26.696532+00:00,2026-09-24 04:56:34.817108+00:00,19.97,2026-09-24 11:52:55.215094+00:00
-25.7121451,28.1445057,DASPOORT,TALJAARD STREET,TSH,79900001,https://powerfailure.tshwane.gov.za/Tshwanesms/Map.aspx,"-25.7121,28.1445|DASPOORT#0",2026-09-23 15:54:26.696532+00:00,2026-09-24 04:56:34.817108+00:00,19.97,2026-09-24 11:52:55.215094+00:00
-25.7127655,28.1490654,DASPOORT,TALJAARD STREET,TSH,79900001,https://powerfailure.tshwane.gov.za/Tshwanesms/Map.aspx,"-25.7128,28.1491|DASPOORT#0",2026-09-23 15:54:26.696532+00:00,2026-09-24 04:56:34.817108+00:00,19.97,2026-09-24 11:52:55.215094+00:00
-25.7133427,28.1490834,DASPOORT,VAN RIEBEEK ROAD,TSH,79900001,https://powerfailure.tshwane.gov.za/Tshwanesms/Map.aspx,"-25.7133,28.1491|DASPOORT#0",2026-09-23 15:54:26.696532+00:00,2026-09-24 04:56:34.817108+00:00,19.97,2026-09-24 11:52:55.215094+00:00
-25.5068846,28.1103846,SOSHANGUVE-G,STAND 431,TSH,79900033,https://powerfailure.tshwane.gov.za/Tshwanesms/Map.aspx,"-25.5069,28.1104|SOSHANGUVE-G#0",2026-09-24 04:53:01.668402+00:00,2026-09-24 04:56:34.817108+00:00,7.0,2026-09-24 11:52:55.215094+00:00
-25.7048528,28.1524993,DASPOORT ESTATE,FERDINAND STREET,TSH,79900001,https://powerfailure.tshwane.gov.za/Tshwanesms/Map.aspx,"-25.7049,28.1525|DASPOORT ESTATE#0",2026-09-23 15:54:26.696532+00:00,2026-09-24 04:56:34.817108+00:00,19.97,2026-09-24 11:52:55.215094+00:00
-25.7056075,28.1539437,DASPOORT ESTATE,OUWERF STREET,TSH,79900001,https://powerfailure.tshwane.gov.za/Tshwanesms/Map.aspx,"-25.7056,28.1539|DASPOORT ESTATE#0",2026-09-23 15:54:26.696532+00:00,2026-09-24 04:56:34.817108+00:00,19.97,2026-09-24 11:52:55.215094+00:00
-25.7064641,28.1541019,DASPOORT ESTATE,WOLFAARDT AVENUE,TSH,79900001,https://powerfailure.tshwane.gov.za/Tshwanesms/Map.aspx,"-25.7065,28.1541|DASPOORT ESTATE#0",2026-09-23 15:54:26.696532+00:00,2026-09-24 04:56:34.817108+00:00,19.97,2026-09-24 11:52:55.215094+00:00
-25.7059595,28.1513722,DASPOORT ESTATE,FERDINAND STREET,TSH,79900001,https://powerfailure.tshwane.gov.za/Tshwanesms/Map.aspx,"-25.7060,28.1514|DASPOORT ESTATE#0",2026-09-23 15:54:26.696532+00:00,2026-09-24 04:56:34.817108+00:00,19.97,2026-09-24 11:52:55.215094+00:00
-25.7059595,28.1513722,DASPOORT ESTATE,FERDINAND STREET,TSH,79900001,https://powerfailure.tshwane.gov.za/Tshwanesms/Map.aspx,"-25.7060,28.1514|DASPOORT ESTATE#1",2026-09-23 15:54:26.696532+00:00,2026-09-24 04:56:34.817108+00:00,19.97,2026-09-24 11:52:55.215094+00:00
-25.707807,28.1549741,DASPOORT ESTATE,HENRY NOURSE STREET,TSH,79900001,https://powerfailure.tshwane.gov.za/Tshwanesms/Map.aspx,"-25.7078,28.1550|DASPOORT ESTATE#0",2026-09-23 15:54:26.696532+00:00,2026-09-24 04:56:34.817108+00:00,19.97,2026-09-24 11:52:55.215094+00:00
-25.7086483,28.1564658,DASPOORT ESTATE,CHARL CELLIERS STREET,TSH,79900001,https://powerfailure.tshwane.gov.za/Tshwanesms/Map.aspx,"-25.7086,28.1565|DASPOORT ESTATE#0",2026-09-23 15:54:26.696532+00:00,2026-09-24 04:56:34.817108+00:00,19.97,2026-09-24 11:52:55.215094+00:00
-25.7086619,28.1556821,DASPOORT ESTATE,KEYTER STREET,TSH,79900001,https://powerfailure.tshwane.gov.za/Tshwanesms/Map.aspx,"-25.7087,28.1557|DASPOORT ESTATE#0",2026-09-23 15:54:26.696532+00:00,2026-09-24 04:56:34.817108+00:00,19.97,2026-09-24 11:52:55.215094+00:00
-25.7084852,28.1527925,DASPOORT ESTATE,VAN DEN HEEVER STREET,TSH,79900001,https://powerfailure.tshwane.gov.za/Tshwanesms/Map.aspx,"-25.7085,28.1528|DASPOORT ESTATE#0",2026-09-23 15:54:26.696532+00:00,2026-09-24 04:56:34.817108+00:00,19.97,2026-09-24 11:52:55.215094+00:00
-25.7094884,28.1541063,DASPOORT ESTATE,FRIEDA STREET,TSH,79900001,https://powerfailure.tshwane.gov.za/Tshwanesms/Map.aspx,"-25.7095,28.1541|DASPOORT ESTATE#0",2026-09-23 15:54:26.696532+00:00,2026-09-24 04:56:34.817108+00:00,19.97,2026-09-24 11:52:55.215094+00:00
-25.7093352,28.1889588,LES MARAIS,RHYS AVENUE,TSH,79900053,https://powerfailure.tshwane.gov.za/Tshwanesms/Map.aspx,"-25.7093,28.1890|LES MARAIS#0",2026-09-23 15:54:26.696532+00:00,2026-09-24 04:56:34.817108+00:00,19.97,2026-09-24 11:52:55.215094+00:00
-25.898757,28.1156288,THE REEDS X33,PRIDE OF INDIA PLACE,TSH,79900064,https://powerfailure.tshwane.gov.za/Tshwanesms/Map.aspx,"-25.8988,28.1156|THE REEDS X33#0",2026-09-23 15:54:26.696532+00:00,2026-09-24 04:56:34.817108+00:00,19.97,2026-09-24 11:52:55.215094+00:00
-25.7158023,28.1632274,HERMANSTAD,MOOT STREET,TSH,79900001,https://powerfailure.tshwane.gov.za/Tshwanesms/Map.aspx,"-25.7158,28.1632|HERMANSTAD#0",2026-09-23 15:54:26.696532+00:00,2026-09-24 04:56:34.817108+00:00,19.97,2026-09-24 11:52:55.215094+00:00
-25.7173107,28.1622854,HERMANSTAD,WELTHAGEN STREET,TSH,79900001,https://powerfailure.tshwane.gov.za/Tshwanesms/Map.aspx,"-25.7173,28.1623|HERMANSTAD#0",2026-09-23 15:54:26.696532+00:00,2026-09-24 04:56:34.817108+00:00,19.97,2026-09-24 11:52:55.215094+00:00
-25.8418897,28.2109587,LYTTELTON MANOR X03,OPAAL ROAD,TSH,79900057,https://powerfailure.tshwane.gov.za/Tshwanesms/Map.aspx,"-25.8419,28.2110|LYTTELTON MANOR X03#0",2026-09-23 15:54:26.696532+00:00,2026-09-24 04:56:34.817108+00:00,19.97,2026-09-24 11:52:55.215094+00:00
-25.8482162,28.2118394,LYTTELTON MANOR X03,TURKOOIS ROAD,TSH,79900057,https://powerfailure.tshwane.gov.za/Tshwanesms/Map.aspx,"-25.8482,28.2118|LYTTELTON MANOR X03#0",2026-09-23 15:54:26.696532+00:00,2026-09-24 04:56:34.817108+00:00,19.97,2026-09-24 11:52:55.215094+00:00
-25.8468888,28.2136007,LYTTELTON MANOR,TIEROOG STREET,TSH,79900057,https://powerfailure.tshwane.gov.za/Tshwanesms/Map.aspx,"-25.8469,28.2136|LYTTELTON MANOR#0",2026-09-23 15:54:26.696532+00:00,2026-09-24 04:56:34.817108+00:00,19.97,2026-09-24 11:52:55.215094+00:00
-25.8465705,28.2133808,LYTTELTON MANOR,TIEROOG STREET,TSH,79900057,https://powerfailure.tshwane.gov.za/Tshwanesms/Map.aspx,"-25.8466,28.2134|LYTTELTON MANOR#0",2026-09-23 15:54:26.696532+00:00,2026-09-24 04:56:34.817108+00:00,19.97,2026-09-24 11:52:55.215094+00:00
-25.7071677,28.1891015,MAYVILLE,RHYS AVENUE,TSH,79900054,https://powerfailure.tshwane.gov.za/Tshwanesms/Map.aspx,"-25.7072,28.1891|MAYVILLE#0",2026-09-23 15:54:26.696532+00:00,2026-09-24 04:56:34.817108+00:00,19.97,2026-09-24 11:52:55.215094+00:00
-25.7069971,28.1902281,MAYVILLE,RHYS AVENUE,TSH,79900054,https://powerfailure.tshwane.gov.za/Tshwanesms/Map.aspx,"-25.7070,28.1902|MAYVILLE#0",2026-09-23 15:54:26.696532+00:00,2026-09-24 04:56:34.817108+00:00,19.97,2026-09-24 11:52:55.215094+00:00
-25.5098877,28.1041638,SOSHANGUVE-F,STAND 304,TSH,79900033,https://powerfailure.tshwane.gov.za/Tshwanesms/Map.aspx,"-25.5099,28.1042|SOSHANGUVE-F#0",2026-09-23 21:32:43.518437+00:00,2026-09-24 04:56:34.817108+00:00,14.34,2026-09-24 11:52:55.215094+00:00
-25.7160961,28.2566698,QUEENSWOOD X02,CRAGG STREET,TSH,79900084,https://powerfailure.tshwane.gov.za/Tshwanesms/Map.aspx,"-25.7161,28.2567|QUEENSWOOD X02#0",2026-09-23 15:54:26.696532+00:00,2026-09-24 04:56:34.817108+00:00,19.97,2026-09-24 11:52:55.215094+00:00
-25.7190868,28.254458,QUEENSWOOD X02,HUNT STREET,TSH,79900084,https://powerfailure.tshwane.gov.za/Tshwanesms/Map.aspx,"-25.7191,28.2545|QUEENSWOOD X02#0",2026-09-23 15:54:26.696532+00:00,2026-09-24 04:56:34.817108+00:00,19.97,2026-09-24 11:52:55.215094+00:00
-25.5004925,28.102556,SOSHANGUVE-AA,STAND 500,TSH,79900033,https://powerfailure.tshwane.gov.za/Tshwanesms/Map.aspx,"-25.5005,28.1026|SOSHANGUVE-AA#0",2026-09-23 15:54:26.696532+00:00,2026-09-24 04:56:34.817108+00:00,19.97,2026-09-24 11:52:55.215094+00:00
-25.7059809,28.1467171,DASPOORT,DORP STREET,TSH,79900001,https://powerfailure.tshwane.gov.za/Tshwanesms/Map.aspx,"-25.7060,28.1467|DASPOORT#0",2026-09-23 15:54:26.696532+00:00,2026-09-24 04:56:34.817108+00:00,19.97,2026-09-24 11:52:55.215094+00:00
-25.7076391,28.1481776,DASPOORT,OLLIE STREET,TSH,79900001,https://powerfailure.tshwane.gov.za/Tshwanesms/Map.aspx,"-25.7076,28.1482|DASPOORT#0",2026-09-23 15:54:26.696532+00:00,2026-09-24 04:56:34.817108+00:00,19.97,2026-09-24 11:52:55.215094+00:00
-25.7095985,28.1446901,DASPOORT,TULBAGH STREET,TSH,79900001,https://powerfailure.tshwane.gov.za/Tshwanesms/Map.aspx,"-25.7096,28.1447|DASPOORT#0",2026-09-23 15:54:26.696532+00:00,2026-09-24 04:56:34.817108+00:00,19.97,2026-09-24 11:52:55.215094+00:00
-25.710672,28.1498328,DASPOORT,MOOT STREET,TSH,79900001,https://powerfailure.tshwane.gov.za/Tshwanesms/Map.aspx,"-25.7107,28.1498|DASPOORT#0",2026-09-23 15:54:26.696532+00:00,2026-09-24 04:56:34.817108+00:00,19.97,2026-09-24 11:52:55.215094+00:00
-25.7124072,28.1422178,DASPOORT,VAN RIEBEEK ROAD,TSH,79900001,https://powerfailure.tshwane.gov.za/Tshwanesms/Map.aspx,"-25.7124,28.1422|DASPOORT#0",2026-09-23 15:54:26.696532+00:00,2026-09-24 04:56:34.817108+00:00,19.97,2026-09-24 11:52:55.215094+00:00
-25.7133156,28.1488844,DASPOORT,VAN RIEBEEK ROAD,TSH,79900001,https://powerfailure.tshwane.gov.za/Tshwanesms/Map.aspx,"-25.7133,28.1489|DASPOORT#0",2026-09-23 15:54:26.696532+00:00,2026-09-24 04:56:34.817108+00:00,19.97,2026-09-24 11:52:55.215094+00:00
-25.7135881,28.1508876,DASPOORT,VAN RIEBEEK ROAD,TSH,79900001,https://powerfailure.tshwane.gov.za/Tshwanesms/Map.aspx,"-25.7136,28.1509|DASPOORT#0",2026-09-23 15:54:26.696532+00:00,2026-09-24 04:56:34.817108+00:00,19.97,2026-09-24 11:52:55.215094+00:00
-25.7139056,28.1532218,DASPOORT,VAN RIEBEEK ROAD,TSH,79900001,https://powerfailure.tshwane.gov.za/Tshwanesms/Map.aspx,"-25.7139,28.1532|DASPOORT#0",2026-09-23 15:54:26.696532+00:00,2026-09-24 04:56:34.817108+00:00,19.97,2026-09-24 11:52:55.215094+00:00
-25.7141403,28.1440754,DASPOORT,JENNINGS STREET,TSH,79900001,https://powerfailure.tshwane.gov.za/Tshwanesms/Map.aspx,"-25.7141,28.1441|DASPOORT#0",2026-09-23 15:54:26.696532+00:00,2026-09-24 04:56:34.817108+00:00,19.97,2026-09-24 11:52:55.215094+00:00
-25.715773,28.1483563,DASPOORT,MONTAGU STREET,TSH,79900001,https://powerfailure.tshwane.gov.za/Tshwanesms/Map.aspx,"-25.7158,28.1484|DASPOORT#0",2026-09-23 15:54:26.696532+00:00,2026-09-24 04:56:34.817108+00:00,19.97,2026-09-24 11:52:55.215094+00:00
-25.7132062,28.1632588,DASPOORT,HERMAN STREET,TSH,79900001,https://powerfailure.tshwane.gov.za/Tshwanesms/Map.aspx,"-25.7132,28.1633|DASPOORT#0",2026-09-23 15:54:26.696532+00:00,2026-09-24 04:56:34.817108+00:00,19.97,2026-09-24 11:52:55.215094+00:00
-25.5109268,28.1120753,SOSHANGUVE-G,STAND 625,TSH,79900033,https://powerfailure.tshwane.gov.za/Tshwanesms/Map.aspx,"-25.5109,28.1121|SOSHANGUVE-G#0",2026-09-23 21:32:43.518437+00:00,2026-09-24 04:56:34.817108+00:00,14.34,2026-09-24 11:52:55.215094+00:00
-25.5101006,28.1160323,SOSHANGUVE-G,STAND 1173,TSH,79900033,https://powerfailure.tshwane.gov.za/Tshwanesms/Map.aspx,"-25.5101,28.1160|SOSHANGUVE-G#0",2026-09-23 21:32:43.518437+00:00,2026-09-24 04:56:34.817108+00:00,14.34,2026-09-24 11:52:55.215094+00:00
-25.7700301,28.2670909,LYNNWOOD,BORDER ROAD,TSH,79900082,https://powerfailure.tshwane.gov.za/Tshwanesms/Map.aspx,"-25.7700,28.2671|LYNNWOOD#0",2026-09-23 15:54:26.696532+00:00,2026-09-24 04:56:34.817108+00:00,19.97,2026-09-24 11:52:55.215094+00:00
-25.7054766,28.1581817,DASPOORT ESTATE,CHARL CELLIERS STREET,TSH,79900001,https://powerfailure.tshwane.gov.za/Tshwanesms/Map.aspx,"-25.7055,28.1582|DASPOORT ESTATE#0",2026-09-23 15:54:26.696532+00:00,2026-09-24 04:56:34.817108+00:00,19.97,2026-09-24 11:52:55.215094+00:00
-25.7048767,28.1531455,DASPOORT ESTATE,VAN DER HEEVER STREET,TSH,79900001,https://powerfailure.tshwane.gov.za/Tshwanesms/Map.aspx,"-25.7049,28.1531|DASPOORT ESTATE#0",2026-09-23 15:54:26.696532+00:00,2026-09-24 04:56:34.817108+00:00,19.97,2026-09-24 11:52:55.215094+00:00
-25.7051008,28.1545439,DASPOORT ESTATE,WOLFAARDT AVENUE,TSH,79900001,https://powerfailure.tshwane.gov.za/Tshwanesms/Map.aspx,"-25.7051,28.1545|DASPOORT ESTATE#0",2026-09-23 15:54:26.696532+00:00,2026-09-24 04:56:34.817108+00:00,19.97,2026-09-24 11:52:55.215094+00:00
-25.7068041,28.1567705,DASPOORT ESTATE,OUWERF STREET,TSH,79900001,https://powerfailure.tshwane.gov.za/Tshwanesms/Map.aspx,"-25.7068,28.1568|DASPOORT ESTATE#0",2026-09-23 15:54:26.696532+00:00,2026-09-24 04:56:34.817108+00:00,19.97,2026-09-24 11:52:55.215094+00:00
-25.7067564,28.1554783,DASPOORT ESTATE,KEYTER STREET,TSH,79900001,https://powerfailure.tshwane.gov.za/Tshwanesms/Map.aspx,"-25.7068,28.1555|DASPOORT ESTATE#0",2026-09-23 15:54:26.696532+00:00,2026-09-24 04:56:34.817108+00:00,19.97,2026-09-24 11:52:55.215094+00:00
-25.7074338,28.1560759,DASPOORT ESTATE,KEYTER STREET,TSH,79900001,https://powerfailure.tshwane.gov.za/Tshwanesms/Map.aspx,"-25.7074,28.1561|DASPOORT ESTATE#0",2026-09-23 15:54:26.696532+00:00,2026-09-24 04:56:34.817108+00:00,19.97,2026-09-24 11:52:55.215094+00:00
-25.7084329,28.1892438,LES MARAIS,RHYS AVENUE,TSH,79900053,https://powerfailure.tshwane.gov.za/Tshwanesms/Map.aspx,"-25.7084,28.1892|LES MARAIS#0",2026-09-23 15:54:26.696532+00:00,2026-09-24 04:56:34.817108+00:00,19.97,2026-09-24 11:52:55.215094+00:00
-25.709388,28.1904423,LES MARAIS,KILLICK AVENUE,TSH,79900053,https://powerfailure.tshwane.gov.za/Tshwanesms/Map.aspx,"-25.7094,28.1904|LES MARAIS#0",2026-09-23 15:54:26.696532+00:00,2026-09-24 04:56:34.817108+00:00,19.97,2026-09-24 11:52:55.215094+00:00
-25.7244301,28.162488,HERMANSTAD,VAN DER HOFF ROAD,TSH,79900001,https://powerfailure.tshwane.gov.za/Tshwanesms/Map.aspx,"-25.7244,28.1625|HERMANSTAD#0",2026-09-23 15:54:26.696532+00:00,2026-09-24 04:56:34.817108+00:00,19.97,2026-09-24 11:52:55.215094+00:00
-25.7232702,28.1654425,HERMANSTAD,SLEGTKAMP STREET,TSH,79900001,https://powerfailure.tshwane.gov.za/Tshwanesms/Map.aspx,"-25.7233,28.1654|HERMANSTAD#0",2026-09-23 15:54:26.696532+00:00,2026-09-24 04:56:34.817108+00:00,19.97,2026-09-24 11:52:55.215094+00:00
-25.7227023,28.1629431,HERMANSTAD,MIAS BOUWER CRESCENT,TSH,79900001,https://powerfailure.tshwane.gov.za/Tshwanesms/Map.aspx,"-25.7227,28.1629|HERMANSTAD#0",2026-09-23 15:54:26.696532+00:00,2026-09-24 04:56:34.817108+00:00,19.97,2026-09-24 11:52:55.215094+00:00
-25.7234689,28.1645688,HERMANSTAD,BOSCH STREET,TSH,79900001,https://powerfailure.tshwane.gov.za/Tshwanesms/Map.aspx,"-25.7235,28.1646|HERMANSTAD#0",2026-09-23 15:54:26.696532+00:00,2026-09-24 04:56:34.817108+00:00,19.97,2026-09-24 11:52:55.215094+00:00
-25.8487634,28.2043555,LYTTELTON MANOR X03,GLOVER AVENUE,TSH,79900057,https://powerfailure.tshwane.gov.za/Tshwanesms/Map.aspx,"-25.8488,28.2044|LYTTELTON MANOR X03#0",2026-09-23 15:54:26.696532+00:00,2026-09-24 04:56:34.817108+00:00,19.97,2026-09-24 11:52:55.215094+00:00
-25.8466613,28.2050037,LYTTELTON MANOR X03,CLIFTON AVENUE,TSH,79900057,https://powerfailure.tshwane.gov.za/Tshwanesms/Map.aspx,"-25.8467,28.2050|LYTTELTON MANOR X03#0",2026-09-23 15:54:26.696532+00:00,2026-09-24 04:56:34.817108+00:00,19.97,2026-09-24 11:52:55.215094+00:00
-25.8448982,28.2122695,LYTTELTON MANOR X03,ROBYN ROAD,TSH,79900057,https://powerfailure.tshwane.gov.za/Tshwanesms/Map.aspx,"-25.8449,28.2123|LYTTELTON MANOR X03#0",2026-09-23 15:54:26.696532+00:00,2026-09-24 04:56:34.817108+00:00,19.97,2026-09-24 11:52:55.215094+00:00
-25.8479736,28.2126584,LYTTELTON MANOR X11,JASPER AVENUE,TSH,79900057,https://powerfailure.tshwane.gov.za/Tshwanesms/Map.aspx,"-25.8480,28.2127|LYTTELTON MANOR X11#0",2026-09-23 15:54:26.696532+00:00,2026-09-24 04:56:34.817108+00:00,19.97,2026-09-24 11:52:55.215094+00:00
-25.5031661,28.1084844,SOSHANGUVE-CC,STAND 15,TSH,79900033,https://powerfailure.tshwane.gov.za/Tshwanesms/Map.aspx,"-25.5032,28.1085|SOSHANGUVE-CC#0",2026-09-23 21:32:43.518437+00:00,2026-09-24 04:56:34.817108+00:00,14.34,2026-09-24 11:52:55.215094+00:00
-25.7398704,28.23966,COLBYN,TAIT STREET,TSH,79900092,https://powerfailure.tshwane.gov.za/Tshwanesms/Map.aspx,"-25.7399,28.2397|COLBYN#0",2026-09-23 15:54:26.696532+00:00,2026-09-24 04:56:34.817108+00:00,19.97,2026-09-24 11:52:55.215094+00:00
-25.5061767,28.1026123,SOSHANGUVE-F,STAND 54,TSH,79900033,https://powerfailure.tshwane.gov.za/Tshwanesms/Map.aspx,"-25.5062,28.1026|SOSHANGUVE-F#0",2026-09-24 04:53:01.668402+00:00,2026-09-24 04:56:34.817108+00:00,7.0,2026-09-24 11:52:55.215094+00:00
-25.5118231,28.1017753,SOSHANGUVE-F,STAND 1482,TSH,79900033,https://powerfailure.tshwane.gov.za/Tshwanesms/Map.aspx,"-25.5118,28.1018|SOSHANGUVE-F#0",2026-09-23 21:32:43.518437+00:00,2026-09-24 04:56:34.817108+00:00,14.34,2026-09-24 11:52:55.215094+00:00
-25.7158635,28.2566545,QUEENSWOOD X02,CRAGG STREET,TSH,79900084,https://powerfailure.tshwane.gov.za/Tshwanesms/Map.aspx,"-25.7159,28.2567|QUEENSWOOD X02#0",2026-09-23 15:54:26.696532+00:00,2026-09-24 04:56:34.817108+00:00,19.97,2026-09-24 11:52:55.215094+00:00
-25.7104876,28.1876349,ELOFFSDAL,BOOYSEN STREET,TSH,79900053,https://powerfailure.tshwane.gov.za/Tshwanesms/Map.aspx,"-25.7105,28.1876|ELOFFSDAL#0",2026-09-23 15:54:26.696532+00:00,2026-09-24 04:56:34.817108+00:00,19.97,2026-09-24 11:52:55.215094+00:00
-25.7075156,28.1442665,DASPOORT,FRIEDA STREET,TSH,79900001,https://powerfailure.tshwane.gov.za/Tshwanesms/Map.aspx,"-25.7075,28.1443|DASPOORT#0",2026-09-23 15:54:26.696532+00:00,2026-09-24 04:56:34.817108+00:00,19.97,2026-09-24 11:52:55.215094+00:00
-25.7088877,28.1497082,DASPOORT,FRIEDA STREET,TSH,79900001,https://powerfailure.tshwane.gov.za/Tshwanesms/Map.aspx,"-25.7089,28.1497|DASPOORT#0",2026-09-23 15:54:26.696532+00:00,2026-09-24 04:56:34.817108+00:00,19.97,2026-09-24 11:52:55.215094+00:00
-25.7108986,28.1497512,DASPOORT,MOOT STREET,TSH,79900001,https://powerfailure.tshwane.gov.za/Tshwanesms/Map.aspx,"-25.7109,28.1498|DASPOORT#0",2026-09-23 15:54:26.696532+00:00,2026-09-24 04:56:34.817108+00:00,19.97,2026-09-24 11:52:55.215094+00:00
-25.7104389,28.1522581,DASPOORT,CHRISTIAN STREET,TSH,79900001,https://powerfailure.tshwane.gov.za/Tshwanesms/Map.aspx,"-25.7104,28.1523|DASPOORT#0",2026-09-23 15:54:26.696532+00:00,2026-09-24 04:56:34.817108+00:00,19.97,2026-09-24 11:52:55.215094+00:00
-25.7127282,28.1445676,DASPOORT,VAN RIEBEEK ROAD,TSH,79900001,https://powerfailure.tshwane.gov.za/Tshwanesms/Map.aspx,"-25.7127,28.1446|DASPOORT#0",2026-09-23 15:54:26.696532+00:00,2026-09-24 04:56:34.817108+00:00,19.97,2026-09-24 11:52:55.215094+00:00
-25.7140799,28.1458817,DASPOORT,DORP STREET,TSH,79900001,https://powerfailure.tshwane.gov.za/Tshwanesms/Map.aspx,"-25.7141,28.1459|DASPOORT#0",2026-09-23 15:54:26.696532+00:00,2026-09-24 04:56:34.817108+00:00,19.97,2026-09-24 11:52:55.215094+00:00
-25.7164712,28.1422297,DASPOORT,ROSS STREET,TSH,79900001,https://powerfailure.tshwane.gov.za/Tshwanesms/Map.aspx,"-25.7165,28.1422|DASPOORT#0",2026-09-23 15:54:26.696532+00:00,2026-09-24 04:56:34.817108+00:00,19.97,2026-09-24 11:52:55.215094+00:00
-25.7148558,28.1637062,DASPOORT,WELTHAGEN STREET,TSH,79900001,https://powerfailure.tshwane.gov.za/Tshwanesms/Map.aspx,"-25.7149,28.1637|DASPOORT#0",2026-09-23 15:54:26.696532+00:00,2026-09-24 04:56:34.817108+00:00,19.97,2026-09-24 11:52:55.215094+00:00
-25.7106119,28.1531901,DASPOORT,LOUW STREET,TSH,79900001,https://powerfailure.tshwane.gov.za/Tshwanesms/Map.aspx,"-25.7106,28.1532|DASPOORT#0",2026-09-23 15:54:26.696532+00:00,2026-09-24 04:56:34.817108+00:00,19.97,2026-09-24 11:52:55.215094+00:00
-25.7134638,28.1640799,DASPOORT,HERMAN STREET,TSH,79900001,https://powerfailure.tshwane.gov.za/Tshwanesms/Map.aspx,"-25.7135,28.1641|DASPOORT#0",2026-09-23 15:54:26.696532+00:00,2026-09-24 04:56:34.817108+00:00,19.97,2026-09-24 11:52:55.215094+00:00
-25.8676616,28.0465292,PEACH TREE X02,STAND,TSH,79900048,https://powerfailure.tshwane.gov.za/Tshwanesms/Map.aspx,"-25.8677,28.0465|PEACH TREE X02#0",2026-09-24 04:53:01.668402+00:00,2026-09-24 04:56:34.817108+00:00,7.0,2026-09-24 11:52:55.215094+00:00
-25.7049841,28.156053,DASPOORT ESTATE,KEYTER STREET,TSH,79900001,https://powerfailure.tshwane.gov.za/Tshwanesms/Map.aspx,"-25.7050,28.1561|DASPOORT ESTATE#0",2026-09-23 15:54:26.696532+00:00,2026-09-24 04:56:34.817108+00:00,19.97,2026-09-24 11:52:55.215094+00:00
-25.7059146,28.1550974,DASPOORT ESTATE,OUWERF STREET,TSH,79900001,https://powerfailure.tshwane.gov.za/Tshwanesms/Map.aspx,"-25.7059,28.1551|DASPOORT ESTATE#0",2026-09-23 15:54:26.696532+00:00,2026-09-24 04:56:34.817108+00:00,19.97,2026-09-24 11:52:55.215094+00:00
-25.7104691,28.1566918,DASPOORT ESTATE,CHARL CELLIERS STREET,TSH,79900001,https://powerfailure.tshwane.gov.za/Tshwanesms/Map.aspx,"-25.7105,28.1567|DASPOORT ESTATE#0",2026-09-23 15:54:26.696532+00:00,2026-09-24 04:56:34.817108+00:00,19.97,2026-09-24 11:52:55.215094+00:00
-25.7082589,28.1888297,LES MARAIS,FRED NICHOLSON STREET,TSH,79900053,https://powerfailure.tshwane.gov.za/Tshwanesms/Map.aspx,"-25.7083,28.1888|LES MARAIS#0",2026-09-23 15:54:26.696532+00:00,2026-09-24 04:56:34.817108+00:00,19.97,2026-09-24 11:52:55.215094+00:00
-25.7092361,28.1904539,LES MARAIS,KILLICK AVENUE,TSH,79900053,https://powerfailure.tshwane.gov.za/Tshwanesms/Map.aspx,"-25.7092,28.1905|LES MARAIS#0",2026-09-23 15:54:26.696532+00:00,2026-09-24 04:56:34.817108+00:00,19.97,2026-09-24 11:52:55.215094+00:00
-25.7193202,28.1541685,HERMANSTAD,BOHLMANN STREET,TSH,79900001,https://powerfailure.tshwane.gov.za/Tshwanesms/Map.aspx,"-25.7193,28.1542|HERMANSTAD#0",2026-09-23 15:54:26.696532+00:00,2026-09-24 04:56:34.817108+00:00,19.97,2026-09-24 11:52:55.215094+00:00
-25.7236084,28.1654655,HERMANSTAD,LUSERN STREET,TSH,79900001,https://powerfailure.tshwane.gov.za/Tshwanesms/Map.aspx,"-25.7236,28.1655|HERMANSTAD#0",2026-09-23 15:54:26.696532+00:00,2026-09-24 04:56:34.817108+00:00,19.97,2026-09-24 11:52:55.215094+00:00
-25.7207496,28.1574272,HERMANSTAD,BOHLMANN STREET,TSH,79900001,https://powerfailure.tshwane.gov.za/Tshwanesms/Map.aspx,"-25.7207,28.1574|HERMANSTAD#0",2026-09-23 15:54:26.696532+00:00,2026-09-24 04:56:34.817108+00:00,19.97,2026-09-24 11:52:55.215094+00:00
-25.8415367,28.2118162,LYTTELTON MANOR X03,OPAAL ROAD,TSH,79900057,https://powerfailure.tshwane.gov.za/Tshwanesms/Map.aspx,"-25.8415,28.2118|LYTTELTON MANOR X03#0",2026-09-23 15:54:26.696532+00:00,2026-09-24 04:56:34.817108+00:00,19.97,2026-09-24 11:52:55.215094+00:00
-25.8450741,28.2117548,LYTTELTON MANOR X03,ROBYN ROAD,TSH,79900057,https://powerfailure.tshwane.gov.za/Tshwanesms/Map.aspx,"-25.8451,28.2118|LYTTELTON MANOR X03#0",2026-09-23 15:54:26.696532+00:00,2026-09-24 04:56:34.817108+00:00,19.97,2026-09-24 11:52:55.215094+00:00
-25.8456149,28.2113471,LYTTELTON MANOR X03,JADE AVENUE,TSH,79900057,https://powerfailure.tshwane.gov.za/Tshwanesms/Map.aspx,"-25.8456,28.2113|LYTTELTON MANOR X03#0",2026-09-23 15:54:26.696532+00:00,2026-09-24 04:56:34.817108+00:00,19.97,2026-09-24 11:52:55.215094+00:00
-25.8495356,28.208386,LYTTELTON MANOR X05,LIMPOPO AVENUE,TSH,79900057,https://powerfailure.tshwane.gov.za/Tshwanesms/Map.aspx,"-25.8495,28.2084|LYTTELTON MANOR X05#0",2026-09-23 15:54:26.696532+00:00,2026-09-24 04:56:34.817108+00:00,19.97,2026-09-24 11:52:55.215094+00:00
-25.8455288,28.2139086,LYTTELTON MANOR X11,JET STREET,TSH,79900057,https://powerfailure.tshwane.gov.za/Tshwanesms/Map.aspx,"-25.8455,28.2139|LYTTELTON MANOR X11#0",2026-09-23 15:54:26.696532+00:00,2026-09-24 04:56:34.817108+00:00,19.97,2026-09-24 11:52:55.215094+00:00
-25.5015016,28.1105358,SOSHANGUVE-CC,STAND 81,TSH,79900033,https://powerfailure.tshwane.gov.za/Tshwanesms/Map.aspx,"-25.5015,28.1105|SOSHANGUVE-CC#0",2026-09-24 04:53:01.668402+00:00,2026-09-24 04:56:34.817108+00:00,7.0,2026-09-24 11:52:55.215094+00:00
-25.5047968,28.1037141,SOSHANGUVE-F,STAND 42,TSH,79900033,https://powerfailure.tshwane.gov.za/Tshwanesms/Map.aspx,"-25.5048,28.1037|SOSHANGUVE-F#0",2026-09-23 21:32:43.518437+00:00,2026-09-24 04:56:34.817108+00:00,14.34,2026-09-24 11:52:55.215094+00:00
-25.5099887,28.1019717,SOSHANGUVE-F,STAND 218,TSH,79900033,https://powerfailure.tshwane.gov.za/Tshwanesms/Map.aspx,"-25.5100,28.1020|SOSHANGUVE-F#0",2026-09-23 21:32:43.518437+00:00,2026-09-24 04:56:34.817108+00:00,14.34,2026-09-24 11:52:55.215094+00:00
-25.7105238,28.1879997,ELOFFSDAL,BOOYSEN STREET,TSH,79900053,https://powerfailure.tshwane.gov.za/Tshwanesms/Map.aspx,"-25.7105,28.1880|ELOFFSDAL#0",2026-09-23 15:54:26.696532+00:00,2026-09-24 04:56:34.817108+00:00,19.97,2026-09-24 11:52:55.215094+00:00
-25.7057032,28.1457324,DASPOORT,BESS STREET,TSH,79900001,https://powerfailure.tshwane.gov.za/Tshwanesms/Map.aspx,"-25.7057,28.1457|DASPOORT#0",2026-09-23 15:54:26.696532+00:00,2026-09-24 04:56:34.817108+00:00,19.97,2026-09-24 11:52:55.215094+00:00
-25.7058494,28.1481937,DASPOORT,DASSIE STREET,TSH,79900001,https://powerfailure.tshwane.gov.za/Tshwanesms/Map.aspx,"-25.7058,28.1482|DASPOORT#0",2026-09-23 15:54:26.696532+00:00,2026-09-24 04:56:34.817108+00:00,19.97,2026-09-24 11:52:55.215094+00:00
-25.7086513,28.1479713,DASPOORT,FRIEDA STREET,TSH,79900001,https://powerfailure.tshwane.gov.za/Tshwanesms/Map.aspx,"-25.7087,28.1480|DASPOORT#0",2026-09-23 15:54:26.696532+00:00,2026-09-24 04:56:34.817108+00:00,19.97,2026-09-24 11:52:55.215094+00:00
-25.7100483,28.1458842,DASPOORT,DORP STREET,TSH,79900001,https://powerfailure.tshwane.gov.za/Tshwanesms/Map.aspx,"-25.7100,28.1459|DASPOORT#0",2026-09-23 15:54:26.696532+00:00,2026-09-24 04:56:34.817108+00:00,19.97,2026-09-24 11:52:55.215094+00:00
-25.7097673,28.1459307,DASPOORT,DORP STREET,TSH,79900001,https://powerfailure.tshwane.gov.za/Tshwanesms/Map.aspx,"-25.7098,28.1459|DASPOORT#0",2026-09-23 15:54:26.696532+00:00,2026-09-24 04:56:34.817108+00:00,19.97,2026-09-24 11:52:55.215094+00:00
-25.7114145,28.1446268,DASPOORT,TALJAARD STREET,TSH,79900001,https://powerfailure.tshwane.gov.za/Tshwanesms/Map.aspx,"-25.7114,28.1446|DASPOORT#0",2026-09-23 15:54:26.696532+00:00,2026-09-24 04:56:34.817108+00:00,19.97,2026-09-24 11:52:55.215094+00:00
-25.7131258,28.1563452,DASPOORT,TALJAARD STREET,TSH,79900001,https://powerfailure.tshwane.gov.za/Tshwanesms/Map.aspx,"-25.7131,28.1563|DASPOORT#0",2026-09-23 15:54:26.696532+00:00,2026-09-24 04:56:34.817108+00:00,19.97,2026-09-24 11:52:55.215094+00:00
-25.7141889,28.1553194,DASPOORT,VAN RIEBEEK ROAD,TSH,79900001,https://powerfailure.tshwane.gov.za/Tshwanesms/Map.aspx,"-25.7142,28.1553|DASPOORT#0",2026-09-23 15:54:26.696532+00:00,2026-09-24 04:56:34.817108+00:00,19.97,2026-09-24 11:52:55.215094+00:00
-25.7147566,28.1501999,DASPOORT,JENNINGS STREET,TSH,79900001,https://powerfailure.tshwane.gov.za/Tshwanesms/Map.aspx,"-25.7148,28.1502|DASPOORT#0",2026-09-23 15:54:26.696532+00:00,2026-09-24 04:56:34.817108+00:00,19.97,2026-09-24 11:52:55.215094+00:00
-25.7148725,28.1548377,DASPOORT,VAN RIEBEEK ROAD,TSH,79900001,https://powerfailure.tshwane.gov.za/Tshwanesms/Map.aspx,"-25.7149,28.1548|DASPOORT#0",2026-09-23 15:54:26.696532+00:00,2026-09-24 04:56:34.817108+00:00,19.97,2026-09-24 11:52:55.215094+00:00
-25.7158494,28.1480783,DASPOORT,MONTAGU STREET,TSH,79900001,https://powerfailure.tshwane.gov.za/Tshwanesms/Map.aspx,"-25.7158,28.1481|DASPOORT#0",2026-09-23 15:54:26.696532+00:00,2026-09-24 04:56:34.817108+00:00,19.97,2026-09-24 11:52:55.215094+00:00
-25.7160018,28.1437075,DASPOORT,MONTAGU STREET,TSH,79900001,https://powerfailure.tshwane.gov.za/Tshwanesms/Map.aspx,"-25.7160,28.1437|DASPOORT#0",2026-09-23 15:54:26.696532+00:00,2026-09-24 04:56:34.817108+00:00,19.97,2026-09-24 11:52:55.215094+00:00
-25.7162474,28.1446827,DASPOORT,MONTAGU STREET,TSH,79900001,https://powerfailure.tshwane.gov.za/Tshwanesms/Map.aspx,"-25.7162,28.1447|DASPOORT#0",2026-09-23 15:54:26.696532+00:00,2026-09-24 04:56:34.817108+00:00,19.97,2026-09-24 11:52:55.215094+00:00
-25.7165696,28.1478796,DASPOORT,MONTAGU STREET,TSH,79900001,https://powerfailure.tshwane.gov.za/Tshwanesms/Map.aspx,"-25.7166,28.1479|DASPOORT#0",2026-09-23 15:54:26.696532+00:00,2026-09-24 04:56:34.817108+00:00,19.97,2026-09-24 11:52:55.215094+00:00
-25.7123989,28.1616836,DASPOORT,HERMAN STREET,TSH,79900001,https://powerfailure.tshwane.gov.za/Tshwanesms/Map.aspx,"-25.7124,28.1617|DASPOORT#0",2026-09-23 15:54:26.696532+00:00,2026-09-24 04:56:34.817108+00:00,19.97,2026-09-24 11:52:55.215094+00:00
-25.5078809,28.1102242,SOSHANGUVE-G,STAND 363,TSH,79900033,https://powerfailure.tshwane.gov.za/Tshwanesms/Map.aspx,"-25.5079,28.1102|SOSHANGUVE-G#0",2026-09-23 21:32:43.518437+00:00,2026-09-24 04:56:34.817108+00:00,14.34,2026-09-24 11:52:55.215094+00:00
-25.5082285,28.1142483,SOSHANGUVE-G,STAND 1071,TSH,79900033,https://powerfailure.tshwane.gov.za/Tshwanesms/Map.aspx,"-25.5082,28.1142|SOSHANGUVE-G#0",2026-09-23 21:32:43.518437+00:00,2026-09-24 04:56:34.817108+00:00,14.34,2026-09-24 11:52:55.215094+00:00
-25.7073699,28.1552794,DASPOORT ESTATE,KEYTER STREET,TSH,79900001,https://powerfailure.tshwane.gov.za/Tshwanesms/Map.aspx,"-25.7074,28.1553|DASPOORT ESTATE#0",2026-09-23 15:54:26.696532+00:00,2026-09-24 04:56:34.817108+00:00,19.97,2026-09-24 11:52:55.215094+00:00
-25.7076468,28.1543722,DASPOORT ESTATE,HENRY NOURSE STREET,TSH,79900001,https://powerfailure.tshwane.gov.za/Tshwanesms/Map.aspx,"-25.7076,28.1544|DASPOORT ESTATE#0",2026-09-23 15:54:26.696532+00:00,2026-09-24 04:56:34.817108+00:00,19.97,2026-09-24 11:52:55.215094+00:00
-25.7078871,28.1552751,DASPOORT ESTATE,KEYTER STREET,TSH,79900001,https://powerfailure.tshwane.gov.za/Tshwanesms/Map.aspx,"-25.7079,28.1553|DASPOORT ESTATE#0",2026-09-23 15:54:26.696532+00:00,2026-09-24 04:56:34.817108+00:00,19.97,2026-09-24 11:52:55.215094+00:00
-25.7081474,28.1562532,DASPOORT ESTATE,HENRY NOURSE STREET,TSH,79900001,https://powerfailure.tshwane.gov.za/Tshwanesms/Map.aspx,"-25.7081,28.1563|DASPOORT ESTATE#0",2026-09-23 15:54:26.696532+00:00,2026-09-24 04:56:34.817108+00:00,19.97,2026-09-24 11:52:55.215094+00:00
-25.7084558,28.1543441,DASPOORT ESTATE,WOLFAARDT AVENUE,TSH,79900001,https://powerfailure.tshwane.gov.za/Tshwanesms/Map.aspx,"-25.7085,28.1543|DASPOORT ESTATE#0",2026-09-23 15:54:26.696532+00:00,2026-09-24 04:56:34.817108+00:00,19.97,2026-09-24 11:52:55.215094+00:00
-25.708773,28.1519315,DASPOORT ESTATE,FRIEDA STREET,TSH,79900001,https://powerfailure.tshwane.gov.za/Tshwanesms/Map.aspx,"-25.7088,28.1519|DASPOORT ESTATE#0",2026-09-23 15:54:26.696532+00:00,2026-09-24 04:56:34.817108+00:00,19.97,2026-09-24 11:52:55.215094+00:00
-25.7081198,28.1505528,DASPOORT ESTATE,FERDINAND STREET,TSH,79900001,https://powerfailure.tshwane.gov.za/Tshwanesms/Map.aspx,"-25.7081,28.1506|DASPOORT ESTATE#0",2026-09-23 15:54:26.696532+00:00,2026-09-24 04:56:34.817108+00:00,19.97,2026-09-24 11:52:55.215094+00:00
-25.7071781,28.1509862,DASPOORT ESTATE,HENRY NOURSE STREET,TSH,79900001,https://powerfailure.tshwane.gov.za/Tshwanesms/Map.aspx,"-25.7072,28.1510|DASPOORT ESTATE#0",2026-09-23 15:54:26.696532+00:00,2026-09-24 04:56:34.817108+00:00,19.97,2026-09-24 11:52:55.215094+00:00
-25.7211293,28.1691883,DASPOORT 319-JR,HAARLEM STREET,TSH,79900001,https://powerfailure.tshwane.gov.za/Tshwanesms/Map.aspx,"-25.7211,28.1692|DASPOORT 319-JR#0",2026-09-23 15:54:26.696532+00:00,2026-09-24 04:56:34.817108+00:00,19.97,2026-09-24 11:52:55.215094+00:00
-25.5394085,28.1084901,SOSHANGUVE-L,STAND 3392,TSH,79900035,https://powerfailure.tshwane.gov.za/Tshwanesms/Map.aspx,"-25.5394,28.1085|SOSHANGUVE-L#0",2026-09-23 16:33:48.984417+00:00,2026-09-24 04:56:34.817108+00:00,19.32,2026-09-24 11:52:55.215094+00:00
-25.7215247,28.1587393,HERMANSTAD,BOHLMANN STREET,TSH,79900001,https://powerfailure.tshwane.gov.za/Tshwanesms/Map.aspx,"-25.7215,28.1587|HERMANSTAD#0",2026-09-23 15:54:26.696532+00:00,2026-09-24 04:56:34.817108+00:00,19.97,2026-09-24 11:52:55.215094+00:00
-25.7213204,28.1615982,HERMANSTAD,SLEGTKAMP STREET,TSH,79900001,https://powerfailure.tshwane.gov.za/Tshwanesms/Map.aspx,"-25.7213,28.1616|HERMANSTAD#0",2026-09-23 15:54:26.696532+00:00,2026-09-24 04:56:34.817108+00:00,19.97,2026-09-24 11:52:55.215094+00:00
-25.7231551,28.163674,HERMANSTAD,CHARTER PLACE,TSH,79900001,https://powerfailure.tshwane.gov.za/Tshwanesms/Map.aspx,"-25.7232,28.1637|HERMANSTAD#0",2026-09-23 15:54:26.696532+00:00,2026-09-24 04:56:34.817108+00:00,19.97,2026-09-24 11:52:55.215094+00:00
-25.7227103,28.1645145,HERMANSTAD,BOSCH STREET,TSH,79900001,https://powerfailure.tshwane.gov.za/Tshwanesms/Map.aspx,"-25.7227,28.1645|HERMANSTAD#0",2026-09-23 15:54:26.696532+00:00,2026-09-24 04:56:34.817108+00:00,19.97,2026-09-24 11:52:55.215094+00:00
-25.7214509,28.1632941,HERMANSTAD,SLEGTKAMP STREET,TSH,79900001,https://powerfailure.tshwane.gov.za/Tshwanesms/Map.aspx,"-25.7215,28.1633|HERMANSTAD#0",2026-09-23 15:54:26.696532+00:00,2026-09-24 04:56:34.817108+00:00,19.97,2026-09-24 11:52:55.215094+00:00
-25.8464286,28.2063469,LYTTELTON MANOR X03,BERYL AVENUE,TSH,79900057,https://powerfailure.tshwane.gov.za/Tshwanesms/Map.aspx,"-25.8464,28.2063|LYTTELTON MANOR X03#0",2026-09-23 15:54:26.696532+00:00,2026-09-24 04:56:34.817108+00:00,19.97,2026-09-24 11:52:55.215094+00:00
-25.8422427,28.2101011,LYTTELTON MANOR X03,OPAAL ROAD,TSH,79900057,https://powerfailure.tshwane.gov.za/Tshwanesms/Map.aspx,"-25.8422,28.2101|LYTTELTON MANOR X03#0",2026-09-23 15:54:26.696532+00:00,2026-09-24 04:56:34.817108+00:00,19.97,2026-09-24 11:52:55.215094+00:00
-25.8470345,28.2121252,LYTTELTON MANOR,JASPER AVENUE,TSH,79900057,https://powerfailure.tshwane.gov.za/Tshwanesms/Map.aspx,"-25.8470,28.2121|LYTTELTON MANOR#0",2026-09-23 15:54:26.696532+00:00,2026-09-24 04:56:34.817108+00:00,19.97,2026-09-24 11:52:55.215094+00:00
-25.8483143,28.2109035,LYTTELTON MANOR X03,TURKOOIS ROAD,TSH,79900057,https://powerfailure.tshwane.gov.za/Tshwanesms/Map.aspx,"-25.8483,28.2109|LYTTELTON MANOR X03#0",2026-09-23 15:54:26.696532+00:00,2026-09-24 04:56:34.817108+00:00,19.97,2026-09-24 11:52:55.215094+00:00
-25.8492347,28.2148354,LYTTELTON MANOR,GOLD CIRCLE,TSH,79900057,https://powerfailure.tshwane.gov.za/Tshwanesms/Map.aspx,"-25.8492,28.2148|LYTTELTON MANOR#1",2026-09-23 15:54:26.696532+00:00,2026-09-24 04:56:34.817108+00:00,19.97,2026-09-24 11:52:55.215094+00:00
-25.8496012,28.2133954,LYTTELTON MANOR X11,LIMPOPO AVENUE,TSH,79900057,https://powerfailure.tshwane.gov.za/Tshwanesms/Map.aspx,"-25.8496,28.2134|LYTTELTON MANOR X11#1",2026-09-23 15:54:26.696532+00:00,2026-09-24 04:56:34.817108+00:00,19.97,2026-09-24 11:52:55.215094+00:00
-25.707738,28.1906603,MAYVILLE,FRED NICHOLSON STREET,TSH,79900054,https://powerfailure.tshwane.gov.za/Tshwanesms/Map.aspx,"-25.7077,28.1907|MAYVILLE#0",2026-09-23 15:54:26.696532+00:00,2026-09-24 04:56:34.817108+00:00,19.97,2026-09-24 11:52:55.215094+00:00
-25.7395764,28.239204,COLBYN,AMOS STREET,TSH,79900092,https://powerfailure.tshwane.gov.za/Tshwanesms/Map.aspx,"-25.7396,28.2392|COLBYN#0",2026-09-23 15:54:26.696532+00:00,2026-09-24 04:56:34.817108+00:00,19.97,2026-09-24 11:52:55.215094+00:00
-25.7399087,28.2410356,COLBYN,TAIT STREET,TSH,79900092,https://powerfailure.tshwane.gov.za/Tshwanesms/Map.aspx,"-25.7399,28.2410|COLBYN#0",2026-09-23 15:54:26.696532+00:00,2026-09-24 04:56:34.817108+00:00,19.97,2026-09-24 11:52:55.215094+00:00
-25.7164075,28.2553357,QUEENSWOOD X02,LAWRANCE STREET,TSH,79900084,https://powerfailure.tshwane.gov.za/Tshwanesms/Map.aspx,"-25.7164,28.2553|QUEENSWOOD X02#0",2026-09-23 15:54:26.696532+00:00,2026-09-24 04:56:34.817108+00:00,19.97,2026-09-24 11:52:55.215094+00:00
-25.5030776,28.0967044,SOSHANGUVE-AA,STAND 1202,TSH,79900033,https://powerfailure.tshwane.gov.za/Tshwanesms/Map.aspx,"-25.5031,28.0967|SOSHANGUVE-AA#0",2026-09-23 21:32:43.518437+00:00,2026-09-24 04:56:34.817108+00:00,14.34,2026-09-24 11:52:55.215094+00:00
-25.7833204,28.0990724,LAUDIUM X02,BENGAL STREET,TSH,79900061,https://powerfailure.tshwane.gov.za/Tshwanesms/Map.aspx,"-25.7833,28.0991|LAUDIUM X02#0",2026-09-23 15:54:26.696532+00:00,2026-09-24 04:56:34.817108+00:00,19.97,2026-09-24 11:52:55.215094+00:00
-25.7296274,28.2229165,RIETONDALE,LYS STREET,TSH,79900084,https://powerfailure.tshwane.gov.za/Tshwanesms/Map.aspx,"-25.7296,28.2229|RIETONDALE#0",2026-09-23 15:54:26.696532+00:00,2026-09-24 04:56:34.817108+00:00,19.97,2026-09-24 11:52:55.215094+00:00
-25.7536194,28.2052506,SUNNYSIDE,KOTZE STREET,TSH,79900081,https://powerfailure.tshwane.gov.za/Tshwanesms/Map.aspx,"-25.7536,28.2053|SUNNYSIDE#1",2026-09-23 15:54:26.696532+00:00,2026-09-24 04:56:34.817108+00:00,19.97,2026-09-24 11:52:55.215094+00:00
-25.8584939,28.2113668,DORINGKLOOF,MALUTI AVENUE,TSH,79900078,https://powerfailure.tshwane.gov.za/Tshwanesms/Map.aspx,"-25.8585,28.2114|DORINGKLOOF#0",2026-09-23 15:54:26.696532+00:00,2026-09-24 04:56:34.817108+00:00,19.97,2026-09-24 11:52:55.215094+00:00
-25.8591958,28.211411,DORINGKLOOF,OUTENIQUA AVENUE,TSH,79900078,https://powerfailure.tshwane.gov.za/Tshwanesms/Map.aspx,"-25.8592,28.2114|DORINGKLOOF#0",2026-09-23 15:54:26.696532+00:00,2026-09-24 04:56:34.817108+00:00,19.97,2026-09-24 11:52:55.215094+00:00
-25.8596664,28.2129424,DORINGKLOOF,KORANNA AVENUE,TSH,79900078,https://powerfailure.tshwane.gov.za/Tshwanesms/Map.aspx,"-25.8597,28.2129|DORINGKLOOF#0",2026-09-23 15:54:26.696532+00:00,2026-09-24 04:56:34.817108+00:00,19.97,2026-09-24 11:52:55.215094+00:00
-25.8597009,28.2127009,DORINGKLOOF,KORANNA AVENUE,TSH,79900078,https://powerfailure.tshwane.gov.za/Tshwanesms/Map.aspx,"-25.8597,28.2127|DORINGKLOOF#0",2026-09-23 15:54:26.696532+00:00,2026-09-24 04:56:34.817108+00:00,19.97,2026-09-24 11:52:55.215094+00:00
-25.8566905,28.2163385,DORINGKLOOF,PROTEA STREET,TSH,79900078,https://powerfailure.tshwane.gov.za/Tshwanesms/Map.aspx,"-25.8567,28.2163|DORINGKLOOF#0",2026-09-23 15:54:26.696532+00:00,2026-09-24 04:56:34.817108+00:00,19.97,2026-09-24 11:52:55.215094+00:00
-25.9006552,28.2501909,DOORNKLOOF 391-JR,GOEDE HOOP ROAD,TSH,79900065,https://powerfailure.tshwane.gov.za/Tshwanesms/Map.aspx,"-25.9007,28.2502|DOORNKLOOF 391-JR#0",2026-09-23 15:54:26.696532+00:00,2026-09-24 04:56:34.817108+00:00,19.97,2026-09-24 11:52:55.215094+00:00
-25.7183278,28.1440311,PRETORIA GARDENS,BORNMAN STREET,TSH,79900055,https://powerfailure.tshwane.gov.za/Tshwanesms/Map.aspx,"-25.7183,28.1440|PRETORIA GARDENS#0",2026-09-23 15:54:26.696532+00:00,2026-09-24 04:56:34.817108+00:00,19.97,2026-09-24 11:52:55.215094+00:00
-25.7197168,28.1477718,PRETORIA GARDENS,SANNIE ST,TSH,79900055,https://powerfailure.tshwane.gov.za/Tshwanesms/Map.aspx,"-25.7197,28.1478|PRETORIA GARDENS#0",2026-09-23 15:54:26.696532+00:00,2026-09-24 04:56:34.817108+00:00,19.97,2026-09-24 11:52:55.215094+00:00
-25.7200201,28.150984,PRETORIA GARDENS,CENTRE STREET,TSH,79900001,https://powerfailure.tshwane.gov.za/Tshwanesms/Map.aspx,"-25.7200,28.1510|PRETORIA GARDENS#0",2026-09-23 15:54:26.696532+00:00,2026-09-24 04:56:34.817108+00:00,19.97,2026-09-24 11:52:55.215094+00:00
-25.7216713,28.149173,PRETORIA GARDENS,HANNY STREET,TSH,79900001,https://powerfailure.tshwane.gov.za/Tshwanesms/Map.aspx,"-25.7217,28.1492|PRETORIA GARDENS#0",2026-09-23 15:54:26.696532+00:00,2026-09-24 04:56:34.817108+00:00,19.97,2026-09-24 11:52:55.215094+00:00
-25.721943,28.14142,PRETORIA GARDENS,SCHURMANNS AVENUE,TSH,79900055,https://powerfailure.tshwane.gov.za/Tshwanesms/Map.aspx,"-25.7219,28.1414|PRETORIA GARDENS#0",2026-09-23 15:54:26.696532+00:00,2026-09-24 04:56:34.817108+00:00,19.97,2026-09-24 11:52:55.215094+00:00
-25.7220693,28.1434135,PRETORIA GARDENS,BORNMAN STREET,TSH,79900055,https://powerfailure.tshwane.gov.za/Tshwanesms/Map.aspx,"-25.7221,28.1434|PRETORIA GARDENS#0",2026-09-23 15:54:26.696532+00:00,2026-09-24 04:56:34.817108+00:00,19.97,2026-09-24 11:52:55.215094+00:00
-25.7226586,28.1520077,PRETORIA GARDENS,HANNY STREET,TSH,79900001,https://powerfailure.tshwane.gov.za/Tshwanesms/Map.aspx,"-25.7227,28.1520|PRETORIA GARDENS#0",2026-09-23 15:54:26.696532+00:00,2026-09-24 04:56:34.817108+00:00,19.97,2026-09-24 11:52:55.215094+00:00
-25.7235018,28.1518686,PRETORIA GARDENS,SCHURMANNS AVENUE,TSH,79900001,https://powerfailure.tshwane.gov.za/Tshwanesms/Map.aspx,"-25.7235,28.1519|PRETORIA GARDENS#0",2026-09-23 15:54:26.696532+00:00,2026-09-24 04:56:34.817108+00:00,19.97,2026-09-24 11:52:55.215094+00:00
-25.7236486,28.1540172,PRETORIA GARDENS,SCHURMANNS AVENUE,TSH,79900001,https://powerfailure.tshwane.gov.za/Tshwanesms/Map.aspx,"-25.7236,28.1540|PRETORIA GARDENS#0",2026-09-23 15:54:26.696532+00:00,2026-09-24 04:56:34.817108+00:00,19.97,2026-09-24 11:52:55.215094+00:00
-25.7236767,28.1543289,PRETORIA GARDENS,SCHURMANNS AVENUE,TSH,79900001,https://powerfailure.tshwane.gov.za/Tshwanesms/Map.aspx,"-25.7237,28.1543|PRETORIA GARDENS#0",2026-09-23 15:54:26.696532+00:00,2026-09-24 04:56:34.817108+00:00,19.97,2026-09-24 11:52:55.215094+00:00
-25.7237255,28.1482035,PRETORIA GARDENS,SCHURMANNS AVENUE,TSH,79900055,https://powerfailure.tshwane.gov.za/Tshwanesms/Map.aspx,"-25.7237,28.1482|PRETORIA GARDENS#0",2026-09-23 15:54:26.696532+00:00,2026-09-24 04:56:34.817108+00:00,19.97,2026-09-24 11:52:55.215094+00:00
-25.7252209,28.1592614,PRETORIA GARDENS,SCHURMANNS AVENUE,TSH,79900001,https://powerfailure.tshwane.gov.za/Tshwanesms/Map.aspx,"-25.7252,28.1593|PRETORIA GARDENS#0",2026-09-23 15:54:26.696532+00:00,2026-09-24 04:56:34.817108+00:00,19.97,2026-09-24 11:52:55.215094+00:00
-25.7245385,28.1443532,PRETORIA GARDENS,WEIR STREET,TSH,79900055,https://powerfailure.tshwane.gov.za/Tshwanesms/Map.aspx,"-25.7245,28.1444|PRETORIA GARDENS#0",2026-09-23 15:54:26.696532+00:00,2026-09-24 04:56:34.817108+00:00,19.97,2026-09-24 11:52:55.215094+00:00
-25.7254062,28.1476842,PRETORIA GARDENS,GUSTAV ADOLF STREET,TSH,79900055,https://powerfailure.tshwane.gov.za/Tshwanesms/Map.aspx,"-25.7254,28.1477|PRETORIA GARDENS#0",2026-09-23 15:54:26.696532+00:00,2026-09-24 04:56:34.817108+00:00,19.97,2026-09-24 11:52:55.215094+00:00
-25.7259687,28.1540346,PRETORIA GARDENS,WEIR STREET,TSH,79900001,https://powerfailure.tshwane.gov.za/Tshwanesms/Map.aspx,"-25.7260,28.1540|PRETORIA GARDENS#0",2026-09-23 15:54:26.696532+00:00,2026-09-24 04:56:34.817108+00:00,19.97,2026-09-24 11:52:55.215094+00:00
-25.7261001,28.1559919,PRETORIA GARDENS,WEIR STREET,TSH,79900001,https://powerfailure.tshwane.gov.za/Tshwanesms/Map.aspx,"-25.7261,28.1560|PRETORIA GARDENS#0",2026-09-23 15:54:26.696532+00:00,2026-09-24 04:56:34.817108+00:00,19.97,2026-09-24 11:52:55.215094+00:00
-25.7265208,28.1502468,PRETORIA GARDENS,LOUISE STREET,TSH,79900001,https://powerfailure.tshwane.gov.za/Tshwanesms/Map.aspx,"-25.7265,28.1502|PRETORIA GARDENS#0",2026-09-23 15:54:26.696532+00:00,2026-09-24 04:56:34.817108+00:00,19.97,2026-09-24 11:52:55.215094+00:00
-25.7230618,28.1544769,PRETORIA GARDENS X02,HANNY STREET,TSH,79900001,https://powerfailure.tshwane.gov.za/Tshwanesms/Map.aspx,"-25.7231,28.1545|PRETORIA GARDENS X02#0",2026-09-23 15:54:26.696532+00:00,2026-09-24 04:56:34.817108+00:00,19.97,2026-09-24 11:52:55.215094+00:00
-25.7234012,28.1550684,PRETORIA GARDENS X02,HANNY STREET,TSH,79900001,https://powerfailure.tshwane.gov.za/Tshwanesms/Map.aspx,"-25.7234,28.1551|PRETORIA GARDENS X02#0",2026-09-23 15:54:26.696532+00:00,2026-09-24 04:56:34.817108+00:00,19.97,2026-09-24 11:52:55.215094+00:00
-25.7271782,28.1507637,PRETORIA GARDENS,LOUISE STREET,TSH,79900001,https://powerfailure.tshwane.gov.za/Tshwanesms/Map.aspx,"-25.7272,28.1508|PRETORIA GARDENS#0",2026-09-23 15:54:26.696532+00:00,2026-09-24 04:56:34.817108+00:00,19.97,2026-09-24 11:52:55.215094+00:00
-25.7020514,28.2365246,VILLIERIA,30TH AVENUE,TSH,79900052,https://powerfailure.tshwane.gov.za/Tshwanesms/Map.aspx,"-25.7021,28.2365|VILLIERIA#0",2026-09-23 15:54:26.696532+00:00,2026-09-24 04:56:34.817108+00:00,19.97,2026-09-24 11:52:55.215094+00:00
-25.8457137,28.2005395,DIE HOEWES X31,WEEROMKEER NOOK,TSH,79900057,https://powerfailure.tshwane.gov.za/Tshwanesms/Map.aspx,"-25.8457,28.2005|DIE HOEWES X31#0",2026-09-23 15:54:26.696532+00:00,2026-09-24 04:56:34.817108+00:00,19.97,2026-09-24 11:52:55.215094+00:00
-25.8603427,28.2000331,DORINGKLOOF,LEONIE STREET,TSH,79900078,https://powerfailure.tshwane.gov.za/Tshwanesms/Map.aspx,"-25.8603,28.2000|DORINGKLOOF#0",2026-09-23 15:54:26.696532+00:00,2026-09-24 04:56:34.817108+00:00,19.97,2026-09-24 11:52:55.215094+00:00
-25.8583329,28.2031929,DORINGKLOOF,SONJA STREET,TSH,79900078,https://powerfailure.tshwane.gov.za/Tshwanesms/Map.aspx,"-25.8583,28.2032|DORINGKLOOF#0",2026-09-23 15:54:26.696532+00:00,2026-09-24 04:56:34.817108+00:00,19.97,2026-09-24 11:52:55.215094+00:00
-25.8552527,28.2077433,DORINGKLOOF,SONJA STREET,TSH,79900078,https://powerfailure.tshwane.gov.za/Tshwanesms/Map.aspx,"-25.8553,28.2077|DORINGKLOOF#0",2026-09-23 15:54:26.696532+00:00,2026-09-24 04:56:34.817108+00:00,19.97,2026-09-24 11:52:55.215094+00:00
-25.8551106,28.2070031,DORINGKLOOF,SONJA STREET,TSH,79900078,https://powerfailure.tshwane.gov.za/Tshwanesms/Map.aspx,"-25.8551,28.2070|DORINGKLOOF#0",2026-09-23 15:54:26.696532+00:00,2026-09-24 04:56:34.817108+00:00,19.97,2026-09-24 11:52:55.215094+00:00
-25.8525203,28.2077007,DORINGKLOOF,SWARTHOUT STREET,TSH,79900078,https://powerfailure.tshwane.gov.za/Tshwanesms/Map.aspx,"-25.8525,28.2077|DORINGKLOOF#0",2026-09-23 15:54:26.696532+00:00,2026-09-24 04:56:34.817108+00:00,19.97,2026-09-24 11:52:55.215094+00:00
-25.8530521,28.2086225,DORINGKLOOF,GLOVER AVENUE,TSH,79900078,https://powerfailure.tshwane.gov.za/Tshwanesms/Map.aspx,"-25.8531,28.2086|DORINGKLOOF#0",2026-09-23 15:54:26.696532+00:00,2026-09-24 04:56:34.817108+00:00,19.97,2026-09-24 11:52:55.215094+00:00
-25.8514052,28.2077031,DORINGKLOOF,GLOVER AVENUE,TSH,79900078,https://powerfailure.tshwane.gov.za/Tshwanesms/Map.aspx,"-25.8514,28.2077|DORINGKLOOF#0",2026-09-23 15:54:26.696532+00:00,2026-09-24 04:56:34.817108+00:00,19.97,2026-09-24 11:52:55.215094+00:00
-25.8522411,28.2110283,DORINGKLOOF,OLIFANTS AVENUE,TSH,79900078,https://powerfailure.tshwane.gov.za/Tshwanesms/Map.aspx,"-25.8522,28.2110|DORINGKLOOF#0",2026-09-23 15:54:26.696532+00:00,2026-09-24 04:56:34.817108+00:00,19.97,2026-09-24 11:52:55.215094+00:00
-25.8517135,28.2119724,DORINGKLOOF,MOLOPO AVENUE,TSH,79900078,https://powerfailure.tshwane.gov.za/Tshwanesms/Map.aspx,"-25.8517,28.2120|DORINGKLOOF#0",2026-09-23 15:54:26.696532+00:00,2026-09-24 04:56:34.817108+00:00,19.97,2026-09-24 11:52:55.215094+00:00
-25.8516182,28.2125821,DORINGKLOOF,MOLOPO AVENUE,TSH,79900078,https://powerfailure.tshwane.gov.za/Tshwanesms/Map.aspx,"-25.8516,28.2126|DORINGKLOOF#0",2026-09-23 15:54:26.696532+00:00,2026-09-24 04:56:34.817108+00:00,19.97,2026-09-24 11:52:55.215094+00:00
-25.8523194,28.2136461,DORINGKLOOF,JASPER AVENUE,TSH,79900078,https://powerfailure.tshwane.gov.za/Tshwanesms/Map.aspx,"-25.8523,28.2136|DORINGKLOOF#0",2026-09-23 15:54:26.696532+00:00,2026-09-24 04:56:34.817108+00:00,19.97,2026-09-24 11:52:55.215094+00:00
-25.8550709,28.2140538,DORINGKLOOF,SONJA STREET,TSH,79900078,https://powerfailure.tshwane.gov.za/Tshwanesms/Map.aspx,"-25.8551,28.2141|DORINGKLOOF#0",2026-09-23 15:54:26.696532+00:00,2026-09-24 04:56:34.817108+00:00,19.97,2026-09-24 11:52:55.215094+00:00
-25.8550457,28.2098489,DORINGKLOOF,GLOVER AVENUE,TSH,79900078,https://powerfailure.tshwane.gov.za/Tshwanesms/Map.aspx,"-25.8550,28.2098|DORINGKLOOF#0",2026-09-23 15:54:26.696532+00:00,2026-09-24 04:56:34.817108+00:00,19.97,2026-09-24 11:52:55.215094+00:00
-25.8771507,28.1546893,ROOIHUISKRAAL NOORD,KITE PLACE,TSH,79900069,https://powerfailure.tshwane.gov.za/Tshwanesms/Map.aspx,"-25.8772,28.1547|ROOIHUISKRAAL NOORD#0",2026-09-23 15:54:26.696532+00:00,2026-09-24 04:56:34.817108+00:00,19.97,2026-09-24 11:52:55.215094+00:00
-25.8792619,28.1553038,ROOIHUISKRAAL NOORD,NICATOR DRIVE,TSH,79900069,https://powerfailure.tshwane.gov.za/Tshwanesms/Map.aspx,"-25.8793,28.1553|ROOIHUISKRAAL NOORD#0",2026-09-23 15:54:26.696532+00:00,2026-09-24 04:56:34.817108+00:00,19.97,2026-09-24 11:52:55.215094+00:00
-25.8794819,28.153033,ROOIHUISKRAAL NOORD X16,SWIFT STREET,TSH,79900069,https://powerfailure.tshwane.gov.za/Tshwanesms/Map.aspx,"-25.8795,28.1530|ROOIHUISKRAAL NOORD X16#0",2026-09-23 15:54:26.696532+00:00,2026-09-24 04:56:34.817108+00:00,19.97,2026-09-24 11:52:55.215094+00:00
-25.8794819,28.153033,ROOIHUISKRAAL NOORD X16,SWIFT STREET,TSH,79900069,https://powerfailure.tshwane.gov.za/Tshwanesms/Map.aspx,"-25.8795,28.1530|ROOIHUISKRAAL NOORD X16#1",2026-09-23 15:54:26.696532+00:00,2026-09-24 04:56:34.817108+00:00,19.97,2026-09-24 11:52:55.215094+00:00
-25.8759869,28.136488,ROOIHUISKRAAL NOORD X17,TAWNY EAGLE STREET,TSH,79900048,https://powerfailure.tshwane.gov.za/Tshwanesms/Map.aspx,"-25.8760,28.1365|ROOIHUISKRAAL NOORD X17#0",2026-09-23 15:54:26.696532+00:00,2026-09-24 04:56:34.817108+00:00,19.97,2026-09-24 11:52:55.215094+00:00
-25.8776069,28.131118,ROOIHUISKRAAL NOORD X18,WAHLBERG EAGLE STREET,TSH,79900048,https://powerfailure.tshwane.gov.za/Tshwanesms/Map.aspx,"-25.8776,28.1311|ROOIHUISKRAAL NOORD X18#0",2026-09-23 15:54:26.696532+00:00,2026-09-24 04:56:34.817108+00:00,19.97,2026-09-24 11:52:55.215094+00:00
-25.8764971,28.131629,ROOIHUISKRAAL NOORD X18,OSPREY STREET,TSH,79900048,https://powerfailure.tshwane.gov.za/Tshwanesms/Map.aspx,"-25.8765,28.1316|ROOIHUISKRAAL NOORD X18#0",2026-09-23 15:54:26.696532+00:00,2026-09-24 04:56:34.817108+00:00,19.97,2026-09-24 11:52:55.215094+00:00
-25.8732407,28.1349539,ROOIHUISKRAAL NOORD X19,PLAZA MAYOR PLACE,TSH,79900048,https://powerfailure.tshwane.gov.za/Tshwanesms/Map.aspx,"-25.8732,28.1350|ROOIHUISKRAAL NOORD X19#0",2026-09-23 15:54:26.696532+00:00,2026-09-24 04:56:34.817108+00:00,19.97,2026-09-24 11:52:55.215094+00:00
-25.7535149,28.1992346,SUNNYSIDE,PLAIN STREEET,TSH,79900081,https://powerfailure.tshwane.gov.za/Tshwanesms/Map.aspx,"-25.7535,28.1992|SUNNYSIDE#0",2026-09-23 15:54:26.696532+00:00,2026-09-24 04:56:34.817108+00:00,19.97,2026-09-24 11:52:55.215094+00:00
-25.860055,28.2099677,DORINGKLOOF,OUTENIQUA AVENUE,TSH,79900078,https://powerfailure.tshwane.gov.za/Tshwanesms/Map.aspx,"-25.8601,28.2100|DORINGKLOOF#0",2026-09-23 15:54:26.696532+00:00,2026-09-24 04:56:34.817108+00:00,19.97,2026-09-24 11:52:55.215094+00:00
-25.8581051,28.2152788,DORINGKLOOF,ASTER AVENUE,TSH,79900078,https://powerfailure.tshwane.gov.za/Tshwanesms/Map.aspx,"-25.8581,28.2153|DORINGKLOOF#0",2026-09-23 15:54:26.696532+00:00,2026-09-24 04:56:34.817108+00:00,19.97,2026-09-24 11:52:55.215094+00:00
-25.8586262,28.2143699,DORINGKLOOF,ZAMBESI LANE,TSH,79900078,https://powerfailure.tshwane.gov.za/Tshwanesms/Map.aspx,"-25.8586,28.2144|DORINGKLOOF#0",2026-09-23 15:54:26.696532+00:00,2026-09-24 04:56:34.817108+00:00,19.97,2026-09-24 11:52:55.215094+00:00
-25.7197397,28.1446705,PRETORIA GARDENS,ERNEST STREET,TSH,79900055,https://powerfailure.tshwane.gov.za/Tshwanesms/Map.aspx,"-25.7197,28.1447|PRETORIA GARDENS#0",2026-09-23 15:54:26.696532+00:00,2026-09-24 04:56:34.817108+00:00,19.97,2026-09-24 11:52:55.215094+00:00
-25.72013,28.1420366,PRETORIA GARDENS,ERNEST STREET,TSH,79900055,https://powerfailure.tshwane.gov.za/Tshwanesms/Map.aspx,"-25.7201,28.1420|PRETORIA GARDENS#0",2026-09-23 15:54:26.696532+00:00,2026-09-24 04:56:34.817108+00:00,19.97,2026-09-24 11:52:55.215094+00:00
-25.7202871,28.1422203,PRETORIA GARDENS,ERNEST STREET,TSH,79900055,https://powerfailure.tshwane.gov.za/Tshwanesms/Map.aspx,"-25.7203,28.1422|PRETORIA GARDENS#0",2026-09-23 15:54:26.696532+00:00,2026-09-24 04:56:34.817108+00:00,19.97,2026-09-24 11:52:55.215094+00:00
-25.7227081,28.1481296,PRETORIA GARDENS,GUSTAV ADOLF STREET,TSH,79900055,https://powerfailure.tshwane.gov.za/Tshwanesms/Map.aspx,"-25.7227,28.1481|PRETORIA GARDENS#0",2026-09-23 15:54:26.696532+00:00,2026-09-24 04:56:34.817108+00:00,19.97,2026-09-24 11:52:55.215094+00:00
-25.7224966,28.1497505,PRETORIA GARDENS,HANNY STREET,TSH,79900055,https://powerfailure.tshwane.gov.za/Tshwanesms/Map.aspx,"-25.7225,28.1498|PRETORIA GARDENS#0",2026-09-23 15:54:26.696532+00:00,2026-09-24 04:56:34.817108+00:00,19.97,2026-09-24 11:52:55.215094+00:00
-25.724521,28.161143,PRETORIA GARDENS,VAN DER HOFF ROAD,TSH,79900001,https://powerfailure.tshwane.gov.za/Tshwanesms/Map.aspx,"-25.7245,28.1611|PRETORIA GARDENS#0",2026-09-23 15:54:26.696532+00:00,2026-09-24 04:56:34.817108+00:00,19.97,2026-09-24 11:52:55.215094+00:00
-25.7261211,28.156147,PRETORIA GARDENS,WEIR STREET,TSH,79900001,https://powerfailure.tshwane.gov.za/Tshwanesms/Map.aspx,"-25.7261,28.1561|PRETORIA GARDENS#0",2026-09-23 15:54:26.696532+00:00,2026-09-24 04:56:34.817108+00:00,19.97,2026-09-24 11:52:55.215094+00:00
-25.7267254,28.1574272,PRETORIA GARDENS,ELSA STREET,TSH,79900001,https://powerfailure.tshwane.gov.za/Tshwanesms/Map.aspx,"-25.7267,28.1574|PRETORIA GARDENS#0",2026-09-23 15:54:26.696532+00:00,2026-09-24 04:56:34.817108+00:00,19.97,2026-09-24 11:52:55.215094+00:00
-25.7264005,28.1442052,PRETORIA GARDENS,WILLIES HILL STREET,TSH,79900055,https://powerfailure.tshwane.gov.za/Tshwanesms/Map.aspx,"-25.7264,28.1442|PRETORIA GARDENS#0",2026-09-23 15:54:26.696532+00:00,2026-09-24 04:56:34.817108+00:00,19.97,2026-09-24 11:52:55.215094+00:00
-25.7262436,28.1463839,PRETORIA GARDENS,LOUISE STREET,TSH,79900055,https://powerfailure.tshwane.gov.za/Tshwanesms/Map.aspx,"-25.7262,28.1464|PRETORIA GARDENS#0",2026-09-23 15:54:26.696532+00:00,2026-09-24 04:56:34.817108+00:00,19.97,2026-09-24 11:52:55.215094+00:00
-25.7269897,28.1527997,PRETORIA GARDENS,LOUISE STREET,TSH,79900001,https://powerfailure.tshwane.gov.za/Tshwanesms/Map.aspx,"-25.7270,28.1528|PRETORIA GARDENS#0",2026-09-23 15:54:26.696532+00:00,2026-09-24 04:56:34.817108+00:00,19.97,2026-09-24 11:52:55.215094+00:00
-25.7276702,28.1578264,PRETORIA GARDENS,LOUISE STREET,TSH,79900001,https://powerfailure.tshwane.gov.za/Tshwanesms/Map.aspx,"-25.7277,28.1578|PRETORIA GARDENS#0",2026-09-23 15:54:26.696532+00:00,2026-09-24 04:56:34.817108+00:00,19.97,2026-09-24 11:52:55.215094+00:00
-25.7228846,28.1561609,PRETORIA GARDENS X02,POWELL STREET,TSH,79900001,https://powerfailure.tshwane.gov.za/Tshwanesms/Map.aspx,"-25.7229,28.1562|PRETORIA GARDENS X02#0",2026-09-23 15:54:26.696532+00:00,2026-09-24 04:56:34.817108+00:00,19.97,2026-09-24 11:52:55.215094+00:00
-25.7227601,28.1539727,PRETORIA GARDENS X02,HANNY STREET,TSH,79900001,https://powerfailure.tshwane.gov.za/Tshwanesms/Map.aspx,"-25.7228,28.1540|PRETORIA GARDENS X02#0",2026-09-23 15:54:26.696532+00:00,2026-09-24 04:56:34.817108+00:00,19.97,2026-09-24 11:52:55.215094+00:00
-25.7227299,28.1567311,PRETORIA GARDENS X02,POWELL STREET,TSH,79900001,https://powerfailure.tshwane.gov.za/Tshwanesms/Map.aspx,"-25.7227,28.1567|PRETORIA GARDENS X02#0",2026-09-23 15:54:26.696532+00:00,2026-09-24 04:56:34.817108+00:00,19.97,2026-09-24 11:52:55.215094+00:00
-25.8613808,28.2048001,DORINGKLOOF,ELIZABETH STREET,TSH,79900078,https://powerfailure.tshwane.gov.za/Tshwanesms/Map.aspx,"-25.8614,28.2048|DORINGKLOOF#0",2026-09-23 15:54:26.696532+00:00,2026-09-24 04:56:34.817108+00:00,19.97,2026-09-24 11:52:55.215094+00:00
-25.8518109,28.2070338,DORINGKLOOF,DEODAR STREET,TSH,79900078,https://powerfailure.tshwane.gov.za/Tshwanesms/Map.aspx,"-25.8518,28.2070|DORINGKLOOF#0",2026-09-23 15:54:26.696532+00:00,2026-09-24 04:56:34.817108+00:00,19.97,2026-09-24 11:52:55.215094+00:00
-25.8531195,28.2060333,DORINGKLOOF,DEODAR STREET,TSH,79900078,https://powerfailure.tshwane.gov.za/Tshwanesms/Map.aspx,"-25.8531,28.2060|DORINGKLOOF#0",2026-09-23 15:54:26.696532+00:00,2026-09-24 04:56:34.817108+00:00,19.97,2026-09-24 11:52:55.215094+00:00
-25.8512901,28.2090649,DORINGKLOOF,BASHEE AVENUE,TSH,79900078,https://powerfailure.tshwane.gov.za/Tshwanesms/Map.aspx,"-25.8513,28.2091|DORINGKLOOF#0",2026-09-23 15:54:26.696532+00:00,2026-09-24 04:56:34.817108+00:00,19.97,2026-09-24 11:52:55.215094+00:00
-25.8518933,28.2121196,DORINGKLOOF,MOLOPO AVENUE,TSH,79900078,https://powerfailure.tshwane.gov.za/Tshwanesms/Map.aspx,"-25.8519,28.2121|DORINGKLOOF#0",2026-09-23 15:54:26.696532+00:00,2026-09-24 04:56:34.817108+00:00,19.97,2026-09-24 11:52:55.215094+00:00
-25.8501632,28.2121342,DORINGKLOOF,JASPER AVENUE,TSH,79900078,https://powerfailure.tshwane.gov.za/Tshwanesms/Map.aspx,"-25.8502,28.2121|DORINGKLOOF#0",2026-09-23 15:54:26.696532+00:00,2026-09-24 04:56:34.817108+00:00,19.97,2026-09-24 11:52:55.215094+00:00
-25.8501953,28.2143093,DORINGKLOOF,LIMPOPO AVENUE,TSH,79900078,https://powerfailure.tshwane.gov.za/Tshwanesms/Map.aspx,"-25.8502,28.2143|DORINGKLOOF#0",2026-09-23 15:54:26.696532+00:00,2026-09-24 04:56:34.817108+00:00,19.97,2026-09-24 11:52:55.215094+00:00
-25.8515149,28.2137331,DORINGKLOOF,JASPER AVENUE,TSH,79900078,https://powerfailure.tshwane.gov.za/Tshwanesms/Map.aspx,"-25.8515,28.2137|DORINGKLOOF#0",2026-09-23 15:54:26.696532+00:00,2026-09-24 04:56:34.817108+00:00,19.97,2026-09-24 11:52:55.215094+00:00
-25.8511563,28.2148141,DORINGKLOOF,CALEDON AVENUE,TSH,79900078,https://powerfailure.tshwane.gov.za/Tshwanesms/Map.aspx,"-25.8512,28.2148|DORINGKLOOF#0",2026-09-23 15:54:26.696532+00:00,2026-09-24 04:56:34.817108+00:00,19.97,2026-09-24 11:52:55.215094+00:00
-25.8520667,28.2149011,DORINGKLOOF,ZAMBESI LANE,TSH,79900078,https://powerfailure.tshwane.gov.za/Tshwanesms/Map.aspx,"-25.8521,28.2149|DORINGKLOOF#0",2026-09-23 15:54:26.696532+00:00,2026-09-24 04:56:34.817108+00:00,19.97,2026-09-24 11:52:55.215094+00:00
-25.851629,28.2150537,DORINGKLOOF,ZAMBESI LANE,TSH,79900078,https://powerfailure.tshwane.gov.za/Tshwanesms/Map.aspx,"-25.8516,28.2151|DORINGKLOOF#0",2026-09-23 15:54:26.696532+00:00,2026-09-24 04:56:34.817108+00:00,19.97,2026-09-24 11:52:55.215094+00:00
-25.853915,28.2149888,DORINGKLOOF,TUGELA AVENUE,TSH,79900078,https://powerfailure.tshwane.gov.za/Tshwanesms/Map.aspx,"-25.8539,28.2150|DORINGKLOOF#0",2026-09-23 15:54:26.696532+00:00,2026-09-24 04:56:34.817108+00:00,19.97,2026-09-24 11:52:55.215094+00:00
-25.8766456,28.1532506,ROOIHUISKRAAL NOORD,GOSHAWK STREET,TSH,79900069,https://powerfailure.tshwane.gov.za/Tshwanesms/Map.aspx,"-25.8766,28.1533|ROOIHUISKRAAL NOORD#0",2026-09-23 15:54:26.696532+00:00,2026-09-24 04:56:34.817108+00:00,19.97,2026-09-24 11:52:55.215094+00:00
-25.8775944,28.1574064,ROOIHUISKRAAL NOORD,FLUFFTAIL STREET,TSH,79900069,https://powerfailure.tshwane.gov.za/Tshwanesms/Map.aspx,"-25.8776,28.1574|ROOIHUISKRAAL NOORD#0",2026-09-23 15:54:26.696532+00:00,2026-09-24 04:56:34.817108+00:00,19.97,2026-09-24 11:52:55.215094+00:00
-25.8710353,28.1404252,ROOIHUISKRAAL NOORD X01,BATELEUR STREET,TSH,79900069,https://powerfailure.tshwane.gov.za/Tshwanesms/Map.aspx,"-25.8710,28.1404|ROOIHUISKRAAL NOORD X01#0",2026-09-23 15:54:26.696532+00:00,2026-09-24 04:56:34.817108+00:00,19.97,2026-09-24 11:52:55.215094+00:00
-25.8719652,28.1422372,ROOIHUISKRAAL NOORD X01,REDDERSBURG STREET,TSH,79900069,https://powerfailure.tshwane.gov.za/Tshwanesms/Map.aspx,"-25.8720,28.1422|ROOIHUISKRAAL NOORD X01#0",2026-09-23 15:54:26.696532+00:00,2026-09-24 04:56:34.817108+00:00,19.97,2026-09-24 11:52:55.215094+00:00
-25.8723327,28.1435327,ROOIHUISKRAAL NOORD X01,REDDERSBURG STREET,TSH,79900069,https://powerfailure.tshwane.gov.za/Tshwanesms/Map.aspx,"-25.8723,28.1435|ROOIHUISKRAAL NOORD X01#0",2026-09-23 15:54:26.696532+00:00,2026-09-24 04:56:34.817108+00:00,19.97,2026-09-24 11:52:55.215094+00:00
-25.873986,28.1447033,ROOIHUISKRAAL NOORD X01,BREYTON STREET,TSH,79900069,https://powerfailure.tshwane.gov.za/Tshwanesms/Map.aspx,"-25.8740,28.1447|ROOIHUISKRAAL NOORD X01#0",2026-09-23 15:54:26.696532+00:00,2026-09-24 04:56:34.817108+00:00,19.97,2026-09-24 11:52:55.215094+00:00
-25.8735263,28.1412566,ROOIHUISKRAAL NOORD,REDDERSBURG STRAAT,TSH,79900069,https://powerfailure.tshwane.gov.za/Tshwanesms/Map.aspx,"-25.8735,28.1413|ROOIHUISKRAAL NOORD#0",2026-09-23 15:54:26.696532+00:00,2026-09-24 04:56:34.817108+00:00,19.97,2026-09-24 11:52:55.215094+00:00
-25.8744796,28.1433588,ROOIHUISKRAAL NOORD X01,BREYTON STREET,TSH,79900069,https://powerfailure.tshwane.gov.za/Tshwanesms/Map.aspx,"-25.8745,28.1434|ROOIHUISKRAAL NOORD X01#0",2026-09-23 15:54:26.696532+00:00,2026-09-24 04:56:34.817108+00:00,19.97,2026-09-24 11:52:55.215094+00:00
-25.8763384,28.1498123,ROOIHUISKRAAL NOORD X14,.,TSH,79900069,https://powerfailure.tshwane.gov.za/Tshwanesms/Map.aspx,"-25.8763,28.1498|ROOIHUISKRAAL NOORD X14#0",2026-09-23 15:54:26.696532+00:00,2026-09-24 04:56:34.817108+00:00,19.97,2026-09-24 11:52:55.215094+00:00
-25.8759519,28.1517193,ROOIHUISKRAAL NOORD X14,THEUNS VAN NIEKERK STREET,TSH,79900069,https://powerfailure.tshwane.gov.za/Tshwanesms/Map.aspx,"-25.8760,28.1517|ROOIHUISKRAAL NOORD X14#0",2026-09-23 15:54:26.696532+00:00,2026-09-24 04:56:34.817108+00:00,19.97,2026-09-24 11:52:55.215094+00:00
-25.881074,28.1522369,ROOIHUISKRAAL NOORD X16,WOODPECKER STREET,TSH,79900069,https://powerfailure.tshwane.gov.za/Tshwanesms/Map.aspx,"-25.8811,28.1522|ROOIHUISKRAAL NOORD X16#0",2026-09-23 15:54:26.696532+00:00,2026-09-24 04:56:34.817108+00:00,19.97,2026-09-24 11:52:55.215094+00:00
-25.8800326,28.1528242,ROOIHUISKRAAL NOORD X16,SWIFT STREET,TSH,79900069,https://powerfailure.tshwane.gov.za/Tshwanesms/Map.aspx,"-25.8800,28.1528|ROOIHUISKRAAL NOORD X16#0",2026-09-23 15:54:26.696532+00:00,2026-09-24 04:56:34.817108+00:00,19.97,2026-09-24 11:52:55.215094+00:00
-25.8798175,28.1532871,ROOIHUISKRAAL NOORD X16,SWIFT STREET,TSH,79900069,https://powerfailure.tshwane.gov.za/Tshwanesms/Map.aspx,"-25.8798,28.1533|ROOIHUISKRAAL NOORD X16#0",2026-09-23 15:54:26.696532+00:00,2026-09-24 04:56:34.817108+00:00,19.97,2026-09-24 11:52:55.215094+00:00
-25.8790515,28.152703,ROOIHUISKRAAL NOORD X16,SWALLOW STREET,TSH,79900069,https://powerfailure.tshwane.gov.za/Tshwanesms/Map.aspx,"-25.8791,28.1527|ROOIHUISKRAAL NOORD X16#0",2026-09-23 15:54:26.696532+00:00,2026-09-24 04:56:34.817108+00:00,19.97,2026-09-24 11:52:55.215094+00:00
-25.8784185,28.1397479,ROOIHUISKRAAL NOORD X17,CRAFFORD PARK,TSH,79900048,https://powerfailure.tshwane.gov.za/Tshwanesms/Map.aspx,"-25.8784,28.1397|ROOIHUISKRAAL NOORD X17#0",2026-09-23 15:54:26.696532+00:00,2026-09-24 04:56:34.817108+00:00,19.97,2026-09-24 11:52:55.215094+00:00
-25.8769072,28.1365872,ROOIHUISKRAAL NOORD X17,MARSHALL EAGLE STREET,TSH,79900048,https://powerfailure.tshwane.gov.za/Tshwanesms/Map.aspx,"-25.8769,28.1366|ROOIHUISKRAAL NOORD X17#0",2026-09-23 15:54:26.696532+00:00,2026-09-24 04:56:34.817108+00:00,19.97,2026-09-24 11:52:55.215094+00:00
-25.8765573,28.1302881,ROOIHUISKRAAL NOORD X19,TAITA STREET,TSH,79900048,https://powerfailure.tshwane.gov.za/Tshwanesms/Map.aspx,"-25.8766,28.1303|ROOIHUISKRAAL NOORD X19#0",2026-09-23 15:54:26.696532+00:00,2026-09-24 04:56:34.817108+00:00,19.97,2026-09-24 11:52:55.215094+00:00
-25.8696794,28.1463536,WIERDAPARK X02,EVANDER STREET,TSH,79900069,https://powerfailure.tshwane.gov.za/Tshwanesms/Map.aspx,"-25.8697,28.1464|WIERDAPARK X02#0",2026-09-23 15:54:26.696532+00:00,2026-09-24 04:56:34.817108+00:00,19.97,2026-09-24 11:52:55.215094+00:00
-25.8701935,28.1454416,WIERDAPARK X02,MARIKANA STREET,TSH,79900069,https://powerfailure.tshwane.gov.za/Tshwanesms/Map.aspx,"-25.8702,28.1454|WIERDAPARK X02#0",2026-09-23 15:54:26.696532+00:00,2026-09-24 04:56:34.817108+00:00,19.97,2026-09-24 11:52:55.215094+00:00
-25.8748859,28.1515308,WIERDAPARK X02,FICKSBURG STREET,TSH,79900069,https://powerfailure.tshwane.gov.za/Tshwanesms/Map.aspx,"-25.8749,28.1515|WIERDAPARK X02#0",2026-09-23 15:54:26.696532+00:00,2026-09-24 04:56:34.817108+00:00,19.97,2026-09-24 11:52:55.215094+00:00
-25.8701494,28.1592694,WIERDAPARK X02,CLANWILLIAM STREET,TSH,79900069,https://powerfailure.tshwane.gov.za/Tshwanesms/Map.aspx,"-25.8701,28.1593|WIERDAPARK X02#0",2026-09-23 15:54:26.696532+00:00,2026-09-24 04:56:34.817108+00:00,19.97,2026-09-24 11:52:55.215094+00:00
-25.873027,28.1607655,WIERDAPARK X02,SWELLENDAM AVENUE,TSH,79900069,https://powerfailure.tshwane.gov.za/Tshwanesms/Map.aspx,"-25.8730,28.1608|WIERDAPARK X02#0",2026-09-23 15:54:26.696532+00:00,2026-09-24 04:56:34.817108+00:00,19.97,2026-09-24 11:52:55.215094+00:00
-25.873651,28.1546953,WIERDAPARK X02,ERMELO STREET,TSH,79900069,https://powerfailure.tshwane.gov.za/Tshwanesms/Map.aspx,"-25.8737,28.1547|WIERDAPARK X02#0",2026-09-23 15:54:26.696532+00:00,2026-09-24 04:56:34.817108+00:00,19.97,2026-09-24 11:52:55.215094+00:00
-25.8741293,28.153532,WIERDAPARK X02,WORCESTER AVENUE,TSH,79900069,https://powerfailure.tshwane.gov.za/Tshwanesms/Map.aspx,"-25.8741,28.1535|WIERDAPARK X02#0",2026-09-23 15:54:26.696532+00:00,2026-09-24 04:56:34.817108+00:00,19.97,2026-09-24 11:52:55.215094+00:00
-25.875405,28.1582337,WIERDAPARK X02,ILLOVO AVENUE,TSH,79900069,https://powerfailure.tshwane.gov.za/Tshwanesms/Map.aspx,"-25.8754,28.1582|WIERDAPARK X02#0",2026-09-23 15:54:26.696532+00:00,2026-09-24 04:56:34.817108+00:00,19.97,2026-09-24 11:52:55.215094+00:00
-25.8760462,28.1585175,WIERDAPARK X02,ILLOVO AVENUE,TSH,79900069,https://powerfailure.tshwane.gov.za/Tshwanesms/Map.aspx,"-25.8760,28.1585|WIERDAPARK X02#0",2026-09-23 15:54:26.696532+00:00,2026-09-24 04:56:34.817108+00:00,19.97,2026-09-24 11:52:55.215094+00:00
-25.8589573,28.2099327,DORINGKLOOF,MALUTI AVENUE,TSH,79900078,https://powerfailure.tshwane.gov.za/Tshwanesms/Map.aspx,"-25.8590,28.2099|DORINGKLOOF#0",2026-09-23 15:54:26.696532+00:00,2026-09-24 04:56:34.817108+00:00,19.97,2026-09-24 11:52:55.215094+00:00
-25.8596338,28.2088331,DORINGKLOOF,OUTENIQUA AVENUE,TSH,79900078,https://powerfailure.tshwane.gov.za/Tshwanesms/Map.aspx,"-25.8596,28.2088|DORINGKLOOF#0",2026-09-23 15:54:26.696532+00:00,2026-09-24 04:56:34.817108+00:00,19.97,2026-09-24 11:52:55.215094+00:00
-25.8578839,28.2141835,DORINGKLOOF,OUTENIQUA AVENUE,TSH,79900078,https://powerfailure.tshwane.gov.za/Tshwanesms/Map.aspx,"-25.8579,28.2142|DORINGKLOOF#0",2026-09-23 15:54:26.696532+00:00,2026-09-24 04:56:34.817108+00:00,19.97,2026-09-24 11:52:55.215094+00:00
-25.8582378,28.2145169,DORINGKLOOF,OUTENIQUA AVENUE,TSH,79900078,https://powerfailure.tshwane.gov.za/Tshwanesms/Map.aspx,"-25.8582,28.2145|DORINGKLOOF#0",2026-09-23 15:54:26.696532+00:00,2026-09-24 04:56:34.817108+00:00,19.97,2026-09-24 11:52:55.215094+00:00
-25.8585455,28.2146222,DORINGKLOOF,ZAMBESI LANE,TSH,79900078,https://powerfailure.tshwane.gov.za/Tshwanesms/Map.aspx,"-25.8585,28.2146|DORINGKLOOF#0",2026-09-23 15:54:26.696532+00:00,2026-09-24 04:56:34.817108+00:00,19.97,2026-09-24 11:52:55.215094+00:00
-25.718841,28.1487678,PRETORIA GARDENS,GUSTAV ADOLF STREET,TSH,79900001,https://powerfailure.tshwane.gov.za/Tshwanesms/Map.aspx,"-25.7188,28.1488|PRETORIA GARDENS#0",2026-09-23 15:54:26.696532+00:00,2026-09-24 04:56:34.817108+00:00,19.97,2026-09-24 11:52:55.215094+00:00
-25.7188325,28.1420926,PRETORIA GARDENS,SANNIE ST,TSH,79900055,https://powerfailure.tshwane.gov.za/Tshwanesms/Map.aspx,"-25.7188,28.1421|PRETORIA GARDENS#0",2026-09-23 15:54:26.696532+00:00,2026-09-24 04:56:34.817108+00:00,19.97,2026-09-24 11:52:55.215094+00:00
-25.7196088,28.1489331,PRETORIA GARDENS,SANNIE ST,TSH,79900001,https://powerfailure.tshwane.gov.za/Tshwanesms/Map.aspx,"-25.7196,28.1489|PRETORIA GARDENS#0",2026-09-23 15:54:26.696532+00:00,2026-09-24 04:56:34.817108+00:00,19.97,2026-09-24 11:52:55.215094+00:00
-25.7254376,28.1616841,PRETORIA GARDENS,SCHURMANNS AVENUE,TSH,79900001,https://powerfailure.tshwane.gov.za/Tshwanesms/Map.aspx,"-25.7254,28.1617|PRETORIA GARDENS#0",2026-09-23 15:54:26.696532+00:00,2026-09-24 04:56:34.817108+00:00,19.97,2026-09-24 11:52:55.215094+00:00
-25.726217,28.1526101,PRETORIA GARDENS,LOUISE STREET,TSH,79900001,https://powerfailure.tshwane.gov.za/Tshwanesms/Map.aspx,"-25.7262,28.1526|PRETORIA GARDENS#0",2026-09-23 15:54:26.696532+00:00,2026-09-24 04:56:34.817108+00:00,19.97,2026-09-24 11:52:55.215094+00:00
-25.725802,28.1548514,PRETORIA GARDENS,WEIR STREET,TSH,79900001,https://powerfailure.tshwane.gov.za/Tshwanesms/Map.aspx,"-25.7258,28.1549|PRETORIA GARDENS#0",2026-09-23 15:54:26.696532+00:00,2026-09-24 04:56:34.817108+00:00,19.97,2026-09-24 11:52:55.215094+00:00
-25.7270997,28.1438518,PRETORIA GARDENS,WILLIES HILL STREET,TSH,79900055,https://powerfailure.tshwane.gov.za/Tshwanesms/Map.aspx,"-25.7271,28.1439|PRETORIA GARDENS#0",2026-09-23 15:54:26.696532+00:00,2026-09-24 04:56:34.817108+00:00,19.97,2026-09-24 11:52:55.215094+00:00
-25.7232672,28.15482,PRETORIA GARDENS X02,HANNY STREET,TSH,79900001,https://powerfailure.tshwane.gov.za/Tshwanesms/Map.aspx,"-25.7233,28.1548|PRETORIA GARDENS X02#0",2026-09-23 15:54:26.696532+00:00,2026-09-24 04:56:34.817108+00:00,19.97,2026-09-24 11:52:55.215094+00:00
-25.7276395,28.1521589,PRETORIA GARDENS,PRINZ STREET,TSH,79900001,https://powerfailure.tshwane.gov.za/Tshwanesms/Map.aspx,"-25.7276,28.1522|PRETORIA GARDENS#0",2026-09-23 15:54:26.696532+00:00,2026-09-24 04:56:34.817108+00:00,19.97,2026-09-24 11:52:55.215094+00:00
-25.7234848,28.2212328,VILLIERIA,20TH AVENUE,TSH,79900053,https://powerfailure.tshwane.gov.za/Tshwanesms/Map.aspx,"-25.7235,28.2212|VILLIERIA#0",2026-09-23 15:54:26.696532+00:00,2026-09-24 04:56:34.817108+00:00,19.97,2026-09-24 11:52:55.215094+00:00
-25.8614462,28.2079439,DORINGKLOOF,KARIN AVENUE,TSH,79900078,https://powerfailure.tshwane.gov.za/Tshwanesms/Map.aspx,"-25.8614,28.2079|DORINGKLOOF#0",2026-09-23 15:54:26.696532+00:00,2026-09-24 04:56:34.817108+00:00,19.97,2026-09-24 11:52:55.215094+00:00
-25.8624316,28.2013255,DORINGKLOOF,ROSE AVENUE,TSH,79900078,https://powerfailure.tshwane.gov.za/Tshwanesms/Map.aspx,"-25.8624,28.2013|DORINGKLOOF#0",2026-09-23 15:54:26.696532+00:00,2026-09-24 04:56:34.817108+00:00,19.97,2026-09-24 11:52:55.215094+00:00
-25.8611056,28.1999271,DORINGKLOOF,LOUISE STREET,TSH,79900078,https://powerfailure.tshwane.gov.za/Tshwanesms/Map.aspx,"-25.8611,28.1999|DORINGKLOOF#0",2026-09-23 16:47:29.260212+00:00,2026-09-24 04:56:34.817108+00:00,19.09,2026-09-24 11:52:55.215094+00:00
-25.859891,28.2031811,DORINGKLOOF,CECILE STREET,TSH,79900078,https://powerfailure.tshwane.gov.za/Tshwanesms/Map.aspx,"-25.8599,28.2032|DORINGKLOOF#0",2026-09-23 15:54:26.696532+00:00,2026-09-24 04:56:34.817108+00:00,19.97,2026-09-24 11:52:55.215094+00:00
-25.857471,28.2024676,DORINGKLOOF,VON WILLICH AVENUE,TSH,79900078,https://powerfailure.tshwane.gov.za/Tshwanesms/Map.aspx,"-25.8575,28.2025|DORINGKLOOF#0",2026-09-23 15:54:26.696532+00:00,2026-09-24 04:56:34.817108+00:00,19.97,2026-09-24 11:52:55.215094+00:00
-25.8581308,28.2028701,DORINGKLOOF,LOUISE STREET,TSH,79900078,https://powerfailure.tshwane.gov.za/Tshwanesms/Map.aspx,"-25.8581,28.2029|DORINGKLOOF#0",2026-09-23 15:54:26.696532+00:00,2026-09-24 04:56:34.817108+00:00,19.97,2026-09-24 11:52:55.215094+00:00
-25.8577569,28.2031559,DORINGKLOOF,LOUISE STREET,TSH,79900078,https://powerfailure.tshwane.gov.za/Tshwanesms/Map.aspx,"-25.8578,28.2032|DORINGKLOOF#0",2026-09-23 15:54:26.696532+00:00,2026-09-24 04:56:34.817108+00:00,19.97,2026-09-24 11:52:55.215094+00:00
-25.8560653,28.2093931,DORINGKLOOF,GLOVER AVENUE,TSH,79900078,https://powerfailure.tshwane.gov.za/Tshwanesms/Map.aspx,"-25.8561,28.2094|DORINGKLOOF#0",2026-09-23 15:54:26.696532+00:00,2026-09-24 04:56:34.817108+00:00,19.97,2026-09-24 11:52:55.215094+00:00
-25.856517,28.2094502,DORINGKLOOF,GLOVER AVENUE,TSH,79900078,https://powerfailure.tshwane.gov.za/Tshwanesms/Map.aspx,"-25.8565,28.2095|DORINGKLOOF#0",2026-09-23 15:54:26.696532+00:00,2026-09-24 04:56:34.817108+00:00,19.97,2026-09-24 11:52:55.215094+00:00
-25.8545454,28.2078432,DORINGKLOOF,SONJA STREET,TSH,79900078,https://powerfailure.tshwane.gov.za/Tshwanesms/Map.aspx,"-25.8545,28.2078|DORINGKLOOF#0",2026-09-23 15:54:26.696532+00:00,2026-09-24 04:56:34.817108+00:00,19.97,2026-09-24 11:52:55.215094+00:00
-25.850542,28.2133372,DORINGKLOOF,LETABA AVENUE,TSH,79900078,https://powerfailure.tshwane.gov.za/Tshwanesms/Map.aspx,"-25.8505,28.2133|DORINGKLOOF#0",2026-09-23 15:54:26.696532+00:00,2026-09-24 04:56:34.817108+00:00,19.97,2026-09-24 11:52:55.215094+00:00
-25.8534235,28.2150439,DORINGKLOOF,JASPER AVENUE,TSH,79900078,https://powerfailure.tshwane.gov.za/Tshwanesms/Map.aspx,"-25.8534,28.2150|DORINGKLOOF#0",2026-09-23 15:54:26.696532+00:00,2026-09-24 04:56:34.817108+00:00,19.97,2026-09-24 11:52:55.215094+00:00
-25.8535396,28.2144479,DORINGKLOOF,ZAMBESI LANE,TSH,79900078,https://powerfailure.tshwane.gov.za/Tshwanesms/Map.aspx,"-25.8535,28.2144|DORINGKLOOF#0",2026-09-23 15:54:26.696532+00:00,2026-09-24 04:56:34.817108+00:00,19.97,2026-09-24 11:52:55.215094+00:00
-25.8781609,28.1579474,ROOIHUISKRAAL NOORD,FLUFFTAIL STREET,TSH,79900069,https://powerfailure.tshwane.gov.za/Tshwanesms/Map.aspx,"-25.8782,28.1579|ROOIHUISKRAAL NOORD#0",2026-09-23 15:54:26.696532+00:00,2026-09-24 04:56:34.817108+00:00,19.97,2026-09-24 11:52:55.215094+00:00
-25.8790913,28.1556996,ROOIHUISKRAAL NOORD,LAPWING STREET,TSH,79900069,https://powerfailure.tshwane.gov.za/Tshwanesms/Map.aspx,"-25.8791,28.1557|ROOIHUISKRAAL NOORD#0",2026-09-23 15:54:26.696532+00:00,2026-09-24 04:56:34.817108+00:00,19.97,2026-09-24 11:52:55.215094+00:00
-25.8799845,28.1562674,ROOIHUISKRAAL NOORD,NICATOR DRIVE,TSH,79900069,https://powerfailure.tshwane.gov.za/Tshwanesms/Map.aspx,"-25.8800,28.1563|ROOIHUISKRAAL NOORD#0",2026-09-23 15:54:26.696532+00:00,2026-09-24 04:56:34.817108+00:00,19.97,2026-09-24 11:52:55.215094+00:00
-25.8717488,28.1399107,ROOIHUISKRAAL NOORD,REDDERSBURG STREET,TSH,79900069,https://powerfailure.tshwane.gov.za/Tshwanesms/Map.aspx,"-25.8717,28.1399|ROOIHUISKRAAL NOORD#0",2026-09-23 15:54:26.696532+00:00,2026-09-24 04:56:34.817108+00:00,19.97,2026-09-24 11:52:55.215094+00:00
-25.8785821,28.1505939,ROOIHUISKRAAL NOORD X14,A09608,TSH,79900069,https://powerfailure.tshwane.gov.za/Tshwanesms/Map.aspx,"-25.8786,28.1506|ROOIHUISKRAAL NOORD X14#0",2026-09-23 15:54:26.696532+00:00,2026-09-24 04:56:34.817108+00:00,19.97,2026-09-24 11:52:55.215094+00:00
-25.881322,28.1457655,ROOIHUISKRAAL NOORD X16,LA MOTTE,TSH,79900069,https://powerfailure.tshwane.gov.za/Tshwanesms/Map.aspx,"-25.8813,28.1458|ROOIHUISKRAAL NOORD X16#0",2026-09-23 15:54:26.696532+00:00,2026-09-24 04:56:34.817108+00:00,19.97,2026-09-24 11:52:55.215094+00:00
-25.8799675,28.1518127,ROOIHUISKRAAL NOORD X16,KINGFISHER STREET,TSH,79900069,https://powerfailure.tshwane.gov.za/Tshwanesms/Map.aspx,"-25.8800,28.1518|ROOIHUISKRAAL NOORD X16#0",2026-09-23 15:54:26.696532+00:00,2026-09-24 04:56:34.817108+00:00,19.97,2026-09-24 11:52:55.215094+00:00
-25.8815308,28.1517309,ROOIHUISKRAAL NOORD X16,WOODPECKER STREET,TSH,79900069,https://powerfailure.tshwane.gov.za/Tshwanesms/Map.aspx,"-25.8815,28.1517|ROOIHUISKRAAL NOORD X16#0",2026-09-23 15:54:26.696532+00:00,2026-09-24 04:56:34.817108+00:00,19.97,2026-09-24 11:52:55.215094+00:00
-25.8824399,28.150608,ROOIHUISKRAAL NOORD X16,WOODPECKER STREET,TSH,79900069,https://powerfailure.tshwane.gov.za/Tshwanesms/Map.aspx,"-25.8824,28.1506|ROOIHUISKRAAL NOORD X16#0",2026-09-23 15:54:26.696532+00:00,2026-09-24 04:56:34.817108+00:00,19.97,2026-09-24 11:52:55.215094+00:00
-25.8771055,28.1378861,ROOIHUISKRAAL NOORD X17,HOPHOUSE STREET,TSH,79900048,https://powerfailure.tshwane.gov.za/Tshwanesms/Map.aspx,"-25.8771,28.1379|ROOIHUISKRAAL NOORD X17#0",2026-09-23 15:54:26.696532+00:00,2026-09-24 04:56:34.817108+00:00,19.97,2026-09-24 11:52:55.215094+00:00
-25.8762672,28.1335384,ROOIHUISKRAAL NOORD X18,FALCON STREET,TSH,79900048,https://powerfailure.tshwane.gov.za/Tshwanesms/Map.aspx,"-25.8763,28.1335|ROOIHUISKRAAL NOORD X18#0",2026-09-23 15:54:26.696532+00:00,2026-09-24 04:56:34.817108+00:00,19.97,2026-09-24 11:52:55.215094+00:00
-25.8762932,28.1294526,ROOIHUISKRAAL NOORD X19,SOOTY STREET,TSH,79900048,https://powerfailure.tshwane.gov.za/Tshwanesms/Map.aspx,"-25.8763,28.1295|ROOIHUISKRAAL NOORD X19#0",2026-09-23 15:54:26.696532+00:00,2026-09-24 04:56:34.817108+00:00,19.97,2026-09-24 11:52:55.215094+00:00
-25.8767314,28.1302352,ROOIHUISKRAAL NOORD X19,TAITA STREET,TSH,79900048,https://powerfailure.tshwane.gov.za/Tshwanesms/Map.aspx,"-25.8767,28.1302|ROOIHUISKRAAL NOORD X19#0",2026-09-23 15:54:26.696532+00:00,2026-09-24 04:56:34.817108+00:00,19.97,2026-09-24 11:52:55.215094+00:00
-25.7285294,28.2147408,RIETFONTEIN,15TH AVENUE,TSH,79900053,https://powerfailure.tshwane.gov.za/Tshwanesms/Map.aspx,"-25.7285,28.2147|RIETFONTEIN#0",2026-09-23 15:54:26.696532+00:00,2026-09-24 04:56:34.817108+00:00,19.97,2026-09-24 11:52:55.215094+00:00
-25.868767,28.1488225,WIERDAPARK X02,EVANDER STREET,TSH,79900069,https://powerfailure.tshwane.gov.za/Tshwanesms/Map.aspx,"-25.8688,28.1488|WIERDAPARK X02#0",2026-09-23 15:54:26.696532+00:00,2026-09-24 04:56:34.817108+00:00,19.97,2026-09-24 11:52:55.215094+00:00
-25.8701343,28.143538,WIERDAPARK X02,EVANDER STREET,TSH,79900069,https://powerfailure.tshwane.gov.za/Tshwanesms/Map.aspx,"-25.8701,28.1435|WIERDAPARK X02#0",2026-09-23 15:54:26.696532+00:00,2026-09-24 04:56:34.817108+00:00,19.97,2026-09-24 11:52:55.215094+00:00
-25.8747998,28.1500213,WIERDAPARK X02,BRITS AVENUE,TSH,79900069,https://powerfailure.tshwane.gov.za/Tshwanesms/Map.aspx,"-25.8748,28.1500|WIERDAPARK X02#0",2026-09-23 15:54:26.696532+00:00,2026-09-24 04:56:34.817108+00:00,19.97,2026-09-24 11:52:55.215094+00:00
-25.8750102,28.158677,WIERDAPARK X02,ILLOVO AVENUE,TSH,79900069,https://powerfailure.tshwane.gov.za/Tshwanesms/Map.aspx,"-25.8750,28.1587|WIERDAPARK X02#0",2026-09-23 15:54:26.696532+00:00,2026-09-24 04:56:34.817108+00:00,19.97,2026-09-24 11:52:55.215094+00:00
-25.8722456,28.1520251,WIERDAPARK X02,THEUNS VAN NIEKERK STREET,TSH,79900069,https://powerfailure.tshwane.gov.za/Tshwanesms/Map.aspx,"-25.8722,28.1520|WIERDAPARK X02#0",2026-09-23 15:54:26.696532+00:00,2026-09-24 04:56:34.817108+00:00,19.97,2026-09-24 11:52:55.215094+00:00
-25.7185979,28.1449382,PRETORIA GARDENS,SANNIE ST,TSH,79900055,https://powerfailure.tshwane.gov.za/Tshwanesms/Map.aspx,"-25.7186,28.1449|PRETORIA GARDENS#0",2026-09-23 15:54:26.696532+00:00,2026-09-24 04:56:34.817108+00:00,19.97,2026-09-24 11:52:55.215094+00:00
-25.7195043,28.142933,PRETORIA GARDENS,ERNEST STREET,TSH,79900055,https://powerfailure.tshwane.gov.za/Tshwanesms/Map.aspx,"-25.7195,28.1429|PRETORIA GARDENS#0",2026-09-23 15:54:26.696532+00:00,2026-09-24 04:56:34.817108+00:00,19.97,2026-09-24 11:52:55.215094+00:00
-25.7191776,28.1447632,PRETORIA GARDENS,SANNIE ST,TSH,79900055,https://powerfailure.tshwane.gov.za/Tshwanesms/Map.aspx,"-25.7192,28.1448|PRETORIA GARDENS#0",2026-09-23 15:54:26.696532+00:00,2026-09-24 04:56:34.817108+00:00,19.97,2026-09-24 11:52:55.215094+00:00
-25.7195507,28.1482195,PRETORIA GARDENS,SANNIE ST,TSH,79900055,https://powerfailure.tshwane.gov.za/Tshwanesms/Map.aspx,"-25.7196,28.1482|PRETORIA GARDENS#0",2026-09-23 15:54:26.696532+00:00,2026-09-24 04:56:34.817108+00:00,19.97,2026-09-24 11:52:55.215094+00:00
-25.7202974,28.1530318,PRETORIA GARDENS,SANNIE ST,TSH,79900001,https://powerfailure.tshwane.gov.za/Tshwanesms/Map.aspx,"-25.7203,28.1530|PRETORIA GARDENS#0",2026-09-23 15:54:26.696532+00:00,2026-09-24 04:56:34.817108+00:00,19.97,2026-09-24 11:52:55.215094+00:00
-25.7210672,28.1489555,PRETORIA GARDENS,ERNEST STREET,TSH,79900001,https://powerfailure.tshwane.gov.za/Tshwanesms/Map.aspx,"-25.7211,28.1490|PRETORIA GARDENS#0",2026-09-23 15:54:26.696532+00:00,2026-09-24 04:56:34.817108+00:00,19.97,2026-09-24 11:52:55.215094+00:00
-25.7212531,28.1517294,PRETORIA GARDENS,ERNEST STREET,TSH,79900001,https://powerfailure.tshwane.gov.za/Tshwanesms/Map.aspx,"-25.7213,28.1517|PRETORIA GARDENS#0",2026-09-23 15:54:26.696532+00:00,2026-09-24 04:56:34.817108+00:00,19.97,2026-09-24 11:52:55.215094+00:00
-25.7218474,28.1449569,PRETORIA GARDENS,HANNY STREET,TSH,79900055,https://powerfailure.tshwane.gov.za/Tshwanesms/Map.aspx,"-25.7218,28.1450|PRETORIA GARDENS#0",2026-09-23 15:54:26.696532+00:00,2026-09-24 04:56:34.817108+00:00,19.97,2026-09-24 11:52:55.215094+00:00
-25.7240867,28.1570378,PRETORIA GARDENS,SCHURMANNS AVENUE,TSH,79900001,https://powerfailure.tshwane.gov.za/Tshwanesms/Map.aspx,"-25.7241,28.1570|PRETORIA GARDENS#0",2026-09-23 15:54:26.696532+00:00,2026-09-24 04:56:34.817108+00:00,19.97,2026-09-24 11:52:55.215094+00:00
-25.7231935,28.1432279,PRETORIA GARDENS,BORNMAN STREET,TSH,79900055,https://powerfailure.tshwane.gov.za/Tshwanesms/Map.aspx,"-25.7232,28.1432|PRETORIA GARDENS#0",2026-09-23 15:54:26.696532+00:00,2026-09-24 04:56:34.817108+00:00,19.97,2026-09-24 11:52:55.215094+00:00
-25.7241477,28.1513337,PRETORIA GARDENS,SCHURMANNS AVENUE,TSH,79900001,https://powerfailure.tshwane.gov.za/Tshwanesms/Map.aspx,"-25.7241,28.1513|PRETORIA GARDENS#0",2026-09-23 15:54:26.696532+00:00,2026-09-24 04:56:34.817108+00:00,19.97,2026-09-24 11:52:55.215094+00:00
-25.724442,28.1545683,PRETORIA GARDENS,SCHURMANNS AVENUE,TSH,79900001,https://powerfailure.tshwane.gov.za/Tshwanesms/Map.aspx,"-25.7244,28.1546|PRETORIA GARDENS#0",2026-09-23 15:54:26.696532+00:00,2026-09-24 04:56:34.817108+00:00,19.97,2026-09-24 11:52:55.215094+00:00
-25.7244623,28.1550725,PRETORIA GARDENS,SCHURMANNS AVENUE,TSH,79900001,https://powerfailure.tshwane.gov.za/Tshwanesms/Map.aspx,"-25.7245,28.1551|PRETORIA GARDENS#0",2026-09-23 15:54:26.696532+00:00,2026-09-24 04:56:34.817108+00:00,19.97,2026-09-24 11:52:55.215094+00:00
-25.7266622,28.1558991,PRETORIA GARDENS,LOUISE STREET,TSH,79900001,https://powerfailure.tshwane.gov.za/Tshwanesms/Map.aspx,"-25.7267,28.1559|PRETORIA GARDENS#0",2026-09-23 15:54:26.696532+00:00,2026-09-24 04:56:34.817108+00:00,19.97,2026-09-24 11:52:55.215094+00:00
-25.728103,28.1602599,PRETORIA GARDENS,LOUISE STREET,TSH,79900001,https://powerfailure.tshwane.gov.za/Tshwanesms/Map.aspx,"-25.7281,28.1603|PRETORIA GARDENS#0",2026-09-23 15:54:26.696532+00:00,2026-09-24 04:56:34.817108+00:00,19.97,2026-09-24 11:52:55.215094+00:00
-25.7216687,28.1541559,PRETORIA GARDENS X02,ERNEST STREET,TSH,79900001,https://powerfailure.tshwane.gov.za/Tshwanesms/Map.aspx,"-25.7217,28.1542|PRETORIA GARDENS X02#0",2026-09-23 15:54:26.696532+00:00,2026-09-24 04:56:34.817108+00:00,19.97,2026-09-24 11:52:55.215094+00:00
-25.8151252,28.1456388,VALHALLA,MYRDAL ROAD,TSH,79900066,https://powerfailure.tshwane.gov.za/Tshwanesms/Map.aspx,"-25.8151,28.1456|VALHALLA#0",2026-09-23 15:54:26.696532+00:00,2026-09-24 04:56:34.817108+00:00,19.97,2026-09-24 11:52:55.215094+00:00
-25.8462723,28.2007218,DIE HOEWES X31,WEEROMKEER NOOK,TSH,79900057,https://powerfailure.tshwane.gov.za/Tshwanesms/Map.aspx,"-25.8463,28.2007|DIE HOEWES X31#0",2026-09-23 15:54:26.696532+00:00,2026-09-24 04:56:34.817108+00:00,19.97,2026-09-24 11:52:55.215094+00:00
-25.8605268,28.2033051,DORINGKLOOF,GERDA AVENUE,TSH,79900078,https://powerfailure.tshwane.gov.za/Tshwanesms/Map.aspx,"-25.8605,28.2033|DORINGKLOOF#0",2026-09-23 15:54:26.696532+00:00,2026-09-24 04:56:34.817108+00:00,19.97,2026-09-24 11:52:55.215094+00:00
-25.8594706,28.2007,DORINGKLOOF,LEONIE STREET,TSH,79900078,https://powerfailure.tshwane.gov.za/Tshwanesms/Map.aspx,"-25.8595,28.2007|DORINGKLOOF#0",2026-09-23 15:54:26.696532+00:00,2026-09-24 04:56:34.817108+00:00,19.97,2026-09-24 11:52:55.215094+00:00
-25.8556525,28.2045188,DORINGKLOOF,JEAN AVENUE,TSH,79900078,https://powerfailure.tshwane.gov.za/Tshwanesms/Map.aspx,"-25.8557,28.2045|DORINGKLOOF#0",2026-09-23 15:54:26.696532+00:00,2026-09-24 04:56:34.817108+00:00,19.97,2026-09-24 11:52:55.215094+00:00
-25.8568097,28.2059351,DORINGKLOOF,MAHONIE STREET,TSH,79900078,https://powerfailure.tshwane.gov.za/Tshwanesms/Map.aspx,"-25.8568,28.2059|DORINGKLOOF#0",2026-09-23 15:54:26.696532+00:00,2026-09-24 04:56:34.817108+00:00,19.97,2026-09-24 11:52:55.215094+00:00
-25.8523333,28.2061571,DORINGKLOOF,LEONIE STREET,TSH,79900078,https://powerfailure.tshwane.gov.za/Tshwanesms/Map.aspx,"-25.8523,28.2062|DORINGKLOOF#0",2026-09-23 15:54:26.696532+00:00,2026-09-24 04:56:34.817108+00:00,19.97,2026-09-24 11:52:55.215094+00:00
-25.8538393,28.2091002,DORINGKLOOF,GLOVER AVENUE,TSH,79900078,https://powerfailure.tshwane.gov.za/Tshwanesms/Map.aspx,"-25.8538,28.2091|DORINGKLOOF#0",2026-09-23 15:54:26.696532+00:00,2026-09-24 04:56:34.817108+00:00,19.97,2026-09-24 11:52:55.215094+00:00
-25.8531155,28.2139665,DORINGKLOOF,MOLOPO AVENUE,TSH,79900078,https://powerfailure.tshwane.gov.za/Tshwanesms/Map.aspx,"-25.8531,28.2140|DORINGKLOOF#0",2026-09-23 15:54:26.696532+00:00,2026-09-24 04:56:34.817108+00:00,19.97,2026-09-24 11:52:55.215094+00:00
-25.8507026,28.214827,DORINGKLOOF,CALEDON AVENUE,TSH,79900078,https://powerfailure.tshwane.gov.za/Tshwanesms/Map.aspx,"-25.8507,28.2148|DORINGKLOOF#0",2026-09-23 15:54:26.696532+00:00,2026-09-24 04:56:34.817108+00:00,19.97,2026-09-24 11:52:55.215094+00:00
-25.8536655,28.2165259,DORINGKLOOF,TUGELA AVENUE,TSH,79900078,https://powerfailure.tshwane.gov.za/Tshwanesms/Map.aspx,"-25.8537,28.2165|DORINGKLOOF#0",2026-09-23 15:54:26.696532+00:00,2026-09-24 04:56:34.817108+00:00,19.97,2026-09-24 11:52:55.215094+00:00
-25.8542332,28.2160077,DORINGKLOOF,TUGELA AVENUE,TSH,79900078,https://powerfailure.tshwane.gov.za/Tshwanesms/Map.aspx,"-25.8542,28.2160|DORINGKLOOF#0",2026-09-23 15:54:26.696532+00:00,2026-09-24 04:56:34.817108+00:00,19.97,2026-09-24 11:52:55.215094+00:00
-25.8565969,28.2105392,DORINGKLOOF,MAROELA STREET,TSH,79900078,https://powerfailure.tshwane.gov.za/Tshwanesms/Map.aspx,"-25.8566,28.2105|DORINGKLOOF#0",2026-09-23 15:54:26.696532+00:00,2026-09-24 04:56:34.817108+00:00,19.97,2026-09-24 11:52:55.215094+00:00
-25.8559491,28.2099632,DORINGKLOOF,GLOVER AVENUE,TSH,79900078,https://powerfailure.tshwane.gov.za/Tshwanesms/Map.aspx,"-25.8559,28.2100|DORINGKLOOF#0",2026-09-23 15:54:26.696532+00:00,2026-09-24 04:56:34.817108+00:00,19.97,2026-09-24 11:52:55.215094+00:00
-25.8767877,28.1579153,ROOIHUISKRAAL NOORD,GOSHAWK STREET,TSH,79900069,https://powerfailure.tshwane.gov.za/Tshwanesms/Map.aspx,"-25.8768,28.1579|ROOIHUISKRAAL NOORD#0",2026-09-23 15:54:26.696532+00:00,2026-09-24 04:56:34.817108+00:00,19.97,2026-09-24 11:52:55.215094+00:00
-25.877096,28.1551284,ROOIHUISKRAAL NOORD,JACANA STREET,TSH,79900069,https://powerfailure.tshwane.gov.za/Tshwanesms/Map.aspx,"-25.8771,28.1551|ROOIHUISKRAAL NOORD#0",2026-09-23 15:54:26.696532+00:00,2026-09-24 04:56:34.817108+00:00,19.97,2026-09-24 11:52:55.215094+00:00
-25.8723451,28.1437968,ROOIHUISKRAAL NOORD X01,REDDERSBURG STREET,TSH,79900069,https://powerfailure.tshwane.gov.za/Tshwanesms/Map.aspx,"-25.8723,28.1438|ROOIHUISKRAAL NOORD X01#0",2026-09-23 15:54:26.696532+00:00,2026-09-24 04:56:34.817108+00:00,19.97,2026-09-24 11:52:55.215094+00:00
-25.8752451,28.1456972,ROOIHUISKRAAL NOORD X14,PEPERMENT CRESCENT,TSH,79900069,https://powerfailure.tshwane.gov.za/Tshwanesms/Map.aspx,"-25.8752,28.1457|ROOIHUISKRAAL NOORD X14#0",2026-09-23 15:54:26.696532+00:00,2026-09-24 04:56:34.817108+00:00,19.97,2026-09-24 11:52:55.215094+00:00
-25.8809886,28.1441423,ROOIHUISKRAAL NOORD X16,WAGTAIL CRESCENT,TSH,79900069,https://powerfailure.tshwane.gov.za/Tshwanesms/Map.aspx,"-25.8810,28.1441|ROOIHUISKRAAL NOORD X16#0",2026-09-23 15:54:26.696532+00:00,2026-09-24 04:56:34.817108+00:00,19.97,2026-09-24 11:52:55.215094+00:00
-25.8808334,28.1435191,ROOIHUISKRAAL NOORD X16,WAGTAIL CRESCENT,TSH,79900069,https://powerfailure.tshwane.gov.za/Tshwanesms/Map.aspx,"-25.8808,28.1435|ROOIHUISKRAAL NOORD X16#0",2026-09-23 15:54:26.696532+00:00,2026-09-24 04:56:34.817108+00:00,19.97,2026-09-24 11:52:55.215094+00:00
-25.8814474,28.1436179,ROOIHUISKRAAL NOORD X16,WAGTAIL CRESCENT,TSH,79900069,https://powerfailure.tshwane.gov.za/Tshwanesms/Map.aspx,"-25.8814,28.1436|ROOIHUISKRAAL NOORD X16#0",2026-09-23 15:54:26.696532+00:00,2026-09-24 04:56:34.817108+00:00,19.97,2026-09-24 11:52:55.215094+00:00
-25.8839997,28.1464373,ROOIHUISKRAAL NOORD X16,PARTRIDGE STREET,TSH,79900069,https://powerfailure.tshwane.gov.za/Tshwanesms/Map.aspx,"-25.8840,28.1464|ROOIHUISKRAAL NOORD X16#0",2026-09-23 15:54:26.696532+00:00,2026-09-24 04:56:34.817108+00:00,19.97,2026-09-24 11:52:55.215094+00:00
-25.8825465,28.151157,ROOIHUISKRAAL NOORD X16,WOODPECKER STREET,TSH,79900069,https://powerfailure.tshwane.gov.za/Tshwanesms/Map.aspx,"-25.8825,28.1512|ROOIHUISKRAAL NOORD X16#0",2026-09-23 15:54:26.696532+00:00,2026-09-24 04:56:34.817108+00:00,19.97,2026-09-24 11:52:55.215094+00:00
-25.8787176,28.1320446,ROOIHUISKRAAL NOORD X18,WAHLBERG EAGLE STREET,TSH,79900048,https://powerfailure.tshwane.gov.za/Tshwanesms/Map.aspx,"-25.8787,28.1320|ROOIHUISKRAAL NOORD X18#0",2026-09-23 15:54:26.696532+00:00,2026-09-24 04:56:34.817108+00:00,19.97,2026-09-24 11:52:55.215094+00:00
-25.8752935,28.1321949,ROOIHUISKRAAL NOORD X18,FALCON STREET,TSH,79900048,https://powerfailure.tshwane.gov.za/Tshwanesms/Map.aspx,"-25.8753,28.1322|ROOIHUISKRAAL NOORD X18#0",2026-09-23 15:54:26.696532+00:00,2026-09-24 04:56:34.817108+00:00,19.97,2026-09-24 11:52:55.215094+00:00
-25.8753733,28.1327887,ROOIHUISKRAAL NOORD X18,FALCON STREET,TSH,79900048,https://powerfailure.tshwane.gov.za/Tshwanesms/Map.aspx,"-25.8754,28.1328|ROOIHUISKRAAL NOORD X18#0",2026-09-23 15:54:26.696532+00:00,2026-09-24 04:56:34.817108+00:00,19.97,2026-09-24 11:52:55.215094+00:00
-25.8684819,28.1515732,WIERDAPARK X02,THEUNS VAN NIEKERK STREET,TSH,79900069,https://powerfailure.tshwane.gov.za/Tshwanesms/Map.aspx,"-25.8685,28.1516|WIERDAPARK X02#0",2026-09-23 15:54:26.696532+00:00,2026-09-24 04:56:34.817108+00:00,19.97,2026-09-24 11:52:55.215094+00:00
-25.8742685,28.1458664,WIERDAPARK X02,PONGOLA STREET,TSH,79900069,https://powerfailure.tshwane.gov.za/Tshwanesms/Map.aspx,"-25.8743,28.1459|WIERDAPARK X02#0",2026-09-23 15:54:26.696532+00:00,2026-09-24 04:56:34.817108+00:00,19.97,2026-09-24 11:52:55.215094+00:00
-25.8740064,28.1511238,WIERDAPARK X02,FICKSBURG STREET,TSH,79900069,https://powerfailure.tshwane.gov.za/Tshwanesms/Map.aspx,"-25.8740,28.1511|WIERDAPARK X02#0",2026-09-23 15:54:26.696532+00:00,2026-09-24 04:56:34.817108+00:00,19.97,2026-09-24 11:52:55.215094+00:00
-25.8744629,28.1568985,WIERDAPARK X02,NOUPOORT AVENUE,TSH,79900069,https://powerfailure.tshwane.gov.za/Tshwanesms/Map.aspx,"-25.8745,28.1569|WIERDAPARK X02#0",2026-09-23 15:54:26.696532+00:00,2026-09-24 04:56:34.817108+00:00,19.97,2026-09-24 11:52:55.215094+00:00
-25.8747273,28.1558335,WIERDAPARK X02,GANSBAAI STREET,TSH,79900069,https://powerfailure.tshwane.gov.za/Tshwanesms/Map.aspx,"-25.8747,28.1558|WIERDAPARK X02#0",2026-09-23 15:54:26.696532+00:00,2026-09-24 04:56:34.817108+00:00,19.97,2026-09-24 11:52:55.215094+00:00
-25.8756817,28.1589565,WIERDAPARK X02,ILLOVO AVENUE,TSH,79900069,https://powerfailure.tshwane.gov.za/Tshwanesms/Map.aspx,"-25.8757,28.1590|WIERDAPARK X02#0",2026-09-23 15:54:26.696532+00:00,2026-09-24 04:56:34.817108+00:00,19.97,2026-09-24 11:52:55.215094+00:00
-25.874086,28.1593371,WIERDAPARK X02,SABIE AVENUE,TSH,79900069,https://powerfailure.tshwane.gov.za/Tshwanesms/Map.aspx,"-25.8741,28.1593|WIERDAPARK X02#0",2026-09-23 15:54:26.696532+00:00,2026-09-24 04:56:34.817108+00:00,19.97,2026-09-24 11:52:55.215094+00:00
-25.8754017,28.1572548,WIERDAPARK X02,NOUPOORT AVENUE,TSH,79900069,https://powerfailure.tshwane.gov.za/Tshwanesms/Map.aspx,"-25.8754,28.1573|WIERDAPARK X02#0",2026-09-23 15:54:26.696532+00:00,2026-09-24 04:56:34.817108+00:00,19.97,2026-09-24 11:52:55.215094+00:00
-25.706537,28.150621,DASPOORT,HENRY NOURSE STREET,TSH,79900001,https://powerfailure.tshwane.gov.za/Tshwanesms/Map.aspx,"-25.7065,28.1506|DASPOORT#0",2026-09-23 15:54:26.696532+00:00,2026-09-24 04:56:34.817108+00:00,19.97,2026-09-24 11:52:55.215094+00:00
-25.7059854,28.1488387,DASPOORT,RIBBENS STREET,TSH,79900001,https://powerfailure.tshwane.gov.za/Tshwanesms/Map.aspx,"-25.7060,28.1488|DASPOORT#0",2026-09-23 15:54:26.696532+00:00,2026-09-24 04:56:34.817108+00:00,19.97,2026-09-24 11:52:55.215094+00:00
-25.7079309,28.1470706,DASPOORT,FRIEDA STREET,TSH,79900001,https://powerfailure.tshwane.gov.za/Tshwanesms/Map.aspx,"-25.7079,28.1471|DASPOORT#0",2026-09-23 15:54:26.696532+00:00,2026-09-24 04:56:34.817108+00:00,19.97,2026-09-24 11:52:55.215094+00:00
-25.7088446,28.1483357,DASPOORT,RIBBENS STREET,TSH,79900001,https://powerfailure.tshwane.gov.za/Tshwanesms/Map.aspx,"-25.7088,28.1483|DASPOORT#0",2026-09-23 15:54:26.696532+00:00,2026-09-24 04:56:34.817108+00:00,19.97,2026-09-24 11:52:55.215094+00:00
-25.7091302,28.1503816,DASPOORT,FERDINAND STREET,TSH,79900001,https://powerfailure.tshwane.gov.za/Tshwanesms/Map.aspx,"-25.7091,28.1504|DASPOORT#0",2026-09-23 15:54:26.696532+00:00,2026-09-24 04:56:34.817108+00:00,19.97,2026-09-24 11:52:55.215094+00:00
-25.7098925,28.1480827,DASPOORT,VAN DER STELL STREET,TSH,79900001,https://powerfailure.tshwane.gov.za/Tshwanesms/Map.aspx,"-25.7099,28.1481|DASPOORT#0",2026-09-23 15:54:26.696532+00:00,2026-09-24 04:56:34.817108+00:00,19.97,2026-09-24 11:52:55.215094+00:00
-25.7101582,28.1507289,DASPOORT,FERDINAND STREET,TSH,79900001,https://powerfailure.tshwane.gov.za/Tshwanesms/Map.aspx,"-25.7102,28.1507|DASPOORT#0",2026-09-23 15:54:26.696532+00:00,2026-09-24 04:56:34.817108+00:00,19.97,2026-09-24 11:52:55.215094+00:00
-25.7111465,28.1426572,DASPOORT,TALJAARD STREET,TSH,79900001,https://powerfailure.tshwane.gov.za/Tshwanesms/Map.aspx,"-25.7111,28.1427|DASPOORT#0",2026-09-23 15:54:26.696532+00:00,2026-09-24 04:56:34.817108+00:00,19.97,2026-09-24 11:52:55.215094+00:00
-25.7115306,28.1454798,DASPOORT,TALJAARD STREET,TSH,79900001,https://powerfailure.tshwane.gov.za/Tshwanesms/Map.aspx,"-25.7115,28.1455|DASPOORT#0",2026-09-23 15:54:26.696532+00:00,2026-09-24 04:56:34.817108+00:00,19.97,2026-09-24 11:52:55.215094+00:00
-25.7115306,28.1454798,DASPOORT,TALJAARD STREET,TSH,79900001,https://powerfailure.tshwane.gov.za/Tshwanesms/Map.aspx,"-25.7115,28.1455|DASPOORT#1",2026-09-23 15:54:26.696532+00:00,2026-09-24 04:56:34.817108+00:00,19.97,2026-09-24 11:52:55.215094+00:00
-25.7120471,28.1504056,DASPOORT,FERDINAND STREET,TSH,79900001,https://powerfailure.tshwane.gov.za/Tshwanesms/Map.aspx,"-25.7120,28.1504|DASPOORT#0",2026-09-23 15:54:26.696532+00:00,2026-09-24 04:56:34.817108+00:00,19.97,2026-09-24 11:52:55.215094+00:00
-25.7140841,28.1448185,DASPOORT,JENNINGS STREET,TSH,79900001,https://powerfailure.tshwane.gov.za/Tshwanesms/Map.aspx,"-25.7141,28.1448|DASPOORT#0",2026-09-23 15:54:26.696532+00:00,2026-09-24 04:56:34.817108+00:00,19.97,2026-09-24 11:52:55.215094+00:00
-25.7160794,28.1428699,DASPOORT,TULBAGH STREET,TSH,79900001,https://powerfailure.tshwane.gov.za/Tshwanesms/Map.aspx,"-25.7161,28.1429|DASPOORT#0",2026-09-23 15:54:26.696532+00:00,2026-09-24 04:56:34.817108+00:00,19.97,2026-09-24 11:52:55.215094+00:00
-25.7167115,28.1447,DASPOORT,ROSS STREET,TSH,79900001,https://powerfailure.tshwane.gov.za/Tshwanesms/Map.aspx,"-25.7167,28.1447|DASPOORT#0",2026-09-23 15:54:26.696532+00:00,2026-09-24 04:56:34.817108+00:00,19.97,2026-09-24 11:52:55.215094+00:00
-25.7173118,28.1445178,DASPOORT,ROSS STREET,TSH,79900001,https://powerfailure.tshwane.gov.za/Tshwanesms/Map.aspx,"-25.7173,28.1445|DASPOORT#0",2026-09-23 15:54:26.696532+00:00,2026-09-24 04:56:34.817108+00:00,19.97,2026-09-24 11:52:55.215094+00:00
-25.7116748,28.1614943,DASPOORT,NAPIER STREET,TSH,79900001,https://powerfailure.tshwane.gov.za/Tshwanesms/Map.aspx,"-25.7117,28.1615|DASPOORT#0",2026-09-23 15:54:26.696532+00:00,2026-09-24 04:56:34.817108+00:00,19.97,2026-09-24 11:52:55.215094+00:00
-25.7125798,28.1634698,DASPOORT,BOTHA STREET,TSH,79900001,https://powerfailure.tshwane.gov.za/Tshwanesms/Map.aspx,"-25.7126,28.1635|DASPOORT#0",2026-09-23 15:54:26.696532+00:00,2026-09-24 04:56:34.817108+00:00,19.97,2026-09-24 11:52:55.215094+00:00
-25.7137099,28.1642416,DASPOORT,HERMAN STREET,TSH,79900001,https://powerfailure.tshwane.gov.za/Tshwanesms/Map.aspx,"-25.7137,28.1642|DASPOORT#0",2026-09-23 15:54:26.696532+00:00,2026-09-24 04:56:34.817108+00:00,19.97,2026-09-24 11:52:55.215094+00:00
-25.7126785,28.1612098,DASPOORT,HERMAN STREET,TSH,79900001,https://powerfailure.tshwane.gov.za/Tshwanesms/Map.aspx,"-25.7127,28.1612|DASPOORT#0",2026-09-23 15:54:26.696532+00:00,2026-09-24 04:56:34.817108+00:00,19.97,2026-09-24 11:52:55.215094+00:00
-25.910428,28.1005439,OLIEVENHOUTBOS X15,INOMFI STREET,TSH,79900106,https://powerfailure.tshwane.gov.za/Tshwanesms/Map.aspx,"-25.9104,28.1005|OLIEVENHOUTBOS X15#0",2026-09-23 15:54:26.696532+00:00,2026-09-24 04:56:34.817108+00:00,19.97,2026-09-24 11:52:55.215094+00:00
-25.7058766,28.1548916,DASPOORT ESTATE,OUWERF STREET,TSH,79900001,https://powerfailure.tshwane.gov.za/Tshwanesms/Map.aspx,"-25.7059,28.1549|DASPOORT ESTATE#0",2026-09-23 15:54:26.696532+00:00,2026-09-24 04:56:34.817108+00:00,19.97,2026-09-24 11:52:55.215094+00:00
-25.707099,28.155378,DASPOORT ESTATE,KEYTER STREET,TSH,79900001,https://powerfailure.tshwane.gov.za/Tshwanesms/Map.aspx,"-25.7071,28.1554|DASPOORT ESTATE#0",2026-09-23 15:54:26.696532+00:00,2026-09-24 04:56:34.817108+00:00,19.97,2026-09-24 11:52:55.215094+00:00
-25.7067853,28.1525265,DASPOORT ESTATE,VAN DEN HEEVER STREET,TSH,79900001,https://powerfailure.tshwane.gov.za/Tshwanesms/Map.aspx,"-25.7068,28.1525|DASPOORT ESTATE#0",2026-09-23 15:54:26.696532+00:00,2026-09-24 04:56:34.817108+00:00,19.97,2026-09-24 11:52:55.215094+00:00
-25.7100001,28.1902671,LES MARAIS,BOOYSEN STREET,TSH,79900053,https://powerfailure.tshwane.gov.za/Tshwanesms/Map.aspx,"-25.7100,28.1903|LES MARAIS#0",2026-09-23 15:54:26.696532+00:00,2026-09-24 04:56:34.817108+00:00,19.97,2026-09-24 11:52:55.215094+00:00
-25.723422,28.162356,HERMANSTAD,BOHLMANN STREET,TSH,79900001,https://powerfailure.tshwane.gov.za/Tshwanesms/Map.aspx,"-25.7234,28.1624|HERMANSTAD#0",2026-09-23 15:54:26.696532+00:00,2026-09-24 04:56:34.817108+00:00,19.97,2026-09-24 11:52:55.215094+00:00
-25.7225974,28.1640538,HERMANSTAD,MARTIN-OORD,TSH,79900001,https://powerfailure.tshwane.gov.za/Tshwanesms/Map.aspx,"-25.7226,28.1641|HERMANSTAD#0",2026-09-23 15:54:26.696532+00:00,2026-09-24 04:56:34.817108+00:00,19.97,2026-09-24 11:52:55.215094+00:00
-25.7227249,28.1643027,HERMANSTAD,MARTIN-OORD,TSH,79900001,https://powerfailure.tshwane.gov.za/Tshwanesms/Map.aspx,"-25.7227,28.1643|HERMANSTAD#0",2026-09-23 15:54:26.696532+00:00,2026-09-24 04:56:34.817108+00:00,19.97,2026-09-24 11:52:55.215094+00:00
-25.8465103,28.2022955,LYTTELTON MANOR X03,AMETHUST AVENUE,TSH,79900057,https://powerfailure.tshwane.gov.za/Tshwanesms/Map.aspx,"-25.8465,28.2023|LYTTELTON MANOR X03#0",2026-09-23 15:54:26.696532+00:00,2026-09-24 04:56:34.817108+00:00,19.97,2026-09-24 11:52:55.215094+00:00
-25.848225,28.2036092,LYTTELTON MANOR X03,GLOVER AVENUE,TSH,79900057,https://powerfailure.tshwane.gov.za/Tshwanesms/Map.aspx,"-25.8482,28.2036|LYTTELTON MANOR X03#0",2026-09-23 15:54:26.696532+00:00,2026-09-24 04:56:34.817108+00:00,19.97,2026-09-24 11:52:55.215094+00:00
-25.9086199,28.115047,OLIEVENHOUTBOS,STAND,TSH,79900077,https://powerfailure.tshwane.gov.za/Tshwanesms/Map.aspx,"-25.9086,28.1150|OLIEVENHOUTBOS#0",2026-09-23 15:54:26.696532+00:00,2026-09-24 04:56:34.817108+00:00,19.97,2026-09-24 11:52:55.215094+00:00
-25.7914902,28.1116489,CLAUDIUS X01,SASTRI AVENUE,TSH,79900061,https://powerfailure.tshwane.gov.za/Tshwanesms/Map.aspx,"-25.7915,28.1116|CLAUDIUS X01#0",2026-09-23 15:54:26.696532+00:00,2026-09-24 04:56:34.817108+00:00,19.97,2026-09-24 11:52:55.215094+00:00
-25.502398,28.1108122,SOSHANGUVE-CC,STAND 91,TSH,79900033,https://powerfailure.tshwane.gov.za/Tshwanesms/Map.aspx,"-25.5024,28.1108|SOSHANGUVE-CC#0",2026-09-23 21:32:43.518437+00:00,2026-09-24 04:56:34.817108+00:00,14.34,2026-09-24 11:52:55.215094+00:00
-25.5014745,28.1026168,SOSHANGUVE-AA,STAND 536,TSH,79900033,https://powerfailure.tshwane.gov.za/Tshwanesms/Map.aspx,"-25.5015,28.1026|SOSHANGUVE-AA#0",2026-09-24 04:53:01.668402+00:00,2026-09-24 04:56:34.817108+00:00,7.0,2026-09-24 11:52:55.215094+00:00
-25.7447134,28.2304593,HATFIELD,PRETORIUS STREET,TSH,79900092,https://powerfailure.tshwane.gov.za/Tshwanesms/Map.aspx,"-25.7447,28.2305|HATFIELD#0",2026-09-23 15:54:26.696532+00:00,2026-09-24 04:56:34.817108+00:00,19.97,2026-09-24 11:52:55.215094+00:00
-25.7857131,28.1058673,LAUDIUM,EMERALD STREET,TSH,79900061,https://powerfailure.tshwane.gov.za/Tshwanesms/Map.aspx,"-25.7857,28.1059|LAUDIUM#0",2026-09-23 15:54:26.696532+00:00,2026-09-24 04:56:34.817108+00:00,19.97,2026-09-24 11:52:55.215094+00:00
-25.8604724,28.2097773,DORINGKLOOF,KORANNA AVENUE,TSH,79900078,https://powerfailure.tshwane.gov.za/Tshwanesms/Map.aspx,"-25.8605,28.2098|DORINGKLOOF#0",2026-09-23 15:54:26.696532+00:00,2026-09-24 04:56:34.817108+00:00,19.97,2026-09-24 11:52:55.215094+00:00
-25.8564775,28.2142053,DORINGKLOOF,DAHLIA AVENUE,TSH,79900078,https://powerfailure.tshwane.gov.za/Tshwanesms/Map.aspx,"-25.8565,28.2142|DORINGKLOOF#0",2026-09-23 15:54:26.696532+00:00,2026-09-24 04:56:34.817108+00:00,19.97,2026-09-24 11:52:55.215094+00:00
-25.7191054,28.1499912,PRETORIA GARDENS,VAN DER HOFF ROAD,TSH,79900001,https://powerfailure.tshwane.gov.za/Tshwanesms/Map.aspx,"-25.7191,28.1500|PRETORIA GARDENS#0",2026-09-23 15:54:26.696532+00:00,2026-09-24 04:56:34.817108+00:00,19.97,2026-09-24 11:52:55.215094+00:00
-25.71956,28.1475866,PRETORIA GARDENS,SANNIE ST,TSH,79900055,https://powerfailure.tshwane.gov.za/Tshwanesms/Map.aspx,"-25.7196,28.1476|PRETORIA GARDENS#0",2026-09-23 15:54:26.696532+00:00,2026-09-24 04:56:34.817108+00:00,19.97,2026-09-24 11:52:55.215094+00:00
-25.7207698,28.1467525,PRETORIA GARDENS,ERNEST STREET,TSH,79900055,https://powerfailure.tshwane.gov.za/Tshwanesms/Map.aspx,"-25.7208,28.1468|PRETORIA GARDENS#0",2026-09-23 15:54:26.696532+00:00,2026-09-24 04:56:34.817108+00:00,19.97,2026-09-24 11:52:55.215094+00:00
-25.7214399,28.1430098,PRETORIA GARDENS,HANNY STREET,TSH,79900055,https://powerfailure.tshwane.gov.za/Tshwanesms/Map.aspx,"-25.7214,28.1430|PRETORIA GARDENS#0",2026-09-23 15:54:26.696532+00:00,2026-09-24 04:56:34.817108+00:00,19.97,2026-09-24 11:52:55.215094+00:00
-25.7223215,28.1452751,PRETORIA GARDENS,WILLIE BEHRENDS STREET,TSH,79900055,https://powerfailure.tshwane.gov.za/Tshwanesms/Map.aspx,"-25.7223,28.1453|PRETORIA GARDENS#0",2026-09-23 15:54:26.696532+00:00,2026-09-24 04:56:34.817108+00:00,19.97,2026-09-24 11:52:55.215094+00:00
-25.7233467,28.1528458,PRETORIA GARDENS,KWINT STREET,TSH,79900001,https://powerfailure.tshwane.gov.za/Tshwanesms/Map.aspx,"-25.7233,28.1528|PRETORIA GARDENS#0",2026-09-23 15:54:26.696532+00:00,2026-09-24 04:56:34.817108+00:00,19.97,2026-09-24 11:52:55.215094+00:00
-25.7258817,28.1598979,PRETORIA GARDENS,WEIR STREET,TSH,79900001,https://powerfailure.tshwane.gov.za/Tshwanesms/Map.aspx,"-25.7259,28.1599|PRETORIA GARDENS#0",2026-09-23 15:54:26.696532+00:00,2026-09-24 04:56:34.817108+00:00,19.97,2026-09-24 11:52:55.215094+00:00
-25.726326,28.1523541,PRETORIA GARDENS,LOUISE STREET,TSH,79900001,https://powerfailure.tshwane.gov.za/Tshwanesms/Map.aspx,"-25.7263,28.1524|PRETORIA GARDENS#0",2026-09-23 15:54:26.696532+00:00,2026-09-24 04:56:34.817108+00:00,19.97,2026-09-24 11:52:55.215094+00:00
-25.7257348,28.154355,PRETORIA GARDENS,WEIR STREET,TSH,79900001,https://powerfailure.tshwane.gov.za/Tshwanesms/Map.aspx,"-25.7257,28.1544|PRETORIA GARDENS#0",2026-09-23 15:54:26.696532+00:00,2026-09-24 04:56:34.817108+00:00,19.97,2026-09-24 11:52:55.215094+00:00
-25.727414,28.1559337,PRETORIA GARDENS,LOUISE STREET,TSH,79900001,https://powerfailure.tshwane.gov.za/Tshwanesms/Map.aspx,"-25.7274,28.1559|PRETORIA GARDENS#0",2026-09-23 15:54:26.696532+00:00,2026-09-24 04:56:34.817108+00:00,19.97,2026-09-24 11:52:55.215094+00:00
-25.7217359,28.1546524,PRETORIA GARDENS X02,ERNEST STREET,TSH,79900001,https://powerfailure.tshwane.gov.za/Tshwanesms/Map.aspx,"-25.7217,28.1547|PRETORIA GARDENS X02#0",2026-09-23 15:54:26.696532+00:00,2026-09-24 04:56:34.817108+00:00,19.97,2026-09-24 11:52:55.215094+00:00
-25.72202,28.154098,PRETORIA GARDENS X02,POWELL STREET,TSH,79900001,https://powerfailure.tshwane.gov.za/Tshwanesms/Map.aspx,"-25.7220,28.1541|PRETORIA GARDENS X02#0",2026-09-23 15:54:26.696532+00:00,2026-09-24 04:56:34.817108+00:00,19.97,2026-09-24 11:52:55.215094+00:00
-25.7218857,28.1531051,PRETORIA GARDENS X02,POWELL STREET,TSH,79900001,https://powerfailure.tshwane.gov.za/Tshwanesms/Map.aspx,"-25.7219,28.1531|PRETORIA GARDENS X02#0",2026-09-23 15:54:26.696532+00:00,2026-09-24 04:56:34.817108+00:00,19.97,2026-09-24 11:52:55.215094+00:00
-25.7215344,28.1531631,PRETORIA GARDENS X02,ERNEST STREET,TSH,79900001,https://powerfailure.tshwane.gov.za/Tshwanesms/Map.aspx,"-25.7215,28.1532|PRETORIA GARDENS X02#0",2026-09-23 15:54:26.696532+00:00,2026-09-24 04:56:34.817108+00:00,19.97,2026-09-24 11:52:55.215094+00:00
-25.7224337,28.1542127,PRETORIA GARDENS X02,HANNY STREET,TSH,79900001,https://powerfailure.tshwane.gov.za/Tshwanesms/Map.aspx,"-25.7224,28.1542|PRETORIA GARDENS X02#0",2026-09-23 15:54:26.696532+00:00,2026-09-24 04:56:34.817108+00:00,19.97,2026-09-24 11:52:55.215094+00:00
-25.7244205,28.1435884,PRETORIA GARDENS,WEIR STREET,TSH,79900055,https://powerfailure.tshwane.gov.za/Tshwanesms/Map.aspx,"-25.7244,28.1436|PRETORIA GARDENS#0",2026-09-23 15:54:26.696532+00:00,2026-09-24 04:56:34.817108+00:00,19.97,2026-09-24 11:52:55.215094+00:00
-25.7182667,28.1411257,PRETORIA GARDENS,TUIN STREET,TSH,79900055,https://powerfailure.tshwane.gov.za/Tshwanesms/Map.aspx,"-25.7183,28.1411|PRETORIA GARDENS#0",2026-09-23 15:54:26.696532+00:00,2026-09-24 04:56:34.817108+00:00,19.97,2026-09-24 11:52:55.215094+00:00
-25.8612808,28.2070739,DORINGKLOOF,KARIN AVENUE,TSH,79900078,https://powerfailure.tshwane.gov.za/Tshwanesms/Map.aspx,"-25.8613,28.2071|DORINGKLOOF#0",2026-09-23 15:54:26.696532+00:00,2026-09-24 04:56:34.817108+00:00,19.97,2026-09-24 11:52:55.215094+00:00
-25.8601865,28.205658,DORINGKLOOF,RONEL STREET,TSH,79900078,https://powerfailure.tshwane.gov.za/Tshwanesms/Map.aspx,"-25.8602,28.2057|DORINGKLOOF#0",2026-09-23 15:54:26.696532+00:00,2026-09-24 04:56:34.817108+00:00,19.97,2026-09-24 11:52:55.215094+00:00
-25.8619758,28.2021222,DORINGKLOOF,CECILE STREET,TSH,79900078,https://powerfailure.tshwane.gov.za/Tshwanesms/Map.aspx,"-25.8620,28.2021|DORINGKLOOF#0",2026-09-23 15:54:26.696532+00:00,2026-09-24 04:56:34.817108+00:00,19.97,2026-09-24 11:52:55.215094+00:00
-25.8613898,28.2015602,DORINGKLOOF,SONJA STREET,TSH,79900078,https://powerfailure.tshwane.gov.za/Tshwanesms/Map.aspx,"-25.8614,28.2016|DORINGKLOOF#0",2026-09-23 15:54:26.696532+00:00,2026-09-24 04:56:34.817108+00:00,19.97,2026-09-24 11:52:55.215094+00:00
-25.8579751,28.2018435,DORINGKLOOF,LEONIE STREET,TSH,79900078,https://powerfailure.tshwane.gov.za/Tshwanesms/Map.aspx,"-25.8580,28.2018|DORINGKLOOF#0",2026-09-23 15:54:26.696532+00:00,2026-09-24 04:56:34.817108+00:00,19.97,2026-09-24 11:52:55.215094+00:00
-25.8589249,28.2015946,DORINGKLOOF,LOUISE STREET,TSH,79900078,https://powerfailure.tshwane.gov.za/Tshwanesms/Map.aspx,"-25.8589,28.2016|DORINGKLOOF#0",2026-09-23 15:54:26.696532+00:00,2026-09-24 04:56:34.817108+00:00,19.97,2026-09-24 11:52:55.215094+00:00
-25.8572131,28.2040582,DORINGKLOOF,SONJA STREET,TSH,79900078,https://powerfailure.tshwane.gov.za/Tshwanesms/Map.aspx,"-25.8572,28.2041|DORINGKLOOF#0",2026-09-23 15:54:26.696532+00:00,2026-09-24 04:56:34.817108+00:00,19.97,2026-09-24 11:52:55.215094+00:00
-25.8556742,28.2071508,DORINGKLOOF,SONJA STREET,TSH,79900078,https://powerfailure.tshwane.gov.za/Tshwanesms/Map.aspx,"-25.8557,28.2072|DORINGKLOOF#0",2026-09-23 15:54:26.696532+00:00,2026-09-24 04:56:34.817108+00:00,19.97,2026-09-24 11:52:55.215094+00:00
-25.8553915,28.2066081,DORINGKLOOF,SONJA STREET,TSH,79900078,https://powerfailure.tshwane.gov.za/Tshwanesms/Map.aspx,"-25.8554,28.2066|DORINGKLOOF#0",2026-09-23 15:54:26.696532+00:00,2026-09-24 04:56:34.817108+00:00,19.97,2026-09-24 11:52:55.215094+00:00
-25.8544763,28.2056815,DORINGKLOOF,DEODAR STREET,TSH,79900078,https://powerfailure.tshwane.gov.za/Tshwanesms/Map.aspx,"-25.8545,28.2057|DORINGKLOOF#0",2026-09-23 15:54:26.696532+00:00,2026-09-24 04:56:34.817108+00:00,19.97,2026-09-24 11:52:55.215094+00:00
-25.851688,28.2080964,DORINGKLOOF,GLOVER AVENUE,TSH,79900078,https://powerfailure.tshwane.gov.za/Tshwanesms/Map.aspx,"-25.8517,28.2081|DORINGKLOOF#0",2026-09-23 15:54:26.696532+00:00,2026-09-24 04:56:34.817108+00:00,19.97,2026-09-24 11:52:55.215094+00:00
-25.8513654,28.2107146,DORINGKLOOF,GAMTOOS AVENUE,TSH,79900078,https://powerfailure.tshwane.gov.za/Tshwanesms/Map.aspx,"-25.8514,28.2107|DORINGKLOOF#0",2026-09-23 15:54:26.696532+00:00,2026-09-24 04:56:34.817108+00:00,19.97,2026-09-24 11:52:55.215094+00:00
-25.8521397,28.2134925,DORINGKLOOF,JASPER AVENUE,TSH,79900078,https://powerfailure.tshwane.gov.za/Tshwanesms/Map.aspx,"-25.8521,28.2135|DORINGKLOOF#0",2026-09-23 15:54:26.696532+00:00,2026-09-24 04:56:34.817108+00:00,19.97,2026-09-24 11:52:55.215094+00:00
-25.8512241,28.212748,DORINGKLOOF,JASPER AVENUE,TSH,79900078,https://powerfailure.tshwane.gov.za/Tshwanesms/Map.aspx,"-25.8512,28.2127|DORINGKLOOF#0",2026-09-23 15:54:26.696532+00:00,2026-09-24 04:56:34.817108+00:00,19.97,2026-09-24 11:52:55.215094+00:00
-25.851048,28.213538,DORINGKLOOF,LETABA AVENUE,TSH,79900078,https://powerfailure.tshwane.gov.za/Tshwanesms/Map.aspx,"-25.8510,28.2135|DORINGKLOOF#0",2026-09-23 15:54:26.696532+00:00,2026-09-24 04:56:34.817108+00:00,19.97,2026-09-24 11:52:55.215094+00:00
-25.8536507,28.2157471,DORINGKLOOF,JASPER AVENUE,TSH,79900078,https://powerfailure.tshwane.gov.za/Tshwanesms/Map.aspx,"-25.8537,28.2157|DORINGKLOOF#0",2026-09-23 15:54:26.696532+00:00,2026-09-24 04:56:34.817108+00:00,19.97,2026-09-24 11:52:55.215094+00:00
-25.8529354,28.215413,DORINGKLOOF,JASPER AVENUE,TSH,79900078,https://powerfailure.tshwane.gov.za/Tshwanesms/Map.aspx,"-25.8529,28.2154|DORINGKLOOF#0",2026-09-23 15:54:26.696532+00:00,2026-09-24 04:56:34.817108+00:00,19.97,2026-09-24 11:52:55.215094+00:00
-25.8775715,28.1534366,ROOIHUISKRAAL NOORD,DIEDRIKKIE AVENUE,TSH,79900069,https://powerfailure.tshwane.gov.za/Tshwanesms/Map.aspx,"-25.8776,28.1534|ROOIHUISKRAAL NOORD#0",2026-09-23 15:54:26.696532+00:00,2026-09-24 04:56:34.817108+00:00,19.97,2026-09-24 11:52:55.215094+00:00
-25.8781098,28.1574371,ROOIHUISKRAAL NOORD,FLUFFTAIL STREET,TSH,79900069,https://powerfailure.tshwane.gov.za/Tshwanesms/Map.aspx,"-25.8781,28.1574|ROOIHUISKRAAL NOORD#0",2026-09-23 15:54:26.696532+00:00,2026-09-24 04:56:34.817108+00:00,19.97,2026-09-24 11:52:55.215094+00:00
-25.8746748,28.1457468,ROOIHUISKRAAL NOORD X14,PEPERMENT CRESCENT,TSH,79900069,https://powerfailure.tshwane.gov.za/Tshwanesms/Map.aspx,"-25.8747,28.1457|ROOIHUISKRAAL NOORD X14#0",2026-09-23 15:54:26.696532+00:00,2026-09-24 04:56:34.817108+00:00,19.97,2026-09-24 11:52:55.215094+00:00
-25.8757952,28.1507694,ROOIHUISKRAAL NOORD X14,PONGOLA STREET,TSH,79900069,https://powerfailure.tshwane.gov.za/Tshwanesms/Map.aspx,"-25.8758,28.1508|ROOIHUISKRAAL NOORD X14#0",2026-09-23 15:54:26.696532+00:00,2026-09-24 04:56:34.817108+00:00,19.97,2026-09-24 11:52:55.215094+00:00
-25.878169,28.1504652,ROOIHUISKRAAL NOORD X14,TIEMIE CRESCENT,TSH,79900069,https://powerfailure.tshwane.gov.za/Tshwanesms/Map.aspx,"-25.8782,28.1505|ROOIHUISKRAAL NOORD X14#0",2026-09-23 15:54:26.696532+00:00,2026-09-24 04:56:34.817108+00:00,19.97,2026-09-24 11:52:55.215094+00:00
-25.8815368,28.1445273,ROOIHUISKRAAL NOORD X16,PARTRIDGE STREET,TSH,79900069,https://powerfailure.tshwane.gov.za/Tshwanesms/Map.aspx,"-25.8815,28.1445|ROOIHUISKRAAL NOORD X16#0",2026-09-23 15:54:26.696532+00:00,2026-09-24 04:56:34.817108+00:00,19.97,2026-09-24 11:52:55.215094+00:00
-25.8819307,28.1502322,ROOIHUISKRAAL NOORD X16,PARTRIDGE STREET,TSH,79900069,https://powerfailure.tshwane.gov.za/Tshwanesms/Map.aspx,"-25.8819,28.1502|ROOIHUISKRAAL NOORD X16#0",2026-09-23 15:54:26.696532+00:00,2026-09-24 04:56:34.817108+00:00,19.97,2026-09-24 11:52:55.215094+00:00
-25.8816881,28.1541506,ROOIHUISKRAAL NOORD X25,CINERARIA STREET (GATE),TSH,79900069,https://powerfailure.tshwane.gov.za/Tshwanesms/Map.aspx,"-25.8817,28.1542|ROOIHUISKRAAL NOORD X25#0",2026-09-23 15:54:26.696532+00:00,2026-09-24 04:56:34.817108+00:00,19.97,2026-09-24 11:52:55.215094+00:00
-25.6989574,28.2189376,RIETFONTEIN,20TH AVENUE,TSH,79900054,https://powerfailure.tshwane.gov.za/Tshwanesms/Map.aspx,"-25.6990,28.2189|RIETFONTEIN#0",2026-09-23 15:54:26.696532+00:00,2026-09-24 04:56:34.817108+00:00,19.97,2026-09-24 11:52:55.215094+00:00
-25.868648,28.149559,WIERDAPARK X02,EVANDER STREET,TSH,79900069,https://powerfailure.tshwane.gov.za/Tshwanesms/Map.aspx,"-25.8686,28.1496|WIERDAPARK X02#0",2026-09-23 15:54:26.696532+00:00,2026-09-24 04:56:34.817108+00:00,19.97,2026-09-24 11:52:55.215094+00:00
-25.8701141,28.1459327,WIERDAPARK X02,MARIKANA STREET,TSH,79900069,https://powerfailure.tshwane.gov.za/Tshwanesms/Map.aspx,"-25.8701,28.1459|WIERDAPARK X02#0",2026-09-23 15:54:26.696532+00:00,2026-09-24 04:56:34.817108+00:00,19.97,2026-09-24 11:52:55.215094+00:00
-25.8690964,28.1499614,WIERDAPARK X02,EVANDER STREET,TSH,79900069,https://powerfailure.tshwane.gov.za/Tshwanesms/Map.aspx,"-25.8691,28.1500|WIERDAPARK X02#0",2026-09-23 15:54:26.696532+00:00,2026-09-24 04:56:34.817108+00:00,19.97,2026-09-24 11:52:55.215094+00:00
-25.8709701,28.1455174,WIERDAPARK X02,EDENVALE STREET,TSH,79900069,https://powerfailure.tshwane.gov.za/Tshwanesms/Map.aspx,"-25.8710,28.1455|WIERDAPARK X02#0",2026-09-23 15:54:26.696532+00:00,2026-09-24 04:56:34.817108+00:00,19.97,2026-09-24 11:52:55.215094+00:00
-25.8705747,28.1486802,WIERDAPARK X02,EDENVALE STREET,TSH,79900069,https://powerfailure.tshwane.gov.za/Tshwanesms/Map.aspx,"-25.8706,28.1487|WIERDAPARK X02#0",2026-09-23 15:54:26.696532+00:00,2026-09-24 04:56:34.817108+00:00,19.97,2026-09-24 11:52:55.215094+00:00
-25.8737429,28.1483293,WIERDAPARK X02,HERMANUS AVENUE,TSH,79900069,https://powerfailure.tshwane.gov.za/Tshwanesms/Map.aspx,"-25.8737,28.1483|WIERDAPARK X02#0",2026-09-23 15:54:26.696532+00:00,2026-09-24 04:56:34.817108+00:00,19.97,2026-09-24 11:52:55.215094+00:00
-25.8743536,28.1500958,WIERDAPARK X02,BRITS AVENUE,TSH,79900069,https://powerfailure.tshwane.gov.za/Tshwanesms/Map.aspx,"-25.8744,28.1501|WIERDAPARK X02#0",2026-09-23 15:54:26.696532+00:00,2026-09-24 04:56:34.817108+00:00,19.97,2026-09-24 11:52:55.215094+00:00
-25.8718674,28.1572099,WIERDAPARK,ESTCOURT DRIVE,TSH,79900069,https://powerfailure.tshwane.gov.za/Tshwanesms/Map.aspx,"-25.8719,28.1572|WIERDAPARK#0",2026-09-23 15:54:26.696532+00:00,2026-09-24 04:56:34.817108+00:00,19.97,2026-09-24 11:52:55.215094+00:00
-25.8731333,28.1546008,WIERDAPARK X02,ERMELO STREET,TSH,79900069,https://powerfailure.tshwane.gov.za/Tshwanesms/Map.aspx,"-25.8731,28.1546|WIERDAPARK X02#0",2026-09-23 15:54:26.696532+00:00,2026-09-24 04:56:34.817108+00:00,19.97,2026-09-24 11:52:55.215094+00:00
-25.8610388,28.2098461,DORINGKLOOF,KORANNA AVENUE,TSH,79900078,https://powerfailure.tshwane.gov.za/Tshwanesms/Map.aspx,"-25.8610,28.2098|DORINGKLOOF#0",2026-09-23 15:54:26.696532+00:00,2026-09-24 04:56:34.817108+00:00,19.97,2026-09-24 11:52:55.215094+00:00
-25.7185138,28.1443176,PRETORIA GARDENS,SANNIE ST,TSH,79900055,https://powerfailure.tshwane.gov.za/Tshwanesms/Map.aspx,"-25.7185,28.1443|PRETORIA GARDENS#0",2026-09-23 15:54:26.696532+00:00,2026-09-24 04:56:34.817108+00:00,19.97,2026-09-24 11:52:55.215094+00:00
-25.7197187,28.1445153,PRETORIA GARDENS,ERNEST STREET,TSH,79900055,https://powerfailure.tshwane.gov.za/Tshwanesms/Map.aspx,"-25.7197,28.1445|PRETORIA GARDENS#0",2026-09-23 15:54:26.696532+00:00,2026-09-24 04:56:34.817108+00:00,19.97,2026-09-24 11:52:55.215094+00:00
-25.7191986,28.1449184,PRETORIA GARDENS,SANNIE ST,TSH,79900055,https://powerfailure.tshwane.gov.za/Tshwanesms/Map.aspx,"-25.7192,28.1449|PRETORIA GARDENS#0",2026-09-23 15:54:26.696532+00:00,2026-09-24 04:56:34.817108+00:00,19.97,2026-09-24 11:52:55.215094+00:00
-25.7207657,28.1424868,PRETORIA GARDENS,HANNY STREET,TSH,79900055,https://powerfailure.tshwane.gov.za/Tshwanesms/Map.aspx,"-25.7208,28.1425|PRETORIA GARDENS#0",2026-09-23 15:54:26.696532+00:00,2026-09-24 04:56:34.817108+00:00,19.97,2026-09-24 11:52:55.215094+00:00
-25.722242,28.1521158,PRETORIA GARDENS,HANNY STREET,TSH,79900001,https://powerfailure.tshwane.gov.za/Tshwanesms/Map.aspx,"-25.7222,28.1521|PRETORIA GARDENS#0",2026-09-23 15:54:26.696532+00:00,2026-09-24 04:56:34.817108+00:00,19.97,2026-09-24 11:52:55.215094+00:00
-25.7217423,28.1441812,PRETORIA GARDENS,HANNY STREET,TSH,79900055,https://powerfailure.tshwane.gov.za/Tshwanesms/Map.aspx,"-25.7217,28.1442|PRETORIA GARDENS#0",2026-09-23 15:54:26.696532+00:00,2026-09-24 04:56:34.817108+00:00,19.97,2026-09-24 11:52:55.215094+00:00
-25.7229389,28.1535305,PRETORIA GARDENS,KWINT STREET,TSH,79900001,https://powerfailure.tshwane.gov.za/Tshwanesms/Map.aspx,"-25.7229,28.1535|PRETORIA GARDENS#0",2026-09-23 15:54:26.696532+00:00,2026-09-24 04:56:34.817108+00:00,19.97,2026-09-24 11:52:55.215094+00:00
-25.7256464,28.1570976,PRETORIA GARDENS,WEIR STREET,TSH,79900001,https://powerfailure.tshwane.gov.za/Tshwanesms/Map.aspx,"-25.7256,28.1571|PRETORIA GARDENS#0",2026-09-23 15:54:26.696532+00:00,2026-09-24 04:56:34.817108+00:00,19.97,2026-09-24 11:52:55.215094+00:00
-25.7271367,28.1538858,PRETORIA GARDENS,LOUISE STREET,TSH,79900001,https://powerfailure.tshwane.gov.za/Tshwanesms/Map.aspx,"-25.7271,28.1539|PRETORIA GARDENS#0",2026-09-23 15:54:26.696532+00:00,2026-09-24 04:56:34.817108+00:00,19.97,2026-09-24 11:52:55.215094+00:00
-25.7271312,28.1440845,PRETORIA GARDENS,WILLIES HILL STREET,TSH,79900055,https://powerfailure.tshwane.gov.za/Tshwanesms/Map.aspx,"-25.7271,28.1441|PRETORIA GARDENS#0",2026-09-23 15:54:26.696532+00:00,2026-09-24 04:56:34.817108+00:00,19.97,2026-09-24 11:52:55.215094+00:00
-25.8611849,28.2017145,DORINGKLOOF,SONJA STREET,TSH,79900078,https://powerfailure.tshwane.gov.za/Tshwanesms/Map.aspx,"-25.8612,28.2017|DORINGKLOOF#0",2026-09-23 15:54:26.696532+00:00,2026-09-24 04:56:34.817108+00:00,19.97,2026-09-24 11:52:55.215094+00:00
-25.859878,28.202718,DORINGKLOOF,SONJA STREET,TSH,79900078,https://powerfailure.tshwane.gov.za/Tshwanesms/Map.aspx,"-25.8599,28.2027|DORINGKLOOF#0",2026-09-23 15:54:26.696532+00:00,2026-09-24 04:56:34.817108+00:00,19.97,2026-09-24 11:52:55.215094+00:00
-25.857583,28.2047703,DORINGKLOOF,KARIN AVENUE,TSH,79900078,https://powerfailure.tshwane.gov.za/Tshwanesms/Map.aspx,"-25.8576,28.2048|DORINGKLOOF#0",2026-09-23 15:54:26.696532+00:00,2026-09-24 04:56:34.817108+00:00,19.97,2026-09-24 11:52:55.215094+00:00
-25.8546887,28.2075963,DORINGKLOOF,SONJA STREET,TSH,79900078,https://powerfailure.tshwane.gov.za/Tshwanesms/Map.aspx,"-25.8547,28.2076|DORINGKLOOF#0",2026-09-23 15:54:26.696532+00:00,2026-09-24 04:56:34.817108+00:00,19.97,2026-09-24 11:52:55.215094+00:00
-25.8548899,28.2057969,DORINGKLOOF,JAKARANDA STREET,TSH,79900078,https://powerfailure.tshwane.gov.za/Tshwanesms/Map.aspx,"-25.8549,28.2058|DORINGKLOOF#0",2026-09-23 15:54:26.696532+00:00,2026-09-24 04:56:34.817108+00:00,19.97,2026-09-24 11:52:55.215094+00:00
-25.8516193,28.207172,DORINGKLOOF,GLOVER AVENUE,TSH,79900078,https://powerfailure.tshwane.gov.za/Tshwanesms/Map.aspx,"-25.8516,28.2072|DORINGKLOOF#0",2026-09-23 21:32:43.518437+00:00,2026-09-24 04:56:34.817108+00:00,14.34,2026-09-24 11:52:55.215094+00:00
-25.8526185,28.2140235,DORINGKLOOF,JASPER AVENUE,TSH,79900078,https://powerfailure.tshwane.gov.za/Tshwanesms/Map.aspx,"-25.8526,28.2140|DORINGKLOOF#0",2026-09-23 15:54:26.696532+00:00,2026-09-24 04:56:34.817108+00:00,19.97,2026-09-24 11:52:55.215094+00:00
-25.8509301,28.2148269,DORINGKLOOF,CALEDON AVENUE,TSH,79900078,https://powerfailure.tshwane.gov.za/Tshwanesms/Map.aspx,"-25.8509,28.2148|DORINGKLOOF#0",2026-09-23 15:54:26.696532+00:00,2026-09-24 04:56:34.817108+00:00,19.97,2026-09-24 11:52:55.215094+00:00
-25.8550513,28.2175882,DORINGKLOOF,ASTER  STREET,TSH,79900078,https://powerfailure.tshwane.gov.za/Tshwanesms/Map.aspx,"-25.8551,28.2176|DORINGKLOOF#0",2026-09-23 15:54:26.696532+00:00,2026-09-24 04:56:34.817108+00:00,19.97,2026-09-24 11:52:55.215094+00:00
-25.8539586,28.2153454,DORINGKLOOF,JASPER AVENUE,TSH,79900078,https://powerfailure.tshwane.gov.za/Tshwanesms/Map.aspx,"-25.8540,28.2153|DORINGKLOOF#0",2026-09-23 15:54:26.696532+00:00,2026-09-24 04:56:34.817108+00:00,19.97,2026-09-24 11:52:55.215094+00:00
-25.8536734,28.2142902,DORINGKLOOF,ZAMBESI LANE,TSH,79900078,https://powerfailure.tshwane.gov.za/Tshwanesms/Map.aspx,"-25.8537,28.2143|DORINGKLOOF#0",2026-09-23 15:54:26.696532+00:00,2026-09-24 04:56:34.817108+00:00,19.97,2026-09-24 11:52:55.215094+00:00
-25.8557232,28.2099346,DORINGKLOOF,GLOVER AVENUE,TSH,79900078,https://powerfailure.tshwane.gov.za/Tshwanesms/Map.aspx,"-25.8557,28.2099|DORINGKLOOF#0",2026-09-23 15:54:26.696532+00:00,2026-09-24 04:56:34.817108+00:00,19.97,2026-09-24 11:52:55.215094+00:00
-25.8781418,28.157685,ROOIHUISKRAAL NOORD,FLUFFTAIL STREET,TSH,79900069,https://powerfailure.tshwane.gov.za/Tshwanesms/Map.aspx,"-25.8781,28.1577|ROOIHUISKRAAL NOORD#0",2026-09-23 15:54:26.696532+00:00,2026-09-24 04:56:34.817108+00:00,19.97,2026-09-24 11:52:55.215094+00:00
-25.879123,28.1550901,ROOIHUISKRAAL NOORD,NICATOR DRIVE,TSH,79900069,https://powerfailure.tshwane.gov.za/Tshwanesms/Map.aspx,"-25.8791,28.1551|ROOIHUISKRAAL NOORD#0",2026-09-23 15:54:26.696532+00:00,2026-09-24 04:56:34.817108+00:00,19.97,2026-09-24 11:52:55.215094+00:00
-25.8780261,28.1597366,ROOIHUISKRAAL NOORD,GOSHAWK STREET,TSH,79900069,https://powerfailure.tshwane.gov.za/Tshwanesms/Map.aspx,"-25.8780,28.1597|ROOIHUISKRAAL NOORD#0",2026-09-23 15:54:26.696532+00:00,2026-09-24 04:56:34.817108+00:00,19.97,2026-09-24 11:52:55.215094+00:00
-25.8709614,28.1424609,ROOIHUISKRAAL NOORD X01,BLACK CAP STREET,TSH,79900069,https://powerfailure.tshwane.gov.za/Tshwanesms/Map.aspx,"-25.8710,28.1425|ROOIHUISKRAAL NOORD X01#0",2026-09-23 15:54:26.696532+00:00,2026-09-24 04:56:34.817108+00:00,19.97,2026-09-24 11:52:55.215094+00:00
-25.8762963,28.1487371,ROOIHUISKRAAL NOORD X14,BISHOP BIRD STREET,TSH,79900069,https://powerfailure.tshwane.gov.za/Tshwanesms/Map.aspx,"-25.8763,28.1487|ROOIHUISKRAAL NOORD X14#0",2026-09-23 15:54:26.696532+00:00,2026-09-24 04:56:34.817108+00:00,19.97,2026-09-24 11:52:55.215094+00:00
-25.8761703,28.1525833,ROOIHUISKRAAL NOORD X14,DIEDRIKKIE AVENUE,TSH,79900069,https://powerfailure.tshwane.gov.za/Tshwanesms/Map.aspx,"-25.8762,28.1526|ROOIHUISKRAAL NOORD X14#0",2026-09-23 15:54:26.696532+00:00,2026-09-24 04:56:34.817108+00:00,19.97,2026-09-24 11:52:55.215094+00:00
-25.8763974,28.1525414,ROOIHUISKRAAL NOORD X14,DIEDRIKKIE AVENUE,TSH,79900069,https://powerfailure.tshwane.gov.za/Tshwanesms/Map.aspx,"-25.8764,28.1525|ROOIHUISKRAAL NOORD X14#0",2026-09-23 15:54:26.696532+00:00,2026-09-24 04:56:34.817108+00:00,19.97,2026-09-24 11:52:55.215094+00:00
-25.8777068,28.1519471,ROOIHUISKRAAL NOORD X14,THEUNS VAN NIEKERK STREET,TSH,79900069,https://powerfailure.tshwane.gov.za/Tshwanesms/Map.aspx,"-25.8777,28.1519|ROOIHUISKRAAL NOORD X14#0",2026-09-23 15:54:26.696532+00:00,2026-09-24 04:56:34.817108+00:00,19.97,2026-09-24 11:52:55.215094+00:00
-25.8800447,28.151653,ROOIHUISKRAAL NOORD X16,KINGFISHER STREET,TSH,79900069,https://powerfailure.tshwane.gov.za/Tshwanesms/Map.aspx,"-25.8800,28.1517|ROOIHUISKRAAL NOORD X16#0",2026-09-23 15:54:26.696532+00:00,2026-09-24 04:56:34.817108+00:00,19.97,2026-09-24 11:52:55.215094+00:00
-25.8811459,28.1517219,ROOIHUISKRAAL NOORD X16,ROBIN STREET,TSH,79900069,https://powerfailure.tshwane.gov.za/Tshwanesms/Map.aspx,"-25.8811,28.1517|ROOIHUISKRAAL NOORD X16#0",2026-09-23 15:54:26.696532+00:00,2026-09-24 04:56:34.817108+00:00,19.97,2026-09-24 11:52:55.215094+00:00
-25.8800785,28.1393246,ROOIHUISKRAAL NOORD X17,FISH EAGLE STREET,TSH,79900048,https://powerfailure.tshwane.gov.za/Tshwanesms/Map.aspx,"-25.8801,28.1393|ROOIHUISKRAAL NOORD X17#0",2026-09-23 15:54:26.696532+00:00,2026-09-24 04:56:34.817108+00:00,19.97,2026-09-24 11:52:55.215094+00:00
-25.8761937,28.1325839,ROOIHUISKRAAL NOORD X18,FALCON STREET,TSH,79900048,https://powerfailure.tshwane.gov.za/Tshwanesms/Map.aspx,"-25.8762,28.1326|ROOIHUISKRAAL NOORD X18#0",2026-09-23 15:54:26.696532+00:00,2026-09-24 04:56:34.817108+00:00,19.97,2026-09-24 11:52:55.215094+00:00
-25.8729396,28.1319948,ROOIHUISKRAAL NOORD X19,PYGMY STREET,TSH,79900048,https://powerfailure.tshwane.gov.za/Tshwanesms/Map.aspx,"-25.8729,28.1320|ROOIHUISKRAAL NOORD X19#0",2026-09-23 15:54:26.696532+00:00,2026-09-24 04:56:34.817108+00:00,19.97,2026-09-24 11:52:55.215094+00:00
-25.8726689,28.1285266,ROOIHUISKRAAL NOORD X19,VIRGINIA STREET,TSH,79900048,https://powerfailure.tshwane.gov.za/Tshwanesms/Map.aspx,"-25.8727,28.1285|ROOIHUISKRAAL NOORD X19#0",2026-09-23 15:54:26.696532+00:00,2026-09-24 04:56:34.817108+00:00,19.97,2026-09-24 11:52:55.215094+00:00
-25.869855,28.1419325,WIERDAPARK X02,EVANDER STREET,TSH,79900069,https://powerfailure.tshwane.gov.za/Tshwanesms/Map.aspx,"-25.8699,28.1419|WIERDAPARK X02#0",2026-09-23 15:54:26.696532+00:00,2026-09-24 04:56:34.817108+00:00,19.97,2026-09-24 11:52:55.215094+00:00
-25.8706776,28.1427486,WIERDAPARK X02,ROEDTAN AVENUE,TSH,79900069,https://powerfailure.tshwane.gov.za/Tshwanesms/Map.aspx,"-25.8707,28.1427|WIERDAPARK X02#0",2026-09-23 15:54:26.696532+00:00,2026-09-24 04:56:34.817108+00:00,19.97,2026-09-24 11:52:55.215094+00:00
-25.8704997,28.146624,WIERDAPARK X02,MARIKANA STREET,TSH,79900069,https://powerfailure.tshwane.gov.za/Tshwanesms/Map.aspx,"-25.8705,28.1466|WIERDAPARK X02#0",2026-09-23 15:54:26.696532+00:00,2026-09-24 04:56:34.817108+00:00,19.97,2026-09-24 11:52:55.215094+00:00
-25.8731212,28.1495847,WIERDAPARK X02,BREYTON STREET,TSH,79900069,https://powerfailure.tshwane.gov.za/Tshwanesms/Map.aspx,"-25.8731,28.1496|WIERDAPARK X02#0",2026-09-23 15:54:26.696532+00:00,2026-09-24 04:56:34.817108+00:00,19.97,2026-09-24 11:52:55.215094+00:00
-25.8731786,28.1597749,WIERDAPARK X02,GOSHAWK STREET,TSH,79900069,https://powerfailure.tshwane.gov.za/Tshwanesms/Map.aspx,"-25.8732,28.1598|WIERDAPARK X02#0",2026-09-23 15:54:26.696532+00:00,2026-09-24 04:56:34.817108+00:00,19.97,2026-09-24 11:52:55.215094+00:00
-25.875502,28.1612017,WIERDAPARK X02,GOSHAWK STREET,TSH,79900069,https://powerfailure.tshwane.gov.za/Tshwanesms/Map.aspx,"-25.8755,28.1612|WIERDAPARK X02#0",2026-09-23 15:54:26.696532+00:00,2026-09-24 04:56:34.817108+00:00,19.97,2026-09-24 11:52:55.215094+00:00
-25.8740481,28.1539399,WIERDAPARK X02,ERMELO STREET,TSH,79900069,https://powerfailure.tshwane.gov.za/Tshwanesms/Map.aspx,"-25.8740,28.1539|WIERDAPARK X02#0",2026-09-23 15:54:26.696532+00:00,2026-09-24 04:56:34.817108+00:00,19.97,2026-09-24 11:52:55.215094+00:00
-25.8734043,28.1573855,WIERDAPARK X02,ERMELO STREET,TSH,79900069,https://powerfailure.tshwane.gov.za/Tshwanesms/Map.aspx,"-25.8734,28.1574|WIERDAPARK X02#0",2026-09-23 15:54:26.696532+00:00,2026-09-24 04:56:34.817108+00:00,19.97,2026-09-24 11:52:55.215094+00:00
-25.8756162,28.1583215,WIERDAPARK X02,ILLOVO AVENUE,TSH,79900069,https://powerfailure.tshwane.gov.za/Tshwanesms/Map.aspx,"-25.8756,28.1583|WIERDAPARK X02#0",2026-09-23 15:54:26.696532+00:00,2026-09-24 04:56:34.817108+00:00,19.97,2026-09-24 11:52:55.215094+00:00
-25.8758274,28.1584094,WIERDAPARK X02,ILLOVO AVENUE,TSH,79900069,https://powerfailure.tshwane.gov.za/Tshwanesms/Map.aspx,"-25.8758,28.1584|WIERDAPARK X02#0",2026-09-23 15:54:26.696532+00:00,2026-09-24 04:56:34.817108+00:00,19.97,2026-09-24 11:52:55.215094+00:00
-25.7915573,28.2333235,WATERKLOOF RIDGE,JOHANN RISSIK DRIVE,TSH,79900042,https://powerfailure.tshwane.gov.za/Tshwanesms/Map.aspx,"-25.7916,28.2333|WATERKLOOF RIDGE#0",2026-09-23 21:32:43.518437+00:00,2026-09-24 04:56:34.817108+00:00,14.34,2026-09-24 11:52:55.215094+00:00
-25.7919255,28.2355277,WATERKLOOF RIDGE,CARINA STREET,TSH,79900042,https://powerfailure.tshwane.gov.za/Tshwanesms/Map.aspx,"-25.7919,28.2355|WATERKLOOF RIDGE#0",2026-09-23 21:32:43.518437+00:00,2026-09-24 04:56:34.817108+00:00,14.34,2026-09-24 11:52:55.215094+00:00
-25.7917619,28.233175,WATERKLOOF RIDGE,JOHANN RISSIK DRIVE,TSH,79900042,https://powerfailure.tshwane.gov.za/Tshwanesms/Map.aspx,"-25.7918,28.2332|WATERKLOOF RIDGE#0",2026-09-23 21:32:43.518437+00:00,2026-09-24 04:56:34.817108+00:00,14.34,2026-09-24 11:52:55.215094+00:00
-25.8586721,28.2179608,DORINGKLOOF,KORANNA AVENUE,TSH,79900078,https://powerfailure.tshwane.gov.za/Tshwanesms/Map.aspx,"-25.8587,28.2180|DORINGKLOOF#0",2026-09-23 15:54:26.696532+00:00,2026-09-24 04:56:34.817108+00:00,19.97,2026-09-24 11:52:55.215094+00:00
-25.7190219,28.148069,PRETORIA GARDENS,SANNIE ST,TSH,79900055,https://powerfailure.tshwane.gov.za/Tshwanesms/Map.aspx,"-25.7190,28.1481|PRETORIA GARDENS#0",2026-09-23 15:54:26.696532+00:00,2026-09-24 04:56:34.817108+00:00,19.97,2026-09-24 11:52:55.215094+00:00
-25.7192407,28.1452286,PRETORIA GARDENS,SANNIE ST,TSH,79900055,https://powerfailure.tshwane.gov.za/Tshwanesms/Map.aspx,"-25.7192,28.1452|PRETORIA GARDENS#0",2026-09-23 15:54:26.696532+00:00,2026-09-24 04:56:34.817108+00:00,19.97,2026-09-24 11:52:55.215094+00:00
-25.72131,28.1465047,PRETORIA GARDENS,HANNY STREET,TSH,79900055,https://powerfailure.tshwane.gov.za/Tshwanesms/Map.aspx,"-25.7213,28.1465|PRETORIA GARDENS#0",2026-09-23 15:54:26.696532+00:00,2026-09-24 04:56:34.817108+00:00,19.97,2026-09-24 11:52:55.215094+00:00
-25.7224095,28.1448641,PRETORIA GARDENS,SCHURMANNS AVENUE,TSH,79900055,https://powerfailure.tshwane.gov.za/Tshwanesms/Map.aspx,"-25.7224,28.1449|PRETORIA GARDENS#0",2026-09-23 15:54:26.696532+00:00,2026-09-24 04:56:34.817108+00:00,19.97,2026-09-24 11:52:55.215094+00:00
-25.7227464,28.1505341,PRETORIA GARDENS,CENTRE STREET,TSH,79900001,https://powerfailure.tshwane.gov.za/Tshwanesms/Map.aspx,"-25.7227,28.1505|PRETORIA GARDENS#0",2026-09-23 15:54:26.696532+00:00,2026-09-24 04:56:34.817108+00:00,19.97,2026-09-24 11:52:55.215094+00:00
-25.7255197,28.1564648,PRETORIA GARDENS,WEIR STREET,TSH,79900001,https://powerfailure.tshwane.gov.za/Tshwanesms/Map.aspx,"-25.7255,28.1565|PRETORIA GARDENS#0",2026-09-23 15:54:26.696532+00:00,2026-09-24 04:56:34.817108+00:00,19.97,2026-09-24 11:52:55.215094+00:00
-25.7266677,28.155051,PRETORIA GARDENS,LOUISE STREET,TSH,79900001,https://powerfailure.tshwane.gov.za/Tshwanesms/Map.aspx,"-25.7267,28.1551|PRETORIA GARDENS#0",2026-09-23 15:54:26.696532+00:00,2026-09-24 04:56:34.817108+00:00,19.97,2026-09-24 11:52:55.215094+00:00
-25.7260618,28.1470685,PRETORIA GARDENS,LOUISE STREET,TSH,79900055,https://powerfailure.tshwane.gov.za/Tshwanesms/Map.aspx,"-25.7261,28.1471|PRETORIA GARDENS#0",2026-09-23 15:54:26.696532+00:00,2026-09-24 04:56:34.817108+00:00,19.97,2026-09-24 11:52:55.215094+00:00
-25.7268396,28.1474477,PRETORIA GARDENS,GUSTAV ADOLF STREET,TSH,79900055,https://powerfailure.tshwane.gov.za/Tshwanesms/Map.aspx,"-25.7268,28.1474|PRETORIA GARDENS#0",2026-09-23 15:54:26.696532+00:00,2026-09-24 04:56:34.817108+00:00,19.97,2026-09-24 11:52:55.215094+00:00
-25.7270366,28.1517318,PRETORIA GARDENS,PRINZ STREET,TSH,79900001,https://powerfailure.tshwane.gov.za/Tshwanesms/Map.aspx,"-25.7270,28.1517|PRETORIA GARDENS#0",2026-09-23 15:54:26.696532+00:00,2026-09-24 04:56:34.817108+00:00,19.97,2026-09-24 11:52:55.215094+00:00
-25.7217023,28.1544042,PRETORIA GARDENS X02,ERNEST STREET,TSH,79900001,https://powerfailure.tshwane.gov.za/Tshwanesms/Map.aspx,"-25.7217,28.1544|PRETORIA GARDENS X02#0",2026-09-23 15:54:26.696532+00:00,2026-09-24 04:56:34.817108+00:00,19.97,2026-09-24 11:52:55.215094+00:00
-25.7224916,28.1546742,PRETORIA GARDENS X02,POWELL STREET,TSH,79900001,https://powerfailure.tshwane.gov.za/Tshwanesms/Map.aspx,"-25.7225,28.1547|PRETORIA GARDENS X02#0",2026-09-23 15:54:26.696532+00:00,2026-09-24 04:56:34.817108+00:00,19.97,2026-09-24 11:52:55.215094+00:00
-25.8610275,28.2060415,DORINGKLOOF,ELIZABETH STREET,TSH,79900078,https://powerfailure.tshwane.gov.za/Tshwanesms/Map.aspx,"-25.8610,28.2060|DORINGKLOOF#0",2026-09-23 15:54:26.696532+00:00,2026-09-24 04:56:34.817108+00:00,19.97,2026-09-24 11:52:55.215094+00:00
-25.8607677,28.2055429,DORINGKLOOF,ELIZABETH STREET,TSH,79900078,https://powerfailure.tshwane.gov.za/Tshwanesms/Map.aspx,"-25.8608,28.2055|DORINGKLOOF#0",2026-09-23 15:54:26.696532+00:00,2026-09-24 04:56:34.817108+00:00,19.97,2026-09-24 11:52:55.215094+00:00
-25.8616378,28.2026799,DORINGKLOOF,CECILE STREET,TSH,79900078,https://powerfailure.tshwane.gov.za/Tshwanesms/Map.aspx,"-25.8616,28.2027|DORINGKLOOF#0",2026-09-23 15:54:26.696532+00:00,2026-09-24 04:56:34.817108+00:00,19.97,2026-09-24 11:52:55.215094+00:00
-25.8580077,28.2069332,DORINGKLOOF,MAHONIE STREET,TSH,79900078,https://powerfailure.tshwane.gov.za/Tshwanesms/Map.aspx,"-25.8580,28.2069|DORINGKLOOF#0",2026-09-23 15:54:26.696532+00:00,2026-09-24 04:56:34.817108+00:00,19.97,2026-09-24 11:52:55.215094+00:00
-25.8556725,28.206213,DORINGKLOOF,SONJA STREET,TSH,79900078,https://powerfailure.tshwane.gov.za/Tshwanesms/Map.aspx,"-25.8557,28.2062|DORINGKLOOF#0",2026-09-23 15:54:26.696532+00:00,2026-09-24 04:56:34.817108+00:00,19.97,2026-09-24 11:52:55.215094+00:00
-25.8528802,28.2080139,DORINGKLOOF,SWARTHOUT STREET,TSH,79900078,https://powerfailure.tshwane.gov.za/Tshwanesms/Map.aspx,"-25.8529,28.2080|DORINGKLOOF#0",2026-09-23 15:54:26.696532+00:00,2026-09-24 04:56:34.817108+00:00,19.97,2026-09-24 11:52:55.215094+00:00
-25.852466,28.2081821,DORINGKLOOF,GLOVER AVENUE,TSH,79900078,https://powerfailure.tshwane.gov.za/Tshwanesms/Map.aspx,"-25.8525,28.2082|DORINGKLOOF#0",2026-09-23 15:54:26.696532+00:00,2026-09-24 04:56:34.817108+00:00,19.97,2026-09-24 11:52:55.215094+00:00
-25.8511341,28.2133112,DORINGKLOOF,JASPER AVENUE,TSH,79900078,https://powerfailure.tshwane.gov.za/Tshwanesms/Map.aspx,"-25.8511,28.2133|DORINGKLOOF#0",2026-09-23 15:54:26.696532+00:00,2026-09-24 04:56:34.817108+00:00,19.97,2026-09-24 11:52:55.215094+00:00
-25.8539174,28.2113591,DORINGKLOOF,KUNENE AVENUE,TSH,79900078,https://powerfailure.tshwane.gov.za/Tshwanesms/Map.aspx,"-25.8539,28.2114|DORINGKLOOF#0",2026-09-23 15:54:26.696532+00:00,2026-09-24 04:56:34.817108+00:00,19.97,2026-09-24 11:52:55.215094+00:00
-25.8569905,28.2100621,DORINGKLOOF,GLOVER AVENUE,TSH,79900078,https://powerfailure.tshwane.gov.za/Tshwanesms/Map.aspx,"-25.8570,28.2101|DORINGKLOOF#0",2026-09-23 15:54:26.696532+00:00,2026-09-24 04:56:34.817108+00:00,19.97,2026-09-24 11:52:55.215094+00:00
-25.8547899,28.2111801,DORINGKLOOF,SONJA STREET,TSH,79900078,https://powerfailure.tshwane.gov.za/Tshwanesms/Map.aspx,"-25.8548,28.2112|DORINGKLOOF#0",2026-09-23 15:54:26.696532+00:00,2026-09-24 04:56:34.817108+00:00,19.97,2026-09-24 11:52:55.215094+00:00
-25.8773925,28.1546604,ROOIHUISKRAAL NOORD,KITE PLACE,TSH,79900069,https://powerfailure.tshwane.gov.za/Tshwanesms/Map.aspx,"-25.8774,28.1547|ROOIHUISKRAAL NOORD#0",2026-09-23 15:54:26.696532+00:00,2026-09-24 04:56:34.817108+00:00,19.97,2026-09-24 11:52:55.215094+00:00
-25.8796651,28.1564698,ROOIHUISKRAAL NOORD,LAPWING STREET,TSH,79900069,https://powerfailure.tshwane.gov.za/Tshwanesms/Map.aspx,"-25.8797,28.1565|ROOIHUISKRAAL NOORD#0",2026-09-23 15:54:26.696532+00:00,2026-09-24 04:56:34.817108+00:00,19.97,2026-09-24 11:52:55.215094+00:00
-25.8801174,28.1570264,ROOIHUISKRAAL NOORD,LAPWING STREET,TSH,79900069,https://powerfailure.tshwane.gov.za/Tshwanesms/Map.aspx,"-25.8801,28.1570|ROOIHUISKRAAL NOORD#0",2026-09-23 15:54:26.696532+00:00,2026-09-24 04:56:34.817108+00:00,19.97,2026-09-24 11:52:55.215094+00:00
-25.8799131,28.1433502,ROOIHUISKRAAL NOORD X14,THEUNS VAN NIEKERK STREET,TSH,79900069,https://powerfailure.tshwane.gov.za/Tshwanesms/Map.aspx,"-25.8799,28.1434|ROOIHUISKRAAL NOORD X14#0",2026-09-23 15:54:26.696532+00:00,2026-09-24 04:56:34.817108+00:00,19.97,2026-09-24 11:52:55.215094+00:00
-25.882869,28.1507217,ROOIHUISKRAAL NOORD X16,WOODPECKER STREET,TSH,79900069,https://powerfailure.tshwane.gov.za/Tshwanesms/Map.aspx,"-25.8829,28.1507|ROOIHUISKRAAL NOORD X16#0",2026-09-23 15:54:26.696532+00:00,2026-09-24 04:56:34.817108+00:00,19.97,2026-09-24 11:52:55.215094+00:00
-25.881938,28.151971,ROOIHUISKRAAL NOORD X16,WOODPECKER STREET,TSH,79900069,https://powerfailure.tshwane.gov.za/Tshwanesms/Map.aspx,"-25.8819,28.1520|ROOIHUISKRAAL NOORD X16#0",2026-09-23 15:54:26.696532+00:00,2026-09-24 04:56:34.817108+00:00,19.97,2026-09-24 11:52:55.215094+00:00
-25.8796653,28.150049,ROOIHUISKRAAL NOORD X16,THEUNS VAN NIEKERK STREET,TSH,79900069,https://powerfailure.tshwane.gov.za/Tshwanesms/Map.aspx,"-25.8797,28.1500|ROOIHUISKRAAL NOORD X16#0",2026-09-23 15:54:26.696532+00:00,2026-09-24 04:56:34.817108+00:00,19.97,2026-09-24 11:52:55.215094+00:00
-25.8805758,28.1506128,ROOIHUISKRAAL NOORD X16,KINGFISHER STREET,TSH,79900069,https://powerfailure.tshwane.gov.za/Tshwanesms/Map.aspx,"-25.8806,28.1506|ROOIHUISKRAAL NOORD X16#0",2026-09-23 15:54:26.696532+00:00,2026-09-24 04:56:34.817108+00:00,19.97,2026-09-24 11:52:55.215094+00:00
-25.8760141,28.1324961,ROOIHUISKRAAL NOORD X18,OSPREY STREET,TSH,79900048,https://powerfailure.tshwane.gov.za/Tshwanesms/Map.aspx,"-25.8760,28.1325|ROOIHUISKRAAL NOORD X18#0",2026-09-23 15:54:26.696532+00:00,2026-09-24 04:56:34.817108+00:00,19.97,2026-09-24 11:52:55.215094+00:00
-25.8768154,28.1292939,ROOIHUISKRAAL NOORD X19,SOOTY STREET,TSH,79900048,https://powerfailure.tshwane.gov.za/Tshwanesms/Map.aspx,"-25.8768,28.1293|ROOIHUISKRAAL NOORD X19#0",2026-09-23 15:54:26.696532+00:00,2026-09-24 04:56:34.817108+00:00,19.97,2026-09-24 11:52:55.215094+00:00
-25.8688354,28.1511515,WIERDAPARK X02,WOLSLEY AVENUE,TSH,79900069,https://powerfailure.tshwane.gov.za/Tshwanesms/Map.aspx,"-25.8688,28.1512|WIERDAPARK X02#0",2026-09-23 15:54:26.696532+00:00,2026-09-24 04:56:34.817108+00:00,19.97,2026-09-24 11:52:55.215094+00:00
-25.8700744,28.1461782,WIERDAPARK X02,MARIKANA STREET,TSH,79900069,https://powerfailure.tshwane.gov.za/Tshwanesms/Map.aspx,"-25.8701,28.1462|WIERDAPARK X02#0",2026-09-23 15:54:26.696532+00:00,2026-09-24 04:56:34.817108+00:00,19.97,2026-09-24 11:52:55.215094+00:00
-25.8710689,28.1451274,WIERDAPARK X02,EDENVALE STREET,TSH,79900069,https://powerfailure.tshwane.gov.za/Tshwanesms/Map.aspx,"-25.8711,28.1451|WIERDAPARK X02#0",2026-09-23 15:54:26.696532+00:00,2026-09-24 04:56:34.817108+00:00,19.97,2026-09-24 11:52:55.215094+00:00
-25.8712598,28.146948,WIERDAPARK X02,EDENVALE STREET,TSH,79900069,https://powerfailure.tshwane.gov.za/Tshwanesms/Map.aspx,"-25.8713,28.1469|WIERDAPARK X02#0",2026-09-23 15:54:26.696532+00:00,2026-09-24 04:56:34.817108+00:00,19.97,2026-09-24 11:52:55.215094+00:00
-25.8743492,28.1577942,WIERDAPARK X02,ILLOVO AVENUE,TSH,79900069,https://powerfailure.tshwane.gov.za/Tshwanesms/Map.aspx,"-25.8743,28.1578|WIERDAPARK X02#0",2026-09-23 15:54:26.696532+00:00,2026-09-24 04:56:34.817108+00:00,19.97,2026-09-24 11:52:55.215094+00:00
-25.8749019,28.1575872,WIERDAPARK X02,NOUPOORT AVENUE,TSH,79900069,https://powerfailure.tshwane.gov.za/Tshwanesms/Map.aspx,"-25.8749,28.1576|WIERDAPARK X02#0",2026-09-23 15:54:26.696532+00:00,2026-09-24 04:56:34.817108+00:00,19.97,2026-09-24 11:52:55.215094+00:00
-25.8673177,28.1564348,ELDORAIGNE X18,STANGER AVENUE,TSH,79900069,https://powerfailure.tshwane.gov.za/Tshwanesms/Map.aspx,"-25.8673,28.1564|ELDORAIGNE X18#0",2026-09-23 15:54:26.696532+00:00,2026-09-24 04:56:34.817108+00:00,19.97,2026-09-24 11:52:55.215094+00:00
-25.8678549,28.158601,ELDORAIGNE X18,OUDTSHOORN STREET,TSH,79900069,https://powerfailure.tshwane.gov.za/Tshwanesms/Map.aspx,"-25.8679,28.1586|ELDORAIGNE X18#0",2026-09-23 15:54:26.696532+00:00,2026-09-24 04:56:34.817108+00:00,19.97,2026-09-24 11:52:55.215094+00:00
-25.7462278,28.2280771,ARCADIA,FRANCIS BAARD STREET,TSH,79900092,https://powerfailure.tshwane.gov.za/Tshwanesms/Map.aspx,"-25.7462,28.2281|ARCADIA#0",2026-09-23 15:54:26.696532+00:00,2026-09-24 04:56:34.817108+00:00,19.97,2026-09-24 11:52:55.215094+00:00
-25.8591326,28.2119085,DORINGKLOOF,MALUTI AVENUE,TSH,79900078,https://powerfailure.tshwane.gov.za/Tshwanesms/Map.aspx,"-25.8591,28.2119|DORINGKLOOF#0",2026-09-23 15:54:26.696532+00:00,2026-09-24 04:56:34.817108+00:00,19.97,2026-09-24 11:52:55.215094+00:00
-25.8573983,28.2181782,DORINGKLOOF,PROTEA AVENUE,TSH,79900078,https://powerfailure.tshwane.gov.za/Tshwanesms/Map.aspx,"-25.8574,28.2182|DORINGKLOOF#0",2026-09-23 15:54:26.696532+00:00,2026-09-24 04:56:34.817108+00:00,19.97,2026-09-24 11:52:55.215094+00:00
-25.8858037,28.2253046,DOORNKLOOF 391-JR,JAN SMUTS LANE,TSH,79900065,https://powerfailure.tshwane.gov.za/Tshwanesms/Map.aspx,"-25.8858,28.2253|DOORNKLOOF 391-JR#0",2026-09-23 15:54:26.696532+00:00,2026-09-24 04:56:34.817108+00:00,19.97,2026-09-24 11:52:55.215094+00:00
-25.8898561,28.2353976,DOORNKLOOF 391-JR,JAN SMUTS AVENUE (STAND 155),TSH,79900065,https://powerfailure.tshwane.gov.za/Tshwanesms/Map.aspx,"-25.8899,28.2354|DOORNKLOOF 391-JR#0",2026-09-23 15:54:26.696532+00:00,2026-09-24 04:56:34.817108+00:00,19.97,2026-09-24 11:52:55.215094+00:00
-25.808352,28.2946398,MORELETAPARK,HELBERG STREET,TSH,79900083,https://powerfailure.tshwane.gov.za/Tshwanesms/Map.aspx,"-25.8084,28.2946|MORELETAPARK#0",2026-09-23 15:54:26.696532+00:00,2026-09-24 04:56:34.817108+00:00,19.97,2026-09-24 11:52:55.215094+00:00
-25.7194549,28.146811,PRETORIA GARDENS,SANNIE ST,TSH,79900055,https://powerfailure.tshwane.gov.za/Tshwanesms/Map.aspx,"-25.7195,28.1468|PRETORIA GARDENS#0",2026-09-23 15:54:26.696532+00:00,2026-09-24 04:56:34.817108+00:00,19.97,2026-09-24 11:52:55.215094+00:00
-25.7208175,28.1526287,PRETORIA GARDENS,ERNEST STREET,TSH,79900001,https://powerfailure.tshwane.gov.za/Tshwanesms/Map.aspx,"-25.7208,28.1526|PRETORIA GARDENS#0",2026-09-23 15:54:26.696532+00:00,2026-09-24 04:56:34.817108+00:00,19.97,2026-09-24 11:52:55.215094+00:00
-25.7200675,28.1423061,PRETORIA GARDENS,ERNEST STREET,TSH,79900055,https://powerfailure.tshwane.gov.za/Tshwanesms/Map.aspx,"-25.7201,28.1423|PRETORIA GARDENS#0",2026-09-23 15:54:26.696532+00:00,2026-09-24 04:56:34.817108+00:00,19.97,2026-09-24 11:52:55.215094+00:00
-25.7212469,28.1460393,PRETORIA GARDENS,HANNY STREET,TSH,79900055,https://powerfailure.tshwane.gov.za/Tshwanesms/Map.aspx,"-25.7212,28.1460|PRETORIA GARDENS#0",2026-09-23 15:54:26.696532+00:00,2026-09-24 04:56:34.817108+00:00,19.97,2026-09-24 11:52:55.215094+00:00
-25.7207859,28.1479393,PRETORIA GARDENS,ERNEST STREET,TSH,79900055,https://powerfailure.tshwane.gov.za/Tshwanesms/Map.aspx,"-25.7208,28.1479|PRETORIA GARDENS#0",2026-09-23 15:54:26.696532+00:00,2026-09-24 04:56:34.817108+00:00,19.97,2026-09-24 11:52:55.215094+00:00
-25.7218684,28.145112,PRETORIA GARDENS,HANNY STREET,TSH,79900055,https://powerfailure.tshwane.gov.za/Tshwanesms/Map.aspx,"-25.7219,28.1451|PRETORIA GARDENS#0",2026-09-23 15:54:26.696532+00:00,2026-09-24 04:56:34.817108+00:00,19.97,2026-09-24 11:52:55.215094+00:00
-25.7230835,28.1535555,PRETORIA GARDENS,KWINT STREET,TSH,79900001,https://powerfailure.tshwane.gov.za/Tshwanesms/Map.aspx,"-25.7231,28.1536|PRETORIA GARDENS#0",2026-09-23 15:54:26.696532+00:00,2026-09-24 04:56:34.817108+00:00,19.97,2026-09-24 11:52:55.215094+00:00
-25.723224,28.1535322,PRETORIA GARDENS,KWINT STREET,TSH,79900001,https://powerfailure.tshwane.gov.za/Tshwanesms/Map.aspx,"-25.7232,28.1535|PRETORIA GARDENS#0",2026-09-23 15:54:26.696532+00:00,2026-09-24 04:56:34.817108+00:00,19.97,2026-09-24 11:52:55.215094+00:00
-25.7240291,28.1462145,PRETORIA GARDENS,WEIR STREET,TSH,79900055,https://powerfailure.tshwane.gov.za/Tshwanesms/Map.aspx,"-25.7240,28.1462|PRETORIA GARDENS#0",2026-09-23 15:54:26.696532+00:00,2026-09-24 04:56:34.817108+00:00,19.97,2026-09-24 11:52:55.215094+00:00
-25.7246468,28.1507755,PRETORIA GARDENS,WEIR STREET,TSH,79900001,https://powerfailure.tshwane.gov.za/Tshwanesms/Map.aspx,"-25.7246,28.1508|PRETORIA GARDENS#0",2026-09-23 15:54:26.696532+00:00,2026-09-24 04:56:34.817108+00:00,19.97,2026-09-24 11:52:55.215094+00:00
-25.7249017,28.1569033,PRETORIA GARDENS,SCHURMANNS AVENUE,TSH,79900001,https://powerfailure.tshwane.gov.za/Tshwanesms/Map.aspx,"-25.7249,28.1569|PRETORIA GARDENS#0",2026-09-23 15:54:26.696532+00:00,2026-09-24 04:56:34.817108+00:00,19.97,2026-09-24 11:52:55.215094+00:00
-25.7257097,28.1596883,PRETORIA GARDENS,LOTTY STREET,TSH,79900001,https://powerfailure.tshwane.gov.za/Tshwanesms/Map.aspx,"-25.7257,28.1597|PRETORIA GARDENS#0",2026-09-23 15:54:26.696532+00:00,2026-09-24 04:56:34.817108+00:00,19.97,2026-09-24 11:52:55.215094+00:00
-25.7250267,28.1480641,PRETORIA GARDENS,WEIR STREET,TSH,79900055,https://powerfailure.tshwane.gov.za/Tshwanesms/Map.aspx,"-25.7250,28.1481|PRETORIA GARDENS#0",2026-09-23 15:54:26.696532+00:00,2026-09-24 04:56:34.817108+00:00,19.97,2026-09-24 11:52:55.215094+00:00
-25.7219864,28.1538498,PRETORIA GARDENS X02,POWELL STREET,TSH,79900001,https://powerfailure.tshwane.gov.za/Tshwanesms/Map.aspx,"-25.7220,28.1538|PRETORIA GARDENS X02#0",2026-09-23 15:54:26.696532+00:00,2026-09-24 04:56:34.817108+00:00,19.97,2026-09-24 11:52:55.215094+00:00
-25.7228867,28.1541842,PRETORIA GARDENS X02,HANNY STREET,TSH,79900001,https://powerfailure.tshwane.gov.za/Tshwanesms/Map.aspx,"-25.7229,28.1542|PRETORIA GARDENS X02#0",2026-09-23 15:54:26.696532+00:00,2026-09-24 04:56:34.817108+00:00,19.97,2026-09-24 11:52:55.215094+00:00
-25.7204978,28.1447514,PRETORIA GARDENS,ERNEST STREET,TSH,79900055,https://powerfailure.tshwane.gov.za/Tshwanesms/Map.aspx,"-25.7205,28.1448|PRETORIA GARDENS#0",2026-09-23 15:54:26.696532+00:00,2026-09-24 04:56:34.817108+00:00,19.97,2026-09-24 11:52:55.215094+00:00
-25.7239428,28.1559614,PRETORIA GARDENS,SCHURMANNS AVENUE,TSH,79900001,https://powerfailure.tshwane.gov.za/Tshwanesms/Map.aspx,"-25.7239,28.1560|PRETORIA GARDENS#0",2026-09-23 15:54:26.696532+00:00,2026-09-24 04:56:34.817108+00:00,19.97,2026-09-24 11:52:55.215094+00:00
-25.725657,28.1582379,PRETORIA GARDENS,WEIR STREET,TSH,79900001,https://powerfailure.tshwane.gov.za/Tshwanesms/Map.aspx,"-25.7257,28.1582|PRETORIA GARDENS#0",2026-09-23 15:54:26.696532+00:00,2026-09-24 04:56:34.817108+00:00,19.97,2026-09-24 11:52:55.215094+00:00
-25.7185775,28.1481378,PRETORIA GARDENS,VAN DER HOFF ROAD,TSH,79900055,https://powerfailure.tshwane.gov.za/Tshwanesms/Map.aspx,"-25.7186,28.1481|PRETORIA GARDENS#0",2026-09-23 15:54:26.696532+00:00,2026-09-24 04:56:34.817108+00:00,19.97,2026-09-24 11:52:55.215094+00:00
-25.8454707,28.2014318,DIE HOEWES X31,WEEROMKEER NOOK,TSH,79900057,https://powerfailure.tshwane.gov.za/Tshwanesms/Map.aspx,"-25.8455,28.2014|DIE HOEWES X31#0",2026-09-23 15:54:26.696532+00:00,2026-09-24 04:56:34.817108+00:00,19.97,2026-09-24 11:52:55.215094+00:00
-25.8454287,28.2008168,DIE HOEWES X31,WEEROMKEER NOOK,TSH,79900057,https://powerfailure.tshwane.gov.za/Tshwanesms/Map.aspx,"-25.8454,28.2008|DIE HOEWES X31#0",2026-09-23 15:54:26.696532+00:00,2026-09-24 04:56:34.817108+00:00,19.97,2026-09-24 11:52:55.215094+00:00
-25.8612042,28.2021684,DORINGKLOOF,CECILE STREET,TSH,79900078,https://powerfailure.tshwane.gov.za/Tshwanesms/Map.aspx,"-25.8612,28.2022|DORINGKLOOF#0",2026-09-23 15:54:26.696532+00:00,2026-09-24 04:56:34.817108+00:00,19.97,2026-09-24 11:52:55.215094+00:00
-25.8585359,28.2014147,DORINGKLOOF,LEONIE STREET,TSH,79900078,https://powerfailure.tshwane.gov.za/Tshwanesms/Map.aspx,"-25.8585,28.2014|DORINGKLOOF#0",2026-09-23 15:54:26.696532+00:00,2026-09-24 04:56:34.817108+00:00,19.97,2026-09-24 11:52:55.215094+00:00
-25.8559813,28.2033679,DORINGKLOOF,LEONIE STREET,TSH,79900078,https://powerfailure.tshwane.gov.za/Tshwanesms/Map.aspx,"-25.8560,28.2034|DORINGKLOOF#0",2026-09-23 15:54:26.696532+00:00,2026-09-24 04:56:34.817108+00:00,19.97,2026-09-24 11:52:55.215094+00:00
-25.8571961,28.2035848,DORINGKLOOF,LOUISE STREET,TSH,79900078,https://powerfailure.tshwane.gov.za/Tshwanesms/Map.aspx,"-25.8572,28.2036|DORINGKLOOF#0",2026-09-23 15:54:26.696532+00:00,2026-09-24 04:56:34.817108+00:00,19.97,2026-09-24 11:52:55.215094+00:00
-25.8587873,28.2040293,DORINGKLOOF,CECILE STREET,TSH,79900078,https://powerfailure.tshwane.gov.za/Tshwanesms/Map.aspx,"-25.8588,28.2040|DORINGKLOOF#0",2026-09-23 15:54:26.696532+00:00,2026-09-24 04:56:34.817108+00:00,19.97,2026-09-24 11:52:55.215094+00:00
-25.8530343,28.2056211,DORINGKLOOF,LEONIE STREET,TSH,79900078,https://powerfailure.tshwane.gov.za/Tshwanesms/Map.aspx,"-25.8530,28.2056|DORINGKLOOF#0",2026-09-23 15:54:26.696532+00:00,2026-09-24 04:56:34.817108+00:00,19.97,2026-09-24 11:52:55.215094+00:00
-25.8516322,28.2066931,DORINGKLOOF,LEONIE STREET,TSH,79900078,https://powerfailure.tshwane.gov.za/Tshwanesms/Map.aspx,"-25.8516,28.2067|DORINGKLOOF#0",2026-09-23 15:54:26.696532+00:00,2026-09-24 04:56:34.817108+00:00,19.97,2026-09-24 11:52:55.215094+00:00
-25.8522327,28.2073002,DORINGKLOOF,SWART STREET,TSH,79900078,https://powerfailure.tshwane.gov.za/Tshwanesms/Map.aspx,"-25.8522,28.2073|DORINGKLOOF#0",2026-09-23 15:54:26.696532+00:00,2026-09-24 04:56:34.817108+00:00,19.97,2026-09-24 11:52:55.215094+00:00
-25.8522595,28.2079669,DORINGKLOOF,GLOVER AVENUE,TSH,79900078,https://powerfailure.tshwane.gov.za/Tshwanesms/Map.aspx,"-25.8523,28.2080|DORINGKLOOF#0",2026-09-23 15:54:26.696532+00:00,2026-09-24 04:56:34.817108+00:00,19.97,2026-09-24 11:52:55.215094+00:00
-25.8514099,28.2083406,DORINGKLOOF,BASHEE AVENUE,TSH,79900078,https://powerfailure.tshwane.gov.za/Tshwanesms/Map.aspx,"-25.8514,28.2083|DORINGKLOOF#0",2026-09-23 15:54:26.696532+00:00,2026-09-24 04:56:34.817108+00:00,19.97,2026-09-24 11:52:55.215094+00:00
-25.850128,28.2104615,DORINGKLOOF,LIMPOPO AVENUE,TSH,79900078,https://powerfailure.tshwane.gov.za/Tshwanesms/Map.aspx,"-25.8501,28.2105|DORINGKLOOF#0",2026-09-23 15:54:26.696532+00:00,2026-09-24 04:56:34.817108+00:00,19.97,2026-09-24 11:52:55.215094+00:00
-25.8513488,28.2162896,DORINGKLOOF,TUGELA AVENUE,TSH,79900078,https://powerfailure.tshwane.gov.za/Tshwanesms/Map.aspx,"-25.8513,28.2163|DORINGKLOOF#0",2026-09-23 15:54:26.696532+00:00,2026-09-24 04:56:34.817108+00:00,19.97,2026-09-24 11:52:55.215094+00:00
-25.8552795,28.2128903,DORINGKLOOF,ZAMBESI LANE,TSH,79900078,https://powerfailure.tshwane.gov.za/Tshwanesms/Map.aspx,"-25.8553,28.2129|DORINGKLOOF#0",2026-09-23 15:54:26.696532+00:00,2026-09-24 04:56:34.817108+00:00,19.97,2026-09-24 11:52:55.215094+00:00
-25.8783656,28.1566376,ROOIHUISKRAAL NOORD,EGRET STREET,TSH,79900069,https://powerfailure.tshwane.gov.za/Tshwanesms/Map.aspx,"-25.8784,28.1566|ROOIHUISKRAAL NOORD#0",2026-09-23 15:54:26.696532+00:00,2026-09-24 04:56:34.817108+00:00,19.97,2026-09-24 11:52:55.215094+00:00
-25.8802615,28.1584704,ROOIHUISKRAAL NOORD,DRONGO STREET,TSH,79900069,https://powerfailure.tshwane.gov.za/Tshwanesms/Map.aspx,"-25.8803,28.1585|ROOIHUISKRAAL NOORD#0",2026-09-23 15:54:26.696532+00:00,2026-09-24 04:56:34.817108+00:00,19.97,2026-09-24 11:52:55.215094+00:00
-25.8752786,28.1449391,ROOIHUISKRAAL NOORD X14,BISHOP BIRD STREET,TSH,79900069,https://powerfailure.tshwane.gov.za/Tshwanesms/Map.aspx,"-25.8753,28.1449|ROOIHUISKRAAL NOORD X14#0",2026-09-23 15:54:26.696532+00:00,2026-09-24 04:56:34.817108+00:00,19.97,2026-09-24 11:52:55.215094+00:00
-25.8763716,28.1500287,ROOIHUISKRAAL NOORD X14,MONTAGU AVENUE,TSH,79900069,https://powerfailure.tshwane.gov.za/Tshwanesms/Map.aspx,"-25.8764,28.1500|ROOIHUISKRAAL NOORD X14#0",2026-09-23 15:54:26.696532+00:00,2026-09-24 04:56:34.817108+00:00,19.97,2026-09-24 11:52:55.215094+00:00
-25.8766709,28.1502034,ROOIHUISKRAAL NOORD X14,MONTAGU AVENUE,TSH,79900069,https://powerfailure.tshwane.gov.za/Tshwanesms/Map.aspx,"-25.8767,28.1502|ROOIHUISKRAAL NOORD X14#0",2026-09-23 15:54:26.696532+00:00,2026-09-24 04:56:34.817108+00:00,19.97,2026-09-24 11:52:55.215094+00:00
-25.8764684,28.1506448,ROOIHUISKRAAL NOORD X14,MONTAGU AVENUE,TSH,79900069,https://powerfailure.tshwane.gov.za/Tshwanesms/Map.aspx,"-25.8765,28.1506|ROOIHUISKRAAL NOORD X14#0",2026-09-23 15:54:26.696532+00:00,2026-09-24 04:56:34.817108+00:00,19.97,2026-09-24 11:52:55.215094+00:00
-25.8784044,28.152147,ROOIHUISKRAAL NOORD X14,LOURIERBLAAR PLACE,TSH,79900069,https://powerfailure.tshwane.gov.za/Tshwanesms/Map.aspx,"-25.8784,28.1521|ROOIHUISKRAAL NOORD X14#0",2026-09-23 15:54:26.696532+00:00,2026-09-24 04:56:34.817108+00:00,19.97,2026-09-24 11:52:55.215094+00:00
-25.8767712,28.1413677,ROOIHUISKRAAL NOORD X14,WIERDA GLEN VILLAS,TSH,79900069,https://powerfailure.tshwane.gov.za/Tshwanesms/Map.aspx,"-25.8768,28.1414|ROOIHUISKRAAL NOORD X14#0",2026-09-23 15:54:26.696532+00:00,2026-09-24 04:56:34.817108+00:00,19.97,2026-09-24 11:52:55.215094+00:00
-25.8838451,28.1462289,ROOIHUISKRAAL NOORD X16,PARTRIDGE STREET,TSH,79900069,https://powerfailure.tshwane.gov.za/Tshwanesms/Map.aspx,"-25.8838,28.1462|ROOIHUISKRAAL NOORD X16#0",2026-09-23 15:54:26.696532+00:00,2026-09-24 04:56:34.817108+00:00,19.97,2026-09-24 11:52:55.215094+00:00
-25.8823923,28.1501615,ROOIHUISKRAAL NOORD X16,PARTRIDGE STREET,TSH,79900069,https://powerfailure.tshwane.gov.za/Tshwanesms/Map.aspx,"-25.8824,28.1502|ROOIHUISKRAAL NOORD X16#0",2026-09-23 15:54:26.696532+00:00,2026-09-24 04:56:34.817108+00:00,19.97,2026-09-24 11:52:55.215094+00:00
-25.8786754,28.1314983,ROOIHUISKRAAL NOORD X18,WAHLBERG EAGLE STREET,TSH,79900048,https://powerfailure.tshwane.gov.za/Tshwanesms/Map.aspx,"-25.8787,28.1315|ROOIHUISKRAAL NOORD X18#0",2026-09-23 15:54:26.696532+00:00,2026-09-24 04:56:34.817108+00:00,19.97,2026-09-24 11:52:55.215094+00:00
-25.8748261,28.1312301,ROOIHUISKRAAL NOORD X19,PEREGRINE STREET,TSH,79900048,https://powerfailure.tshwane.gov.za/Tshwanesms/Map.aspx,"-25.8748,28.1312|ROOIHUISKRAAL NOORD X19#0",2026-09-23 15:54:26.696532+00:00,2026-09-24 04:56:34.817108+00:00,19.97,2026-09-24 11:52:55.215094+00:00
-25.8738316,28.1305779,ROOIHUISKRAAL NOORD X19,PEREGRINE STREET,TSH,79900048,https://powerfailure.tshwane.gov.za/Tshwanesms/Map.aspx,"-25.8738,28.1306|ROOIHUISKRAAL NOORD X19#0",2026-09-23 15:54:26.696532+00:00,2026-09-24 04:56:34.817108+00:00,19.97,2026-09-24 11:52:55.215094+00:00
-25.8720337,28.1316551,ROOIHUISKRAAL NOORD X19,PYGMY STREET,TSH,79900048,https://powerfailure.tshwane.gov.za/Tshwanesms/Map.aspx,"-25.8720,28.1317|ROOIHUISKRAAL NOORD X19#0",2026-09-23 15:54:26.696532+00:00,2026-09-24 04:56:34.817108+00:00,19.97,2026-09-24 11:52:55.215094+00:00
-25.8721198,28.1285889,ROOIHUISKRAAL NOORD X19,PYGMY STREET,TSH,79900048,https://powerfailure.tshwane.gov.za/Tshwanesms/Map.aspx,"-25.8721,28.1286|ROOIHUISKRAAL NOORD X19#0",2026-09-23 15:54:26.696532+00:00,2026-09-24 04:56:34.817108+00:00,19.97,2026-09-24 11:52:55.215094+00:00
-25.7199695,28.216069,RIETFONTEIN,SIXTEENTH AVENUE,TSH,79900053,https://powerfailure.tshwane.gov.za/Tshwanesms/Map.aspx,"-25.7200,28.2161|RIETFONTEIN#0",2026-09-23 15:54:26.696532+00:00,2026-09-24 04:56:34.817108+00:00,19.97,2026-09-24 11:52:55.215094+00:00
-25.7062254,28.224273,RIETFONTEIN,23RD AVENUE,TSH,79900054,https://powerfailure.tshwane.gov.za/Tshwanesms/Map.aspx,"-25.7062,28.2243|RIETFONTEIN#0",2026-09-23 15:54:26.696532+00:00,2026-09-24 04:56:34.817108+00:00,19.97,2026-09-24 11:52:55.215094+00:00
-25.8685081,28.151295,WIERDAPARK X02,WOLSLEY AVENUE,TSH,79900069,https://powerfailure.tshwane.gov.za/Tshwanesms/Map.aspx,"-25.8685,28.1513|WIERDAPARK X02#0",2026-09-23 15:54:26.696532+00:00,2026-09-24 04:56:34.817108+00:00,19.97,2026-09-24 11:52:55.215094+00:00
-25.8720172,28.147843,WIERDAPARK X02,REDDERSBURG STREET,TSH,79900069,https://powerfailure.tshwane.gov.za/Tshwanesms/Map.aspx,"-25.8720,28.1478|WIERDAPARK X02#0",2026-09-23 15:54:26.696532+00:00,2026-09-24 04:56:34.817108+00:00,19.97,2026-09-24 11:52:55.215094+00:00
-25.8753512,28.1514463,WIERDAPARK X02,FICKSBURG STREET,TSH,79900069,https://powerfailure.tshwane.gov.za/Tshwanesms/Map.aspx,"-25.8754,28.1514|WIERDAPARK X02#0",2026-09-23 15:54:26.696532+00:00,2026-09-24 04:56:34.817108+00:00,19.97,2026-09-24 11:52:55.215094+00:00
-25.8716971,28.1533875,WIERDAPARK X02,HOWICK STREET,TSH,79900069,https://powerfailure.tshwane.gov.za/Tshwanesms/Map.aspx,"-25.8717,28.1534|WIERDAPARK X02#0",2026-09-23 15:54:26.696532+00:00,2026-09-24 04:56:34.817108+00:00,19.97,2026-09-24 11:52:55.215094+00:00
-25.8744586,28.153868,WIERDAPARK X02,GANSBAAI STREET,TSH,79900069,https://powerfailure.tshwane.gov.za/Tshwanesms/Map.aspx,"-25.8745,28.1539|WIERDAPARK X02#0",2026-09-23 15:54:26.696532+00:00,2026-09-24 04:56:34.817108+00:00,19.97,2026-09-24 11:52:55.215094+00:00
-25.8696925,28.159142,ELDORAIGNE X18,CLANWILLIAM STREET,TSH,79900069,https://powerfailure.tshwane.gov.za/Tshwanesms/Map.aspx,"-25.8697,28.1591|ELDORAIGNE X18#0",2026-09-23 15:54:26.696532+00:00,2026-09-24 04:56:34.817108+00:00,19.97,2026-09-24 11:52:55.215094+00:00
-25.8711168,28.1445176,WIERDAPARK X02,MAFEKING AVENUE,TSH,79900069,https://powerfailure.tshwane.gov.za/Tshwanesms/Map.aspx,"-25.8711,28.1445|WIERDAPARK X02#0",2026-09-23 15:54:26.696532+00:00,2026-09-24 04:56:34.817108+00:00,19.97,2026-09-24 11:52:55.215094+00:00
-25.8714503,28.1441604,WIERDAPARK X02,ROEDTAN AVENUE,TSH,79900069,https://powerfailure.tshwane.gov.za/Tshwanesms/Map.aspx,"-25.8715,28.1442|WIERDAPARK X02#0",2026-09-23 15:54:26.696532+00:00,2026-09-24 04:56:34.817108+00:00,19.97,2026-09-24 11:52:55.215094+00:00
-25.8696105,28.1490493,WIERDAPARK X02,MARIKANA STREET,TSH,79900069,https://powerfailure.tshwane.gov.za/Tshwanesms/Map.aspx,"-25.8696,28.1490|WIERDAPARK X02#0",2026-09-23 15:54:26.696532+00:00,2026-09-24 04:56:34.817108+00:00,19.97,2026-09-24 11:52:55.215094+00:00
-25.8721265,28.1463514,WIERDAPARK X02,REDDERSBURG STREET,TSH,79900069,https://powerfailure.tshwane.gov.za/Tshwanesms/Map.aspx,"-25.8721,28.1464|WIERDAPARK X02#0",2026-09-23 15:54:26.696532+00:00,2026-09-24 04:56:34.817108+00:00,19.97,2026-09-24 11:52:55.215094+00:00
-25.8748889,28.1490377,WIERDAPARK X02,MONTAGU AVENUE,TSH,79900069,https://powerfailure.tshwane.gov.za/Tshwanesms/Map.aspx,"-25.8749,28.1490|WIERDAPARK X02#0",2026-09-23 15:54:26.696532+00:00,2026-09-24 04:56:34.817108+00:00,19.97,2026-09-24 11:52:55.215094+00:00
-25.873285,28.150736,WIERDAPARK X02,BRITS AVENUE,TSH,79900069,https://powerfailure.tshwane.gov.za/Tshwanesms/Map.aspx,"-25.8733,28.1507|WIERDAPARK X02#0",2026-09-23 15:54:26.696532+00:00,2026-09-24 04:56:34.817108+00:00,19.97,2026-09-24 11:52:55.215094+00:00
-25.8717244,28.1540563,WIERDAPARK X02,MEMEL STREET,TSH,79900069,https://powerfailure.tshwane.gov.za/Tshwanesms/Map.aspx,"-25.8717,28.1541|WIERDAPARK X02#0",2026-09-23 15:54:26.696532+00:00,2026-09-24 04:56:34.817108+00:00,19.97,2026-09-24 11:52:55.215094+00:00
-25.8726859,28.1596626,WIERDAPARK X02,GOSHAWK STREET,TSH,79900069,https://powerfailure.tshwane.gov.za/Tshwanesms/Map.aspx,"-25.8727,28.1597|WIERDAPARK X02#0",2026-09-23 15:54:26.696532+00:00,2026-09-24 04:56:34.817108+00:00,19.97,2026-09-24 11:52:55.215094+00:00
-25.8733093,28.1607759,WIERDAPARK X02,SWELLENDAM AVENUE,TSH,79900069,https://powerfailure.tshwane.gov.za/Tshwanesms/Map.aspx,"-25.8733,28.1608|WIERDAPARK X02#0",2026-09-23 15:54:26.696532+00:00,2026-09-24 04:56:34.817108+00:00,19.97,2026-09-24 11:52:55.215094+00:00
-25.8742684,28.1573235,WIERDAPARK X02,NOUPOORT AVENUE,TSH,79900069,https://powerfailure.tshwane.gov.za/Tshwanesms/Map.aspx,"-25.8743,28.1573|WIERDAPARK X02#0",2026-09-23 15:54:26.696532+00:00,2026-09-24 04:56:34.817108+00:00,19.97,2026-09-24 11:52:55.215094+00:00
-25.8686006,28.1584565,ELDORAIGNE X18,OUDTSHOORN STREET,TSH,79900069,https://powerfailure.tshwane.gov.za/Tshwanesms/Map.aspx,"-25.8686,28.1585|ELDORAIGNE X18#0",2026-09-23 15:54:26.696532+00:00,2026-09-24 04:56:34.817108+00:00,19.97,2026-09-24 11:52:55.215094+00:00
-25.8661756,28.2174279,IRENE,KRIGE LANE,TSH,79900065,https://powerfailure.tshwane.gov.za/Tshwanesms/Map.aspx,"-25.8662,28.2174|IRENE#0",2026-09-24 11:52:55.215094+00:00,2026-09-24 11:52:55.215094+00:00,5.36,2026-09-24 17:14:48.543546+00:00
-25.6997126,28.2379739,VILLIERIA,31ST AVENUE,TSH,79900052,https://powerfailure.tshwane.gov.za/Tshwanesms/Map.aspx,"-25.6997,28.2380|VILLIERIA#0",2026-09-24 11:52:55.215094+00:00,2026-09-24 11:52:55.215094+00:00,5.36,2026-09-24 17:14:48.543546+00:00
-25.9037481,28.2543752,DOORNKLOOF OUTSIDE AREAS(ELEKR,I77/57/34/20/3  391 JR POLE,TSH,79900065,https://powerfailure.tshwane.gov.za/Tshwanesms/Map.aspx,"-25.9037,28.2544|DOORNKLOOF OUTSIDE AREAS(ELEKR#0",2026-09-23 15:54:26.696532+00:00,2026-09-24 11:52:55.215094+00:00,25.34,2026-09-24 17:14:48.543546+00:00
-25.8458953,28.2010913,DIE HOEWES X31,WEEROMKEER NOOK,TSH,79900057,https://powerfailure.tshwane.gov.za/Tshwanesms/Map.aspx,"-25.8459,28.2011|DIE HOEWES X31#0",2026-09-23 21:32:43.518437+00:00,2026-09-24 11:52:55.215094+00:00,19.7,2026-09-24 17:14:48.543546+00:00
-25.8389258,28.1702685,ZWARTKOP 356-JR,M44374 224 LYTTELTONWEG,TSH,79900066,https://powerfailure.tshwane.gov.za/Tshwanesms/Map.aspx,"-25.8389,28.1703|ZWARTKOP 356-JR#0",2026-09-23 21:32:43.518437+00:00,2026-09-24 11:52:55.215094+00:00,19.7,2026-09-24 17:14:48.543546+00:00
-25.8056755,28.2851908,CONSTANTIA PARK X01,ALKEN STREET,TSH,79900083,https://powerfailure.tshwane.gov.za/Tshwanesms/Map.aspx,"-25.8057,28.2852|CONSTANTIA PARK X01#0",2026-09-23 21:32:43.518437+00:00,2026-09-24 11:52:55.215094+00:00,19.7,2026-09-24 17:14:48.543546+00:00
-25.8068818,28.2869971,CONSTANTIA PARK X01,KENSON STREET,TSH,79900083,https://powerfailure.tshwane.gov.za/Tshwanesms/Map.aspx,"-25.8069,28.2870|CONSTANTIA PARK X01#0",2026-09-23 21:32:43.518437+00:00,2026-09-24 11:52:55.215094+00:00,19.7,2026-09-24 17:14:48.543546+00:00
-25.8082471,28.2874704,CONSTANTIA PARK X01,BEVAL STREET,TSH,79900083,https://powerfailure.tshwane.gov.za/Tshwanesms/Map.aspx,"-25.8082,28.2875|CONSTANTIA PARK X01#0",2026-09-23 21:32:43.518437+00:00,2026-09-24 11:52:55.215094+00:00,19.7,2026-09-24 17:14:48.543546+00:00
-25.8052033,28.2858846,CONSTANTIA PARK X01,ALKEN STREET,TSH,79900083,https://powerfailure.tshwane.gov.za/Tshwanesms/Map.aspx,"-25.8052,28.2859|CONSTANTIA PARK X01#0",2026-09-23 21:32:43.518437+00:00,2026-09-24 11:52:55.215094+00:00,19.7,2026-09-24 17:14:48.543546+00:00
-25.8057934,28.2860875,CONSTANTIA PARK X01,ALKEN STREET,TSH,79900083,https://powerfailure.tshwane.gov.za/Tshwanesms/Map.aspx,"-25.8058,28.2861|CONSTANTIA PARK X01#0",2026-09-24 11:52:55.215094+00:00,2026-09-24 11:52:55.215094+00:00,5.36,2026-09-24 17:14:48.543546+00:00
-25.8069619,28.2876174,CONSTANTIA PARK X01,KENSON STREET,TSH,79900083,https://powerfailure.tshwane.gov.za/Tshwanesms/Map.aspx,"-25.8070,28.2876|CONSTANTIA PARK X01#0",2026-09-24 04:53:01.668402+00:00,2026-09-24 11:52:55.215094+00:00,12.36,2026-09-24 17:14:48.543546+00:00
-25.8182589,28.2045065,LYTTELTON MANOR X01,DF MALAN AVENUE,TSH,79900079,https://powerfailure.tshwane.gov.za/Tshwanesms/Map.aspx,"-25.8183,28.2045|LYTTELTON MANOR X01#0",2026-09-24 04:53:01.668402+00:00,2026-09-24 11:52:55.215094+00:00,12.36,2026-09-24 17:14:48.543546+00:00
-25.8182589,28.2045065,LYTTELTON MANOR X01,DF MALAN AVENUE,TSH,79900079,https://powerfailure.tshwane.gov.za/Tshwanesms/Map.aspx,"-25.8183,28.2045|LYTTELTON MANOR X01#1",2026-09-24 11:52:55.215094+00:00,2026-09-24 11:52:55.215094+00:00,5.36,2026-09-24 17:14:48.543546+00:00
-25.8182589,28.2045065,LYTTELTON MANOR X01,DF MALAN AVENUE,TSH,79900079,https://powerfailure.tshwane.gov.za/Tshwanesms/Map.aspx,"-25.8183,28.2045|LYTTELTON MANOR X01#2",2026-09-24 11:52:55.215094+00:00,2026-09-24 11:52:55.215094+00:00,5.36,2026-09-24 17:14:48.543546+00:00
-25.8199108,28.1510121,VALHALLA,HUGO STREET,TSH,79900066,https://powerfailure.tshwane.gov.za/Tshwanesms/Map.aspx,"-25.8199,28.1510|VALHALLA#0",2026-09-24 04:53:01.668402+00:00,2026-09-24 11:52:55.215094+00:00,12.36,2026-09-24 17:14:48.543546+00:00
-25.8022364,28.2898035,CONSTANTIA PARK,FRANS LIZST STREET,TSH,79900083,https://powerfailure.tshwane.gov.za/Tshwanesms/Map.aspx,"-25.8022,28.2898|CONSTANTIA PARK#0",2026-09-23 21:32:43.518437+00:00,2026-09-24 11:52:55.215094+00:00,19.7,2026-09-24 17:14:48.543546+00:00
-25.8057441,28.28578,CONSTANTIA PARK X01,ALKEN STREET,TSH,79900083,https://powerfailure.tshwane.gov.za/Tshwanesms/Map.aspx,"-25.8057,28.2858|CONSTANTIA PARK X01#0",2026-09-24 11:52:55.215094+00:00,2026-09-24 11:52:55.215094+00:00,5.36,2026-09-24 17:14:48.543546+00:00
-25.808132,28.2863263,CONSTANTIA PARK X01,BEVAL STREET,TSH,79900083,https://powerfailure.tshwane.gov.za/Tshwanesms/Map.aspx,"-25.8081,28.2863|CONSTANTIA PARK X01#0",2026-09-24 11:52:55.215094+00:00,2026-09-24 11:52:55.215094+00:00,5.36,2026-09-24 17:14:48.543546+00:00
-25.807717,28.2885443,CONSTANTIA PARK X01,BEVAL STREET,TSH,79900083,https://powerfailure.tshwane.gov.za/Tshwanesms/Map.aspx,"-25.8077,28.2885|CONSTANTIA PARK X01#0",2026-09-24 11:52:55.215094+00:00,2026-09-24 11:52:55.215094+00:00,5.36,2026-09-24 17:14:48.543546+00:00
-25.807982,28.2880073,CONSTANTIA PARK X01,BEVAL STREET,TSH,79900083,https://powerfailure.tshwane.gov.za/Tshwanesms/Map.aspx,"-25.8080,28.2880|CONSTANTIA PARK X01#0",2026-09-24 11:52:55.215094+00:00,2026-09-24 11:52:55.215094+00:00,5.36,2026-09-24 17:14:48.543546+00:00
-25.8567524,28.204645,DORINGKLOOF,JEAN AVENUE,TSH,79900078,https://powerfailure.tshwane.gov.za/Tshwanesms/Map.aspx,"-25.8568,28.2046|DORINGKLOOF#0",2026-09-24 11:52:55.215094+00:00,2026-09-24 11:52:55.215094+00:00,5.36,2026-09-24 17:14:48.543546+00:00
-25.7238464,28.2141264,RIETFONTEIN,JACOBS STREET,TSH,79900053,https://powerfailure.tshwane.gov.za/Tshwanesms/Map.aspx,"-25.7238,28.2141|RIETFONTEIN#0",2026-09-24 04:53:01.668402+00:00,2026-09-24 11:52:55.215094+00:00,12.36,2026-09-24 17:14:48.543546+00:00
-25.7207434,28.2168329,RIETFONTEIN,ELLA STREET,TSH,79900053,https://powerfailure.tshwane.gov.za/Tshwanesms/Map.aspx,"-25.7207,28.2168|RIETFONTEIN#0",2026-09-24 11:52:55.215094+00:00,2026-09-24 11:52:55.215094+00:00,5.36,2026-09-24 17:14:48.543546+00:00
-25.7416153,28.2247358,LISDOGAN PARK,DUMBARTON ROAD,TSH,79900092,https://powerfailure.tshwane.gov.za/Tshwanesms/Map.aspx,"-25.7416,28.2247|LISDOGAN PARK#0",2026-09-24 11:52:55.215094+00:00,2026-09-24 11:52:55.215094+00:00,5.36,2026-09-24 17:14:48.543546+00:00
-25.7776026,28.0474556,ATTERIDGEVILLE X07,MODJADJI STREET,TSH,79900068,https://powerfailure.tshwane.gov.za/Tshwanesms/Map.aspx,"-25.7776,28.0475|ATTERIDGEVILLE X07#0",2026-09-23 21:32:43.518437+00:00,2026-09-24 11:52:55.215094+00:00,19.7,2026-09-24 17:14:48.543546+00:00
-25.8053722,28.2863167,CONSTANTIA PARK X01,ALKEN STREET,TSH,79900083,https://powerfailure.tshwane.gov.za/Tshwanesms/Map.aspx,"-25.8054,28.2863|CONSTANTIA PARK X01#0",2026-09-23 21:32:43.518437+00:00,2026-09-24 11:52:55.215094+00:00,19.7,2026-09-24 17:14:48.543546+00:00
-25.8053722,28.2863167,CONSTANTIA PARK X01,ALKEN STREET,TSH,79900083,https://powerfailure.tshwane.gov.za/Tshwanesms/Map.aspx,"-25.8054,28.2863|CONSTANTIA PARK X01#1",2026-09-24 11:52:55.215094+00:00,2026-09-24 11:52:55.215094+00:00,5.36,2026-09-24 17:14:48.543546+00:00
-25.8085121,28.2869334,CONSTANTIA PARK X01,BEVAL STREET,TSH,79900083,https://powerfailure.tshwane.gov.za/Tshwanesms/Map.aspx,"-25.8085,28.2869|CONSTANTIA PARK X01#0",2026-09-24 04:53:01.668402+00:00,2026-09-24 11:52:55.215094+00:00,12.36,2026-09-24 17:14:48.543546+00:00
-25.8174888,28.2056169,LYTTELTON MANOR X01,KRUGER AVENUE,TSH,79900079,https://powerfailure.tshwane.gov.za/Tshwanesms/Map.aspx,"-25.8175,28.2056|LYTTELTON MANOR X01#0",2026-09-24 11:52:55.215094+00:00,2026-09-24 11:52:55.215094+00:00,5.36,2026-09-24 17:14:48.543546+00:00
-25.8978202,28.2281578,DOORNKLOOF 391-JR,TWIN RIVERS LANE,TSH,79900065,https://powerfailure.tshwane.gov.za/Tshwanesms/Map.aspx,"-25.8978,28.2282|DOORNKLOOF 391-JR#0",2026-09-23 15:54:26.696532+00:00,2026-09-24 11:52:55.215094+00:00,25.34,2026-09-24 17:14:48.543546+00:00
-25.8565458,28.2044168,DORINGKLOOF,JEAN AVENUE,TSH,79900078,https://powerfailure.tshwane.gov.za/Tshwanesms/Map.aspx,"-25.8565,28.2044|DORINGKLOOF#0",2026-09-24 11:52:55.215094+00:00,2026-09-24 11:52:55.215094+00:00,5.36,2026-09-24 17:14:48.543546+00:00
-25.7913925,28.379793,ZWARTKOPPIES 364-JR,ZWARTKOPPIES,TSH,79900101,https://powerfailure.tshwane.gov.za/Tshwanesms/Map.aspx,"-25.7914,28.3798|ZWARTKOPPIES 364-JR#0",2026-09-23 15:54:26.696532+00:00,2026-09-24 11:52:55.215094+00:00,25.34,2026-09-24 17:14:48.543546+00:00
-25.8056529,28.2848877,CONSTANTIA PARK X01,ALKEN STREET,TSH,79900083,https://powerfailure.tshwane.gov.za/Tshwanesms/Map.aspx,"-25.8057,28.2849|CONSTANTIA PARK X01#0",2026-09-23 21:32:43.518437+00:00,2026-09-24 11:52:55.215094+00:00,19.7,2026-09-24 17:14:48.543546+00:00
-25.8059685,28.2874835,CONSTANTIA PARK X01,HAYSTON STREET,TSH,79900083,https://powerfailure.tshwane.gov.za/Tshwanesms/Map.aspx,"-25.8060,28.2875|CONSTANTIA PARK X01#0",2026-09-24 04:53:01.668402+00:00,2026-09-24 11:52:55.215094+00:00,12.36,2026-09-24 17:14:48.543546+00:00
-25.8072832,28.2869511,CONSTANTIA PARK X01,KENMAR STREET,TSH,79900083,https://powerfailure.tshwane.gov.za/Tshwanesms/Map.aspx,"-25.8073,28.2870|CONSTANTIA PARK X01#0",2026-09-23 21:32:43.518437+00:00,2026-09-24 11:52:55.215094+00:00,19.7,2026-09-24 17:14:48.543546+00:00
-25.8763059,28.1846761,HIGHVELD,EINSTEIN STREET,TSH,79900065,https://powerfailure.tshwane.gov.za/Tshwanesms/Map.aspx,"-25.8763,28.1847|HIGHVELD#0",2026-09-24 11:52:55.215094+00:00,2026-09-24 11:52:55.215094+00:00,5.36,2026-09-24 17:14:48.543546+00:00
-25.7218933,28.2482593,QUEENSWOOD,RIST AVENUE,TSH,79900084,https://powerfailure.tshwane.gov.za/Tshwanesms/Map.aspx,"-25.7219,28.2483|QUEENSWOOD#0",2026-09-23 21:32:43.518437+00:00,2026-09-24 11:52:55.215094+00:00,19.7,2026-09-24 17:14:48.543546+00:00
-25.8078495,28.2882758,CONSTANTIA PARK X01,BEVAL STREET,TSH,79900083,https://powerfailure.tshwane.gov.za/Tshwanesms/Map.aspx,"-25.8078,28.2883|CONSTANTIA PARK X01#0",2026-09-24 11:52:55.215094+00:00,2026-09-24 11:52:55.215094+00:00,5.36,2026-09-24 17:14:48.543546+00:00
-25.7110549,28.1870125,ELOFFSDAL,ELOFF STREET,TSH,79900053,https://powerfailure.tshwane.gov.za/Tshwanesms/Map.aspx,"-25.7111,28.1870|ELOFFSDAL#0",2026-09-24 04:53:01.668402+00:00,2026-09-24 11:52:55.215094+00:00,12.36,2026-09-24 17:14:48.543546+00:00
-25.7113639,28.1885444,ELOFFSDAL,WEGERLE AVENUE,TSH,79900053,https://powerfailure.tshwane.gov.za/Tshwanesms/Map.aspx,"-25.7114,28.1885|ELOFFSDAL#0",2026-09-24 04:53:01.668402+00:00,2026-09-24 11:52:55.215094+00:00,12.36,2026-09-24 17:14:48.543546+00:00
-25.7125034,28.1872067,ELOFFSDAL,FRANZINA STREET,TSH,79900053,https://powerfailure.tshwane.gov.za/Tshwanesms/Map.aspx,"-25.7125,28.1872|ELOFFSDAL#0",2026-09-24 04:53:01.668402+00:00,2026-09-24 11:52:55.215094+00:00,12.36,2026-09-24 17:14:48.543546+00:00
-25.7127571,28.1897654,ELOFFSDAL,FRANZINA STREET,TSH,79900053,https://powerfailure.tshwane.gov.za/Tshwanesms/Map.aspx,"-25.7128,28.1898|ELOFFSDAL#0",2026-09-24 04:53:01.668402+00:00,2026-09-24 11:52:55.215094+00:00,12.36,2026-09-24 17:14:48.543546+00:00
-25.7124451,28.191377,ELOFFSDAL,AVRIL STREET,TSH,79900053,https://powerfailure.tshwane.gov.za/Tshwanesms/Map.aspx,"-25.7124,28.1914|ELOFFSDAL#0",2026-09-24 04:53:01.668402+00:00,2026-09-24 11:52:55.215094+00:00,12.36,2026-09-24 17:14:48.543546+00:00
-25.7999619,28.403125,MOOIPLAATS 367-JR,MOOIPLAATS,TSH,79900101,https://powerfailure.tshwane.gov.za/Tshwanesms/Map.aspx,"-25.8000,28.4031|MOOIPLAATS 367-JR#0",2026-09-23 15:54:26.696532+00:00,2026-09-24 11:52:55.215094+00:00,25.34,2026-09-24 17:14:48.543546+00:00
-25.8043032,28.3962105,MOOIPLAATS 367-JR,PL ZW-095-13 (PORTION 236),TSH,79900101,https://powerfailure.tshwane.gov.za/Tshwanesms/Map.aspx,"-25.8043,28.3962|MOOIPLAATS 367-JR#0",2026-09-23 15:54:26.696532+00:00,2026-09-24 11:52:55.215094+00:00,25.34,2026-09-24 17:14:48.543546+00:00
-25.8283624,28.4085402,MOOIPLAATS 367-JR,PL ZW-138-21-01W (PORTION 85),TSH,79900101,https://powerfailure.tshwane.gov.za/Tshwanesms/Map.aspx,"-25.8284,28.4085|MOOIPLAATS 367-JR#0",2026-09-23 15:54:26.696532+00:00,2026-09-24 11:52:55.215094+00:00,25.34,2026-09-24 17:14:48.543546+00:00
-25.7239817,28.2138762,RIETFONTEIN,JACOBS STREET,TSH,79900053,https://powerfailure.tshwane.gov.za/Tshwanesms/Map.aspx,"-25.7240,28.2139|RIETFONTEIN#0",2026-09-24 04:53:01.668402+00:00,2026-09-24 11:52:55.215094+00:00,12.36,2026-09-24 17:14:48.543546+00:00
-25.7221426,28.2146439,RIETFONTEIN,15TH AVENUE,TSH,79900053,https://powerfailure.tshwane.gov.za/Tshwanesms/Map.aspx,"-25.7221,28.2146|RIETFONTEIN#0",2026-09-24 04:53:01.668402+00:00,2026-09-24 11:52:55.215094+00:00,12.36,2026-09-24 17:14:48.543546+00:00
-25.7216171,28.2160619,RIETFONTEIN,16TH AVENUE,TSH,79900053,https://powerfailure.tshwane.gov.za/Tshwanesms/Map.aspx,"-25.7216,28.2161|RIETFONTEIN#0",2026-09-24 04:56:34.817108+00:00,2026-09-24 11:52:55.215094+00:00,12.3,2026-09-24 17:14:48.543546+00:00
-25.721315,28.2128588,RIETFONTEIN,ELLA STREET,TSH,79900053,https://powerfailure.tshwane.gov.za/Tshwanesms/Map.aspx,"-25.7213,28.2129|RIETFONTEIN#0",2026-09-24 04:53:01.668402+00:00,2026-09-24 11:52:55.215094+00:00,12.36,2026-09-24 17:14:48.543546+00:00
-25.721315,28.2128588,RIETFONTEIN,ELLA STREET,TSH,79900053,https://powerfailure.tshwane.gov.za/Tshwanesms/Map.aspx,"-25.7213,28.2129|RIETFONTEIN#1",2026-09-24 04:53:01.668402+00:00,2026-09-24 11:52:55.215094+00:00,12.36,2026-09-24 17:14:48.543546+00:00
-25.721315,28.2128588,RIETFONTEIN,ELLA STREET,TSH,79900053,https://powerfailure.tshwane.gov.za/Tshwanesms/Map.aspx,"-25.7213,28.2129|RIETFONTEIN#2",2026-09-24 04:53:01.668402+00:00,2026-09-24 11:52:55.215094+00:00,12.36,2026-09-24 17:14:48.543546+00:00
-25.721315,28.2128588,RIETFONTEIN,ELLA STREET,TSH,79900053,https://powerfailure.tshwane.gov.za/Tshwanesms/Map.aspx,"-25.7213,28.2129|RIETFONTEIN#3",2026-09-24 11:52:55.215094+00:00,2026-09-24 11:52:55.215094+00:00,5.36,2026-09-24 17:14:48.543546+00:00
-25.721315,28.2128588,RIETFONTEIN,ELLA STREET,TSH,79900053,https://powerfailure.tshwane.gov.za/Tshwanesms/Map.aspx,"-25.7213,28.2129|RIETFONTEIN#4",2026-09-24 11:52:55.215094+00:00,2026-09-24 11:52:55.215094+00:00,5.36,2026-09-24 17:14:48.543546+00:00
-25.7110853,28.1891366,ELOFFSDAL,WEGERLE AVENUE,TSH,79900053,https://powerfailure.tshwane.gov.za/Tshwanesms/Map.aspx,"-25.7111,28.1891|ELOFFSDAL#0",2026-09-24 11:52:55.215094+00:00,2026-09-24 11:52:55.215094+00:00,5.36,2026-09-24 17:14:48.543546+00:00
-25.711396,28.189099,ELOFFSDAL,WEGERLE AVENUE,TSH,79900053,https://powerfailure.tshwane.gov.za/Tshwanesms/Map.aspx,"-25.7114,28.1891|ELOFFSDAL#0",2026-09-24 04:53:01.668402+00:00,2026-09-24 11:52:55.215094+00:00,12.36,2026-09-24 17:14:48.543546+00:00
-25.7119995,28.1884676,ELOFFSDAL,WEGERLE AVENUE,TSH,79900053,https://powerfailure.tshwane.gov.za/Tshwanesms/Map.aspx,"-25.7120,28.1885|ELOFFSDAL#0",2026-09-24 04:53:01.668402+00:00,2026-09-24 11:52:55.215094+00:00,12.36,2026-09-24 17:14:48.543546+00:00
-25.7123711,28.1922166,ELOFFSDAL,ELOFF STREET,TSH,79900053,https://powerfailure.tshwane.gov.za/Tshwanesms/Map.aspx,"-25.7124,28.1922|ELOFFSDAL#0",2026-09-24 11:52:55.215094+00:00,2026-09-24 11:52:55.215094+00:00,5.36,2026-09-24 17:14:48.543546+00:00
-25.8139978,28.4001841,MOOIPLAATS 367-JR,MOOIPLAATS,TSH,79900101,https://powerfailure.tshwane.gov.za/Tshwanesms/Map.aspx,"-25.8140,28.4002|MOOIPLAATS 367-JR#0",2026-09-23 15:54:26.696532+00:00,2026-09-24 11:52:55.215094+00:00,25.34,2026-09-24 17:14:48.543546+00:00
-25.7218137,28.21459,RIETFONTEIN,15TH AVENUE,TSH,79900053,https://powerfailure.tshwane.gov.za/Tshwanesms/Map.aspx,"-25.7218,28.2146|RIETFONTEIN#0",2026-09-24 04:53:01.668402+00:00,2026-09-24 11:52:55.215094+00:00,12.36,2026-09-24 17:14:48.543546+00:00
-25.7142188,28.2215893,RIETFONTEIN,SWEMMER STREET,TSH,79900053,https://powerfailure.tshwane.gov.za/Tshwanesms/Map.aspx,"-25.7142,28.2216|RIETFONTEIN#0",2026-09-23 21:32:43.518437+00:00,2026-09-24 11:52:55.215094+00:00,19.7,2026-09-24 17:14:48.543546+00:00
-25.7729621,28.0665308,ATTERIDGEVILLE,SEROTE STREET,TSH,79900062,https://powerfailure.tshwane.gov.za/Tshwanesms/Map.aspx,"-25.7730,28.0665|ATTERIDGEVILLE#0",2026-09-24 11:52:55.215094+00:00,2026-09-24 11:52:55.215094+00:00,5.36,2026-09-24 17:14:48.543546+00:00
-25.7128113,28.1903126,ELOFFSDAL,FRANZINA STREET,TSH,79900053,https://powerfailure.tshwane.gov.za/Tshwanesms/Map.aspx,"-25.7128,28.1903|ELOFFSDAL#0",2026-09-24 04:53:01.668402+00:00,2026-09-24 11:52:55.215094+00:00,12.36,2026-09-24 17:14:48.543546+00:00
-25.7130288,28.1925064,ELOFFSDAL,FRANZINA STREET,TSH,79900053,https://powerfailure.tshwane.gov.za/Tshwanesms/Map.aspx,"-25.7130,28.1925|ELOFFSDAL#0",2026-09-24 04:53:01.668402+00:00,2026-09-24 11:52:55.215094+00:00,12.36,2026-09-24 17:14:48.543546+00:00
-25.794522,27.8926177,BROEDERSTROOM 481 JQ,BR-016-05-02E,NW372,63702029,https://powerfailure.tshwane.gov.za/Tshwanesms/Map.aspx,"-25.7945,27.8926|BROEDERSTROOM 481 JQ#0",2026-09-24 04:53:01.668402+00:00,2026-09-24 11:52:55.215094+00:00,12.36,2026-09-24 17:14:48.543546+00:00
-25.8281108,28.4259381,MOOIPLAATS 367-JR,PL ZW-176 (PORTION 196),TSH,79900101,https://powerfailure.tshwane.gov.za/Tshwanesms/Map.aspx,"-25.8281,28.4259|MOOIPLAATS 367-JR#0",2026-09-23 15:54:26.696532+00:00,2026-09-24 11:52:55.215094+00:00,25.34,2026-09-24 17:14:48.543546+00:00
-25.7983532,28.3905305,MOOIPLAATS 367-JR,PL ZW-090 (PORTION 229),TSH,79900101,https://powerfailure.tshwane.gov.za/Tshwanesms/Map.aspx,"-25.7984,28.3905|MOOIPLAATS 367-JR#0",2026-09-23 15:54:26.696532+00:00,2026-09-24 11:52:55.215094+00:00,25.34,2026-09-24 17:14:48.543546+00:00
-25.7951966,28.4131575,MOOIPLAATS 367-JR,PL ZW-122-24-08 (PORTION 47),TSH,79900101,https://powerfailure.tshwane.gov.za/Tshwanesms/Map.aspx,"-25.7952,28.4132|MOOIPLAATS 367-JR#0",2026-09-23 15:54:26.696532+00:00,2026-09-24 11:52:55.215094+00:00,25.34,2026-09-24 17:14:48.543546+00:00
-25.7215681,28.2145417,RIETFONTEIN,ELLA STREET,TSH,79900053,https://powerfailure.tshwane.gov.za/Tshwanesms/Map.aspx,"-25.7216,28.2145|RIETFONTEIN#0",2026-09-24 11:52:55.215094+00:00,2026-09-24 11:52:55.215094+00:00,5.36,2026-09-24 17:14:48.543546+00:00
-25.6971878,28.2311409,RIETFONTEIN,28TH AVENUE,TSH,79900052,https://powerfailure.tshwane.gov.za/Tshwanesms/Map.aspx,"-25.6972,28.2311|RIETFONTEIN#0",2026-09-24 04:53:01.668402+00:00,2026-09-24 11:52:55.215094+00:00,12.36,2026-09-24 17:14:48.543546+00:00
-25.7110532,28.1885819,ELOFFSDAL,WEGERLE AVENUE,TSH,79900053,https://powerfailure.tshwane.gov.za/Tshwanesms/Map.aspx,"-25.7111,28.1886|ELOFFSDAL#0",2026-09-24 04:53:01.668402+00:00,2026-09-24 11:52:55.215094+00:00,12.36,2026-09-24 17:14:48.543546+00:00
-25.7130096,28.1912165,ELOFFSDAL,AVRIL STREET,TSH,79900053,https://powerfailure.tshwane.gov.za/Tshwanesms/Map.aspx,"-25.7130,28.1912|ELOFFSDAL#0",2026-09-24 04:53:01.668402+00:00,2026-09-24 11:52:55.215094+00:00,12.36,2026-09-24 17:14:48.543546+00:00
-25.7130107,28.192324,ELOFFSDAL,FRANZINA STREET,TSH,79900053,https://powerfailure.tshwane.gov.za/Tshwanesms/Map.aspx,"-25.7130,28.1923|ELOFFSDAL#0",2026-09-24 04:53:01.668402+00:00,2026-09-24 11:52:55.215094+00:00,12.36,2026-09-24 17:14:48.543546+00:00
-25.7122972,28.1908363,ELOFFSDAL,AVRIL STREET,TSH,79900053,https://powerfailure.tshwane.gov.za/Tshwanesms/Map.aspx,"-25.7123,28.1908|ELOFFSDAL#0",2026-09-24 04:53:01.668402+00:00,2026-09-24 11:52:55.215094+00:00,12.36,2026-09-24 17:14:48.543546+00:00
-25.7993452,28.4133381,MOOIPLAATS 367-JR,PL ZW-122-16-05N (PORTION 224),TSH,79900101,https://powerfailure.tshwane.gov.za/Tshwanesms/Map.aspx,"-25.7993,28.4133|MOOIPLAATS 367-JR#0",2026-09-23 15:54:26.696532+00:00,2026-09-24 11:52:55.215094+00:00,25.34,2026-09-24 17:14:48.543546+00:00
-25.7219782,28.2146169,RIETFONTEIN,15TH AVENUE,TSH,79900053,https://powerfailure.tshwane.gov.za/Tshwanesms/Map.aspx,"-25.7220,28.2146|RIETFONTEIN#0",2026-09-24 04:53:01.668402+00:00,2026-09-24 11:52:55.215094+00:00,12.36,2026-09-24 17:14:48.543546+00:00
-25.7212603,28.2163704,RIETFONTEIN,ELLA STREET,TSH,79900053,https://powerfailure.tshwane.gov.za/Tshwanesms/Map.aspx,"-25.7213,28.2164|RIETFONTEIN#0",2026-09-24 11:52:55.215094+00:00,2026-09-24 11:52:55.215094+00:00,5.36,2026-09-24 17:14:48.543546+00:00
-25.7215595,28.2150002,RIETFONTEIN,ELLA STREET,TSH,79900053,https://powerfailure.tshwane.gov.za/Tshwanesms/Map.aspx,"-25.7216,28.2150|RIETFONTEIN#0",2026-09-24 11:52:55.215094+00:00,2026-09-24 11:52:55.215094+00:00,5.36,2026-09-24 17:14:48.543546+00:00
-25.7111272,28.1877422,ELOFFSDAL,ELOFF STREET,TSH,79900053,https://powerfailure.tshwane.gov.za/Tshwanesms/Map.aspx,"-25.7111,28.1877|ELOFFSDAL#0",2026-09-24 04:53:01.668402+00:00,2026-09-24 11:52:55.215094+00:00,12.36,2026-09-24 17:14:48.543546+00:00
-25.7113084,28.1895711,ELOFFSDAL,ELOFF STREET,TSH,79900053,https://powerfailure.tshwane.gov.za/Tshwanesms/Map.aspx,"-25.7113,28.1896|ELOFFSDAL#0",2026-09-24 04:53:01.668402+00:00,2026-09-24 11:52:55.215094+00:00,12.36,2026-09-24 17:14:48.543546+00:00
-25.7125758,28.1879364,ELOFFSDAL,FRANZINA STREET,TSH,79900053,https://powerfailure.tshwane.gov.za/Tshwanesms/Map.aspx,"-25.7126,28.1879|ELOFFSDAL#0",2026-09-24 04:53:01.668402+00:00,2026-09-24 11:52:55.215094+00:00,12.36,2026-09-24 17:14:48.543546+00:00
-25.7121175,28.189658,ELOFFSDAL,ELOFF STREET,TSH,79900053,https://powerfailure.tshwane.gov.za/Tshwanesms/Map.aspx,"-25.7121,28.1897|ELOFFSDAL#0",2026-09-24 11:52:55.215094+00:00,2026-09-24 11:52:55.215094+00:00,5.36,2026-09-24 17:14:48.543546+00:00
-25.7129926,28.1921416,ELOFFSDAL,FRANZINA STREET,TSH,79900053,https://powerfailure.tshwane.gov.za/Tshwanesms/Map.aspx,"-25.7130,28.1921|ELOFFSDAL#0",2026-09-24 11:52:55.215094+00:00,2026-09-24 11:52:55.215094+00:00,5.36,2026-09-24 17:14:48.543546+00:00
-25.7983458,28.4062428,MOOIPLAATS 367-JR,PL ZW-122-08-11 (PORTION 199),TSH,79900101,https://powerfailure.tshwane.gov.za/Tshwanesms/Map.aspx,"-25.7983,28.4062|MOOIPLAATS 367-JR#0",2026-09-23 15:54:26.696532+00:00,2026-09-24 11:52:55.215094+00:00,25.34,2026-09-24 17:14:48.543546+00:00
-25.7816981,28.370131,ZWARTKOPPIES 364-JR,PL ZW-007-04S-06E-02S,TSH,79900101,https://powerfailure.tshwane.gov.za/Tshwanesms/Map.aspx,"-25.7817,28.3701|ZWARTKOPPIES 364-JR#0",2026-09-23 15:54:26.696532+00:00,2026-09-24 11:52:55.215094+00:00,25.34,2026-09-24 17:14:48.543546+00:00
-25.817828,28.2046328,LYTTELTON MANOR X01,DF MALAN AVENUE,TSH,79900079,https://powerfailure.tshwane.gov.za/Tshwanesms/Map.aspx,"-25.8178,28.2046|LYTTELTON MANOR X01#0",2026-09-24 04:53:01.668402+00:00,2026-09-24 11:52:55.215094+00:00,12.36,2026-09-24 17:14:48.543546+00:00
-25.817828,28.2046328,LYTTELTON MANOR X01,DF MALAN AVENUE,TSH,79900079,https://powerfailure.tshwane.gov.za/Tshwanesms/Map.aspx,"-25.8178,28.2046|LYTTELTON MANOR X01#1",2026-09-24 04:53:01.668402+00:00,2026-09-24 11:52:55.215094+00:00,12.36,2026-09-24 17:14:48.543546+00:00
-25.817828,28.2046328,LYTTELTON MANOR X01,DF MALAN AVENUE,TSH,79900079,https://powerfailure.tshwane.gov.za/Tshwanesms/Map.aspx,"-25.8178,28.2046|LYTTELTON MANOR X01#2",2026-09-24 04:53:01.668402+00:00,2026-09-24 11:52:55.215094+00:00,12.36,2026-09-24 17:14:48.543546+00:00
-25.817828,28.2046328,LYTTELTON MANOR X01,DF MALAN AVENUE,TSH,79900079,https://powerfailure.tshwane.gov.za/Tshwanesms/Map.aspx,"-25.8178,28.2046|LYTTELTON MANOR X01#3",2026-09-24 11:52:55.215094+00:00,2026-09-24 11:52:55.215094+00:00,5.36,2026-09-24 17:14:48.543546+00:00
-25.8588438,28.2139152,DORINGKLOOF,ZAMBESI LANE,TSH,79900078,https://powerfailure.tshwane.gov.za/Tshwanesms/Map.aspx,"-25.8588,28.2139|DORINGKLOOF#0",2026-09-23 15:54:26.696532+00:00,2026-09-24 11:52:55.215094+00:00,25.34,2026-09-24 17:14:48.543546+00:00
-25.7240244,28.2135935,RIETFONTEIN,JACOBS STREET,TSH,79900053,https://powerfailure.tshwane.gov.za/Tshwanesms/Map.aspx,"-25.7240,28.2136|RIETFONTEIN#0",2026-09-24 04:53:01.668402+00:00,2026-09-24 11:52:55.215094+00:00,12.36,2026-09-24 17:14:48.543546+00:00
-25.7224303,28.2137396,RIETFONTEIN,15TH AVENUE,TSH,79900053,https://powerfailure.tshwane.gov.za/Tshwanesms/Map.aspx,"-25.7224,28.2137|RIETFONTEIN#0",2026-09-24 04:53:01.668402+00:00,2026-09-24 11:52:55.215094+00:00,12.36,2026-09-24 17:14:48.543546+00:00
-25.7227613,28.213794,RIETFONTEIN,15TH AVENUE,TSH,79900053,https://powerfailure.tshwane.gov.za/Tshwanesms/Map.aspx,"-25.7228,28.2138|RIETFONTEIN#0",2026-09-24 11:52:55.215094+00:00,2026-09-24 11:52:55.215094+00:00,5.36,2026-09-24 17:14:48.543546+00:00
-25.723399,28.2134268,RIETFONTEIN,JACOBS STREET,TSH,79900053,https://powerfailure.tshwane.gov.za/Tshwanesms/Map.aspx,"-25.7234,28.2134|RIETFONTEIN#0",2026-09-24 04:53:01.668402+00:00,2026-09-24 11:52:55.215094+00:00,12.36,2026-09-24 17:14:48.543546+00:00
-25.6984606,28.2356609,RIETFONTEIN,FRATES ROAD,TSH,79900052,https://powerfailure.tshwane.gov.za/Tshwanesms/Map.aspx,"-25.6985,28.2357|RIETFONTEIN#0",2026-09-24 04:53:01.668402+00:00,2026-09-24 11:52:55.215094+00:00,12.36,2026-09-24 17:14:48.543546+00:00
-25.7215323,28.2152019,RIETFONTEIN,ELLA STREET,TSH,79900053,https://powerfailure.tshwane.gov.za/Tshwanesms/Map.aspx,"-25.7215,28.2152|RIETFONTEIN#0",2026-09-24 04:53:01.668402+00:00,2026-09-24 11:52:55.215094+00:00,12.36,2026-09-24 17:14:48.543546+00:00
-25.7230902,28.2138479,RIETFONTEIN,15TH AVENUE,TSH,79900053,https://powerfailure.tshwane.gov.za/Tshwanesms/Map.aspx,"-25.7231,28.2138|RIETFONTEIN#0",2026-09-24 04:53:01.668402+00:00,2026-09-24 11:52:55.215094+00:00,12.36,2026-09-24 17:14:48.543546+00:00
-25.7111814,28.1882895,ELOFFSDAL,ELOFF STREET,TSH,79900053,https://powerfailure.tshwane.gov.za/Tshwanesms/Map.aspx,"-25.7112,28.1883|ELOFFSDAL#0",2026-09-24 04:53:01.668402+00:00,2026-09-24 11:52:55.215094+00:00,12.36,2026-09-24 17:14:48.543546+00:00
-25.7122067,28.1884426,ELOFFSDAL,WEGERLE AVENUE,TSH,79900053,https://powerfailure.tshwane.gov.za/Tshwanesms/Map.aspx,"-25.7122,28.1884|ELOFFSDAL#0",2026-09-24 04:53:01.668402+00:00,2026-09-24 11:52:55.215094+00:00,12.36,2026-09-24 17:14:48.543546+00:00
-25.7127933,28.1901302,ELOFFSDAL,FRANZINA STREET,TSH,79900053,https://powerfailure.tshwane.gov.za/Tshwanesms/Map.aspx,"-25.7128,28.1901|ELOFFSDAL#0",2026-09-24 11:52:55.215094+00:00,2026-09-24 11:52:55.215094+00:00,5.36,2026-09-24 17:14:48.543546+00:00
-25.8098044,28.3992143,MOOIPLAATS 367-JR,PL ZW-130-7-1N,TSH,79900101,https://powerfailure.tshwane.gov.za/Tshwanesms/Map.aspx,"-25.8098,28.3992|MOOIPLAATS 367-JR#0",2026-09-23 15:54:26.696532+00:00,2026-09-24 11:52:55.215094+00:00,25.34,2026-09-24 17:14:48.543546+00:00
-25.8334828,28.4285806,MOOIPLAATS 367-JR,PL ZW-171-10-02N (PORTION 193),TSH,79900101,https://powerfailure.tshwane.gov.za/Tshwanesms/Map.aspx,"-25.8335,28.4286|MOOIPLAATS 367-JR#0",2026-09-23 15:54:26.696532+00:00,2026-09-24 11:52:55.215094+00:00,25.34,2026-09-24 17:14:48.543546+00:00
-25.8349848,28.4120712,MOOIPLAATS 367-JR,PL ZW-138-25S (PORTION 88),TSH,79900101,https://powerfailure.tshwane.gov.za/Tshwanesms/Map.aspx,"-25.8350,28.4121|MOOIPLAATS 367-JR#0",2026-09-23 15:54:26.696532+00:00,2026-09-24 11:52:55.215094+00:00,25.34,2026-09-24 17:14:48.543546+00:00
-25.721223,28.2135415,RIETFONTEIN,ELLA STREET,TSH,79900053,https://powerfailure.tshwane.gov.za/Tshwanesms/Map.aspx,"-25.7212,28.2135|RIETFONTEIN#0",2026-09-24 04:53:01.668402+00:00,2026-09-24 11:52:55.215094+00:00,12.36,2026-09-24 17:14:48.543546+00:00
-25.721818,28.2152884,RIETFONTEIN,.,TSH,79900053,https://powerfailure.tshwane.gov.za/Tshwanesms/Map.aspx,"-25.7218,28.2153|RIETFONTEIN#0",2026-09-24 04:53:01.668402+00:00,2026-09-24 11:52:55.215094+00:00,12.36,2026-09-24 17:14:48.543546+00:00
-25.7113447,28.1899375,ELOFFSDAL,ELOFF STREET,TSH,79900053,https://powerfailure.tshwane.gov.za/Tshwanesms/Map.aspx,"-25.7113,28.1899|ELOFFSDAL#0",2026-09-24 04:53:01.668402+00:00,2026-09-24 11:52:55.215094+00:00,12.36,2026-09-24 17:14:48.543546+00:00
-25.7120994,28.1894756,ELOFFSDAL,ELOFF STREET,TSH,79900053,https://powerfailure.tshwane.gov.za/Tshwanesms/Map.aspx,"-25.7121,28.1895|ELOFFSDAL#0",2026-09-24 04:53:01.668402+00:00,2026-09-24 11:52:55.215094+00:00,12.36,2026-09-24 17:14:48.543546+00:00
-25.7141615,28.1939643,ELOFFSDAL X02,FRITS STREET,TSH,79900053,https://powerfailure.tshwane.gov.za/Tshwanesms/Map.aspx,"-25.7142,28.1940|ELOFFSDAL X02#0",2026-09-24 04:53:01.668402+00:00,2026-09-24 11:52:55.215094+00:00,12.36,2026-09-24 17:14:48.543546+00:00
-25.7781569,28.0566001,SAULSVILLE,MATSEMELA STREET,TSH,79900068,https://powerfailure.tshwane.gov.za/Tshwanesms/Map.aspx,"-25.7782,28.0566|SAULSVILLE#0",2026-09-24 11:52:55.215094+00:00,2026-09-24 11:52:55.215094+00:00,5.36,2026-09-24 17:14:48.543546+00:00
-25.8387773,28.4266416,MOOIPLAATS 367-JR,PL ZW 171-10-8E,TSH,79900101,https://powerfailure.tshwane.gov.za/Tshwanesms/Map.aspx,"-25.8388,28.4266|MOOIPLAATS 367-JR#0",2026-09-23 15:54:26.696532+00:00,2026-09-24 11:52:55.215094+00:00,25.34,2026-09-24 17:14:48.543546+00:00
-25.7240473,28.2134229,RIETFONTEIN,JACOBS STREET,TSH,79900053,https://powerfailure.tshwane.gov.za/Tshwanesms/Map.aspx,"-25.7240,28.2134|RIETFONTEIN#0",2026-09-24 04:53:01.668402+00:00,2026-09-24 11:52:55.215094+00:00,12.36,2026-09-24 17:14:48.543546+00:00
-25.7219391,28.213659,RIETFONTEIN,15TH AVENUE,TSH,79900053,https://powerfailure.tshwane.gov.za/Tshwanesms/Map.aspx,"-25.7219,28.2137|RIETFONTEIN#0",2026-09-24 04:56:34.817108+00:00,2026-09-24 11:52:55.215094+00:00,12.3,2026-09-24 17:14:48.543546+00:00
-25.7234314,28.2131863,RIETFONTEIN,JACOBS STREET,TSH,79900053,https://powerfailure.tshwane.gov.za/Tshwanesms/Map.aspx,"-25.7234,28.2132|RIETFONTEIN#0",2026-09-24 04:53:01.668402+00:00,2026-09-24 11:52:55.215094+00:00,12.36,2026-09-24 17:14:48.543546+00:00
-25.7214999,28.2154424,RIETFONTEIN,16TH AVENUE,TSH,79900053,https://powerfailure.tshwane.gov.za/Tshwanesms/Map.aspx,"-25.7215,28.2154|RIETFONTEIN#0",2026-09-24 11:52:55.215094+00:00,2026-09-24 11:52:55.215094+00:00,5.36,2026-09-24 17:14:48.543546+00:00
-25.7113267,28.1897551,ELOFFSDAL,ELOFF STREET,TSH,79900053,https://powerfailure.tshwane.gov.za/Tshwanesms/Map.aspx,"-25.7113,28.1898|ELOFFSDAL#0",2026-09-24 04:53:01.668402+00:00,2026-09-24 11:52:55.215094+00:00,12.36,2026-09-24 17:14:48.543546+00:00
-25.7146301,28.1939873,ELOFFSDAL X02,FRITS STREET,TSH,79900053,https://powerfailure.tshwane.gov.za/Tshwanesms/Map.aspx,"-25.7146,28.1940|ELOFFSDAL X02#0",2026-09-24 11:52:55.215094+00:00,2026-09-24 11:52:55.215094+00:00,5.36,2026-09-24 17:14:48.543546+00:00
-25.713043,28.1907462,ELOFFSDAL,FRANZINA STREET,TSH,79900053,https://powerfailure.tshwane.gov.za/Tshwanesms/Map.aspx,"-25.7130,28.1907|ELOFFSDAL#0",2026-09-24 04:53:01.668402+00:00,2026-09-24 11:52:55.215094+00:00,12.36,2026-09-24 17:14:48.543546+00:00
-25.9075312,28.099165,OLIEVENHOUTBOS X15,UMHLUME STREET,TSH,79900106,https://powerfailure.tshwane.gov.za/Tshwanesms/Map.aspx,"-25.9075,28.0992|OLIEVENHOUTBOS X15#0",2026-09-24 11:52:55.215094+00:00,2026-09-24 11:52:55.215094+00:00,5.36,2026-09-24 17:14:48.543546+00:00
-25.8225593,28.4039174,MOOIPLAATS 367-JR,PL ZW-138-07-11W (PORTION 76),TSH,79900101,https://powerfailure.tshwane.gov.za/Tshwanesms/Map.aspx,"-25.8226,28.4039|MOOIPLAATS 367-JR#0",2026-09-23 15:54:26.696532+00:00,2026-09-24 11:52:55.215094+00:00,25.34,2026-09-24 17:14:48.543546+00:00
-25.7582785,28.2940127,LYNNWOOD RIDGE,CAMELLIA AVENUE,TSH,79900046,https://powerfailure.tshwane.gov.za/Tshwanesms/Map.aspx,"-25.7583,28.2940|LYNNWOOD RIDGE#0",2026-09-24 11:52:55.215094+00:00,2026-09-24 17:14:48.543546+00:00,9.68,2026-09-24 21:33:51.861461+00:00
-25.7600406,28.2952543,LYNNWOOD RIDGE,JACOBSON DRIVE,TSH,79900046,https://powerfailure.tshwane.gov.za/Tshwanesms/Map.aspx,"-25.7600,28.2953|LYNNWOOD RIDGE#0",2026-09-24 11:52:55.215094+00:00,2026-09-24 17:14:48.543546+00:00,9.68,2026-09-24 21:33:51.861461+00:00
-25.7599819,28.2961428,LYNNWOOD RIDGE,FREMONTIA STREET,TSH,79900046,https://powerfailure.tshwane.gov.za/Tshwanesms/Map.aspx,"-25.7600,28.2961|LYNNWOOD RIDGE#0",2026-09-24 04:53:01.668402+00:00,2026-09-24 17:14:48.543546+00:00,16.68,2026-09-24 21:33:51.861461+00:00
-25.7594551,28.2953215,LYNNWOOD RIDGE,FREMONTIA STREET,TSH,79900046,https://powerfailure.tshwane.gov.za/Tshwanesms/Map.aspx,"-25.7595,28.2953|LYNNWOOD RIDGE#0",2026-09-24 11:52:55.215094+00:00,2026-09-24 17:14:48.543546+00:00,9.68,2026-09-24 21:33:51.861461+00:00
-25.7612504,28.2947005,LYNNWOOD RIDGE,JACOBSON DRIVE,TSH,79900046,https://powerfailure.tshwane.gov.za/Tshwanesms/Map.aspx,"-25.7613,28.2947|LYNNWOOD RIDGE#0",2026-09-24 11:52:55.215094+00:00,2026-09-24 17:14:48.543546+00:00,9.68,2026-09-24 21:33:51.861461+00:00
-25.757843,28.2941047,LYNNWOOD RIDGE,CAMELLIA,TSH,79900046,https://powerfailure.tshwane.gov.za/Tshwanesms/Map.aspx,"-25.7578,28.2941|LYNNWOOD RIDGE#0",2026-09-24 04:53:01.668402+00:00,2026-09-24 17:14:48.543546+00:00,16.68,2026-09-24 21:33:51.861461+00:00
-25.7582406,28.2951532,LYNNWOOD RIDGE,JACOBSON DRIVE,TSH,79900046,https://powerfailure.tshwane.gov.za/Tshwanesms/Map.aspx,"-25.7582,28.2952|LYNNWOOD RIDGE#0",2026-09-24 04:53:01.668402+00:00,2026-09-24 17:14:48.543546+00:00,16.68,2026-09-24 21:33:51.861461+00:00
-25.7586912,28.2955988,LYNNWOOD RIDGE,FREMONTIA STREET,TSH,79900046,https://powerfailure.tshwane.gov.za/Tshwanesms/Map.aspx,"-25.7587,28.2956|LYNNWOOD RIDGE#0",2026-09-24 04:53:01.668402+00:00,2026-09-24 17:14:48.543546+00:00,16.68,2026-09-24 21:33:51.861461+00:00
-25.760377,28.2952557,LYNNWOOD RIDGE,JACOBSON DRIVE,TSH,79900046,https://powerfailure.tshwane.gov.za/Tshwanesms/Map.aspx,"-25.7604,28.2953|LYNNWOOD RIDGE#0",2026-09-24 11:52:55.215094+00:00,2026-09-24 17:14:48.543546+00:00,9.68,2026-09-24 21:33:51.861461+00:00
-25.7592285,28.2962234,LYNNWOOD RIDGE,FREMONTIA STREET,TSH,79900046,https://powerfailure.tshwane.gov.za/Tshwanesms/Map.aspx,"-25.7592,28.2962|LYNNWOOD RIDGE#0",2026-09-24 04:53:01.668402+00:00,2026-09-24 17:14:48.543546+00:00,16.68,2026-09-24 21:33:51.861461+00:00
-25.7609743,28.2954024,LYNNWOOD RIDGE,JACOBSON DRIVE,TSH,79900046,https://powerfailure.tshwane.gov.za/Tshwanesms/Map.aspx,"-25.7610,28.2954|LYNNWOOD RIDGE#0",2026-09-24 04:53:01.668402+00:00,2026-09-24 17:14:48.543546+00:00,16.68,2026-09-24 21:33:51.861461+00:00
-25.758999,28.2959535,LYNNWOOD RIDGE,FREMONTIA STREET,TSH,79900046,https://powerfailure.tshwane.gov.za/Tshwanesms/Map.aspx,"-25.7590,28.2960|LYNNWOOD RIDGE#0",2026-09-24 04:53:01.668402+00:00,2026-09-24 17:14:48.543546+00:00,16.68,2026-09-24 21:33:51.861461+00:00
-25.7592886,28.2948652,LYNNWOOD RIDGE,.,TSH,79900046,https://powerfailure.tshwane.gov.za/Tshwanesms/Map.aspx,"-25.7593,28.2949|LYNNWOOD RIDGE#0",2026-09-24 04:53:01.668402+00:00,2026-09-24 17:14:48.543546+00:00,16.68,2026-09-24 21:33:51.861461+00:00
-25.7592886,28.2948652,LYNNWOOD RIDGE,.,TSH,79900046,https://powerfailure.tshwane.gov.za/Tshwanesms/Map.aspx,"-25.7593,28.2949|LYNNWOOD RIDGE#1",2026-09-24 11:52:55.215094+00:00,2026-09-24 17:14:48.543546+00:00,9.68,2026-09-24 21:33:51.861461+00:00
-25.7587818,28.2943122,LYNNWOOD RIDGE,JACOBSON DRIVE,TSH,79900046,https://powerfailure.tshwane.gov.za/Tshwanesms/Map.aspx,"-25.7588,28.2943|LYNNWOOD RIDGE#0",2026-09-24 11:52:55.215094+00:00,2026-09-24 17:14:48.543546+00:00,9.68,2026-09-24 21:33:51.861461+00:00
-25.7583299,28.295541,LYNNWOOD RIDGE,FREMONTIA STREET,TSH,79900046,https://powerfailure.tshwane.gov.za/Tshwanesms/Map.aspx,"-25.7583,28.2955|LYNNWOOD RIDGE#0",2026-09-24 04:53:01.668402+00:00,2026-09-24 17:14:48.543546+00:00,16.68,2026-09-24 21:33:51.861461+00:00
-25.7580166,28.2933975,LYNNWOOD RIDGE,CAMELLIA AVENUE,TSH,79900046,https://powerfailure.tshwane.gov.za/Tshwanesms/Map.aspx,"-25.7580,28.2934|LYNNWOOD RIDGE#0",2026-09-24 04:53:01.668402+00:00,2026-09-24 17:14:48.543546+00:00,16.68,2026-09-24 21:33:51.861461+00:00
-25.7602916,28.2941058,LYNNWOOD RIDGE,CEDAR STREET,TSH,79900046,https://powerfailure.tshwane.gov.za/Tshwanesms/Map.aspx,"-25.7603,28.2941|LYNNWOOD RIDGE#0",2026-09-24 04:53:01.668402+00:00,2026-09-24 17:14:48.543546+00:00,16.68,2026-09-24 21:33:51.861461+00:00
-25.7576205,28.295159,LYNNWOOD RIDGE,JACOBSON DRIVE,TSH,79900046,https://powerfailure.tshwane.gov.za/Tshwanesms/Map.aspx,"-25.7576,28.2952|LYNNWOOD RIDGE#0",2026-09-24 11:52:55.215094+00:00,2026-09-24 17:14:48.543546+00:00,9.68,2026-09-24 21:33:51.861461+00:00
-25.8091113,28.3594085,ZWAVELPOORT 373-JR,PL SH-057-02-09 (23),TSH,79900101,https://powerfailure.tshwane.gov.za/Tshwanesms/Map.aspx,"-25.8091,28.3594|ZWAVELPOORT 373-JR#0",2026-09-23 15:54:26.696532+00:00,2026-09-24 21:33:51.861461+00:00,37.12,2026-09-25 05:01:45.026219+00:00
-25.8074076,28.2879182,CONSTANTIA PARK X01,BEVAL STREET,TSH,79900083,https://powerfailure.tshwane.gov.za/Tshwanesms/Map.aspx,"-25.8074,28.2879|CONSTANTIA PARK X01#0",2026-09-23 21:32:43.518437+00:00,2026-09-24 21:33:51.861461+00:00,31.48,2026-09-25 05:01:45.026219+00:00
-25.6972543,28.1576251,MOUNTAIN VIEW,DENYSSEN AVENUE,TSH,79900001,https://powerfailure.tshwane.gov.za/Tshwanesms/Map.aspx,"-25.6973,28.1576|MOUNTAIN VIEW#0",2026-09-24 11:52:55.215094+00:00,2026-09-24 21:33:51.861461+00:00,17.15,2026-09-25 05:01:45.026219+00:00
-25.7527404,28.0692273,LOTUS GARDENS X02,MONOKANE CRESCENT,TSH,79900007,https://powerfailure.tshwane.gov.za/Tshwanesms/Map.aspx,"-25.7527,28.0692|LOTUS GARDENS X02#0",2026-09-24 17:14:48.543546+00:00,2026-09-25 05:01:45.026219+00:00,17.74,2026-09-25 10:58:56.127220+00:00
-25.7143509,28.1296534,CLAREMONT,PRETORIA STREET,TSH,79900001,https://powerfailure.tshwane.gov.za/Tshwanesms/Map.aspx,"-25.7144,28.1297|CLAREMONT#0",2026-09-23 15:54:26.696532+00:00,2026-09-25 05:01:45.026219+00:00,43.07,2026-09-25 10:58:56.127220+00:00
-25.7536194,28.2052506,SUNNYSIDE,KOTZE STREET,TSH,79900081,https://powerfailure.tshwane.gov.za/Tshwanesms/Map.aspx,"-25.7536,28.2053|SUNNYSIDE#0",2026-09-23 15:54:26.696532+00:00,2026-09-25 05:01:45.026219+00:00,43.07,2026-09-25 10:58:56.127220+00:00
-25.7411572,28.2402818,COLBYN,ALLCOCK STREET,TSH,79900092,https://powerfailure.tshwane.gov.za/Tshwanesms/Map.aspx,"-25.7412,28.2403|COLBYN#0",2026-09-23 21:32:43.518437+00:00,2026-09-25 05:01:45.026219+00:00,37.44,2026-09-25 10:58:56.127220+00:00
-25.7386304,28.1126749,ELANDSPOORT,FRAAI-UITSIG PLACE,TSH,79900060,https://powerfailure.tshwane.gov.za/Tshwanesms/Map.aspx,"-25.7386,28.1127|ELANDSPOORT#0",2026-09-23 15:54:26.696532+00:00,2026-09-25 05:01:45.026219+00:00,43.07,2026-09-25 10:58:56.127220+00:00
-25.7151243,28.4236086,MAHUBE VALLEY X24,MOJABENG STREET,TSH,79900097,https://powerfailure.tshwane.gov.za/Tshwanesms/Map.aspx,"-25.7151,28.4236|MAHUBE VALLEY X24#0",2026-09-23 15:54:26.696532+00:00,2026-09-25 05:01:45.026219+00:00,43.07,2026-09-25 10:58:56.127220+00:00
-25.7148261,28.4255853,MAHUBE VALLEY X24,MAMPHELA STREET,TSH,79900097,https://powerfailure.tshwane.gov.za/Tshwanesms/Map.aspx,"-25.7148,28.4256|MAHUBE VALLEY X24#0",2026-09-23 15:54:26.696532+00:00,2026-09-25 05:01:45.026219+00:00,43.07,2026-09-25 10:58:56.127220+00:00
-25.713661,28.4239557,MAHUBE VALLEY,STAND,TSH,79900097,https://powerfailure.tshwane.gov.za/Tshwanesms/Map.aspx,"-25.7137,28.4240|MAHUBE VALLEY#0",2026-09-23 15:54:26.696532+00:00,2026-09-25 05:01:45.026219+00:00,43.07,2026-09-25 10:58:56.127220+00:00
-25.7321297,27.9741774,KAMEELDRIFT 313-JR,PL MVS-158-08S (7/R),TSH,79900055,https://powerfailure.tshwane.gov.za/Tshwanesms/Map.aspx,"-25.7321,27.9742|KAMEELDRIFT 313-JR#0",2026-09-24 04:53:01.668402+00:00,2026-09-25 05:01:45.026219+00:00,30.1,2026-09-25 10:58:56.127220+00:00
-25.7372958,28.131345,DANVILLE,MILLS AVENUE,TSH,79900060,https://powerfailure.tshwane.gov.za/Tshwanesms/Map.aspx,"-25.7373,28.1313|DANVILLE#0",2026-09-23 15:54:26.696532+00:00,2026-09-25 05:01:45.026219+00:00,43.07,2026-09-25 10:58:56.127220+00:00
-25.8474381,28.2045907,LYTTELTON MANOR X03,AMETHYST AVENUE,TSH,79900057,https://powerfailure.tshwane.gov.za/Tshwanesms/Map.aspx,"-25.8474,28.2046|LYTTELTON MANOR X03#0",2026-09-23 15:54:26.696532+00:00,2026-09-25 05:01:45.026219+00:00,43.07,2026-09-25 10:58:56.127220+00:00
-25.8441127,28.2074514,LYTTELTON MANOR X03,PRETORIUS AVENUE,TSH,79900057,https://powerfailure.tshwane.gov.za/Tshwanesms/Map.aspx,"-25.8441,28.2075|LYTTELTON MANOR X03#0",2026-09-23 15:54:26.696532+00:00,2026-09-25 05:01:45.026219+00:00,43.07,2026-09-25 10:58:56.127220+00:00
-25.8462271,28.2113906,LYTTELTON MANOR X03,JADE AVENUE,TSH,79900057,https://powerfailure.tshwane.gov.za/Tshwanesms/Map.aspx,"-25.8462,28.2114|LYTTELTON MANOR X03#0",2026-09-23 15:54:26.696532+00:00,2026-09-25 05:01:45.026219+00:00,43.07,2026-09-25 10:58:56.127220+00:00
-25.7002293,28.234923,VILLIERIA,FRATES ROAD,TSH,79900052,https://powerfailure.tshwane.gov.za/Tshwanesms/Map.aspx,"-25.7002,28.2349|VILLIERIA#0",2026-09-24 04:53:01.668402+00:00,2026-09-25 05:01:45.026219+00:00,30.1,2026-09-25 10:58:56.127220+00:00
-25.7008142,28.2354431,VILLIERIA,CUNNINGHAM AVENUE,TSH,79900052,https://powerfailure.tshwane.gov.za/Tshwanesms/Map.aspx,"-25.7008,28.2354|VILLIERIA#0",2026-09-24 04:56:34.817108+00:00,2026-09-25 05:01:45.026219+00:00,30.04,2026-09-25 10:58:56.127220+00:00
-25.7022176,28.2365262,VILLIERIA,30TH AVENUE,TSH,79900052,https://powerfailure.tshwane.gov.za/Tshwanesms/Map.aspx,"-25.7022,28.2365|VILLIERIA#0",2026-09-24 11:52:55.215094+00:00,2026-09-25 05:01:45.026219+00:00,23.1,2026-09-25 10:58:56.127220+00:00
-25.7229213,28.2204744,VILLIERIA,KERKENBERG AVENUE,TSH,79900053,https://powerfailure.tshwane.gov.za/Tshwanesms/Map.aspx,"-25.7229,28.2205|VILLIERIA#0",2026-09-23 21:32:43.518437+00:00,2026-09-25 05:01:45.026219+00:00,37.44,2026-09-25 10:58:56.127220+00:00
-25.7226312,28.2212244,VILLIERIA,TWENTIETH AVENUE,TSH,79900053,https://powerfailure.tshwane.gov.za/Tshwanesms/Map.aspx,"-25.7226,28.2212|VILLIERIA#0",2026-09-23 21:32:43.518437+00:00,2026-09-25 05:01:45.026219+00:00,37.44,2026-09-25 10:58:56.127220+00:00
-25.7223587,28.219749,VILLIERIA,PIERNEEFF STREET,TSH,79900053,https://powerfailure.tshwane.gov.za/Tshwanesms/Map.aspx,"-25.7224,28.2197|VILLIERIA#0",2026-09-23 21:32:43.518437+00:00,2026-09-25 05:01:45.026219+00:00,37.44,2026-09-25 10:58:56.127220+00:00
-25.7392939,28.1474615,PHILIP NEL PARK,J R BRUG PLACE,TSH,79900060,https://powerfailure.tshwane.gov.za/Tshwanesms/Map.aspx,"-25.7393,28.1475|PHILIP NEL PARK#0",2026-09-23 15:54:26.696532+00:00,2026-09-25 05:01:45.026219+00:00,43.07,2026-09-25 10:58:56.127220+00:00
-25.8581425,28.213365,DORINGKLOOF,ZAMBESI LANE,TSH,79900078,https://powerfailure.tshwane.gov.za/Tshwanesms/Map.aspx,"-25.8581,28.2134|DORINGKLOOF#0",2026-09-23 15:54:26.696532+00:00,2026-09-25 05:01:45.026219+00:00,43.07,2026-09-25 10:58:56.127220+00:00
-25.8565231,28.2136562,DORINGKLOOF,DAHLIA AVENUE,TSH,79900078,https://powerfailure.tshwane.gov.za/Tshwanesms/Map.aspx,"-25.8565,28.2137|DORINGKLOOF#0",2026-09-23 15:54:26.696532+00:00,2026-09-25 05:01:45.026219+00:00,43.07,2026-09-25 10:58:56.127220+00:00
-25.8980783,28.2299612,DOORNKLOOF 391-JR,BUSHWILLOW LANE,TSH,79900065,https://powerfailure.tshwane.gov.za/Tshwanesms/Map.aspx,"-25.8981,28.2300|DOORNKLOOF 391-JR#0",2026-09-23 15:54:26.696532+00:00,2026-09-25 05:01:45.026219+00:00,43.07,2026-09-25 10:58:56.127220+00:00
-25.6988195,28.1509599,MOUNTAIN VIEW,IRVINE AVENUE,TSH,79900001,https://powerfailure.tshwane.gov.za/Tshwanesms/Map.aspx,"-25.6988,28.1510|MOUNTAIN VIEW#0",2026-09-23 15:54:26.696532+00:00,2026-09-25 05:01:45.026219+00:00,43.07,2026-09-25 10:58:56.127220+00:00
-25.7053626,28.1657049,MOUNTAIN VIEW,REIGERS AVENUE,TSH,79900054,https://powerfailure.tshwane.gov.za/Tshwanesms/Map.aspx,"-25.7054,28.1657|MOUNTAIN VIEW#0",2026-09-23 15:54:26.696532+00:00,2026-09-25 05:01:45.026219+00:00,43.07,2026-09-25 10:58:56.127220+00:00
-25.7051423,28.1661791,MOUNTAIN VIEW,REIGERS AVENUE,TSH,79900054,https://powerfailure.tshwane.gov.za/Tshwanesms/Map.aspx,"-25.7051,28.1662|MOUNTAIN VIEW#0",2026-09-23 15:54:26.696532+00:00,2026-09-25 05:01:45.026219+00:00,43.07,2026-09-25 10:58:56.127220+00:00
-25.7236557,28.2513146,QUEENSWOOD,MEARA ROAD,TSH,79900084,https://powerfailure.tshwane.gov.za/Tshwanesms/Map.aspx,"-25.7237,28.2513|QUEENSWOOD#0",2026-09-24 11:52:55.215094+00:00,2026-09-25 05:01:45.026219+00:00,23.1,2026-09-25 10:58:56.127220+00:00
-25.7257011,28.2511721,QUEENSWOOD,BOTTRILL LANE,TSH,79900084,https://powerfailure.tshwane.gov.za/Tshwanesms/Map.aspx,"-25.7257,28.2512|QUEENSWOOD#0",2026-09-24 11:52:55.215094+00:00,2026-09-25 05:01:45.026219+00:00,23.1,2026-09-25 10:58:56.127220+00:00
-25.7263527,28.250392,QUEENSWOOD,BOTTRILL LANE,TSH,79900084,https://powerfailure.tshwane.gov.za/Tshwanesms/Map.aspx,"-25.7264,28.2504|QUEENSWOOD#0",2026-09-24 11:52:55.215094+00:00,2026-09-25 05:01:45.026219+00:00,23.1,2026-09-25 10:58:56.127220+00:00
-25.7293723,28.2547924,QUEENSWOOD,STOREY STREET,TSH,79900084,https://powerfailure.tshwane.gov.za/Tshwanesms/Map.aspx,"-25.7294,28.2548|QUEENSWOOD#0",2026-09-24 11:52:55.215094+00:00,2026-09-25 05:01:45.026219+00:00,23.1,2026-09-25 10:58:56.127220+00:00
-25.7106122,28.2063506,GEZINA,11TH AVENUE,TSH,79900053,https://powerfailure.tshwane.gov.za/Tshwanesms/Map.aspx,"-25.7106,28.2064|GEZINA#0",2026-09-23 15:54:26.696532+00:00,2026-09-25 05:01:45.026219+00:00,43.07,2026-09-25 10:58:56.127220+00:00
-25.7152212,27.9332782,RIETFONTEIN 485 JQ,PL MVS-207-02S (PORTION 110/R),NW372,63702030,https://powerfailure.tshwane.gov.za/Tshwanesms/Map.aspx,"-25.7152,27.9333|RIETFONTEIN 485 JQ#0",2026-09-23 15:54:26.696532+00:00,2026-09-25 05:01:45.026219+00:00,43.07,2026-09-25 10:58:56.127220+00:00
-25.7218344,27.9262652,RIETFONTEIN 485 JQ,PL MVS-218-15 (PORTION 258),NW372,63702030,https://powerfailure.tshwane.gov.za/Tshwanesms/Map.aspx,"-25.7218,27.9263|RIETFONTEIN 485 JQ#0",2026-09-23 15:54:26.696532+00:00,2026-09-25 05:01:45.026219+00:00,43.07,2026-09-25 10:58:56.127220+00:00
-25.7139398,27.9201644,RIETFONTEIN 485 JQ,MVS-222,NW372,63702030,https://powerfailure.tshwane.gov.za/Tshwanesms/Map.aspx,"-25.7139,27.9202|RIETFONTEIN 485 JQ#0",2026-09-23 15:54:26.696532+00:00,2026-09-25 05:01:45.026219+00:00,43.07,2026-09-25 10:58:56.127220+00:00
-25.7144745,28.0566578,UITZICHT ALIAS RIETVALEI 314-JR,50,TSH,79900055,https://powerfailure.tshwane.gov.za/Tshwanesms/Map.aspx,"-25.7145,28.0567|UITZICHT ALIAS RIETVALEI 314-JR#0",2026-09-23 15:54:26.696532+00:00,2026-09-25 05:01:45.026219+00:00,43.07,2026-09-25 10:58:56.127220+00:00
-25.7134693,28.0548099,SWACINA PARK AH,PL MVS-084-39-04E,TSH,79900055,https://powerfailure.tshwane.gov.za/Tshwanesms/Map.aspx,"-25.7135,28.0548|SWACINA PARK AH#0",2026-09-23 15:54:26.696532+00:00,2026-09-25 05:01:45.026219+00:00,43.07,2026-09-25 10:58:56.127220+00:00
-25.8051755,28.2855075,CONSTANTIA PARK X01,ALKEN STREET,TSH,79900083,https://powerfailure.tshwane.gov.za/Tshwanesms/Map.aspx,"-25.8052,28.2855|CONSTANTIA PARK X01#0",2026-09-24 21:33:51.861461+00:00,2026-09-25 05:01:45.026219+00:00,13.42,2026-09-25 10:58:56.127220+00:00
-25.7408379,28.1340268,DANVILLE,MORKEL STREET,TSH,79900060,https://powerfailure.tshwane.gov.za/Tshwanesms/Map.aspx,"-25.7408,28.1340|DANVILLE#0",2026-09-24 11:52:55.215094+00:00,2026-09-25 05:01:45.026219+00:00,23.1,2026-09-25 10:58:56.127220+00:00
-25.7398535,28.1330919,DANVILLE,BREWIS STREET,TSH,79900060,https://powerfailure.tshwane.gov.za/Tshwanesms/Map.aspx,"-25.7399,28.1331|DANVILLE#0",2026-09-23 21:32:43.518437+00:00,2026-09-25 05:01:45.026219+00:00,37.44,2026-09-25 10:58:56.127220+00:00
-25.8725614,28.2158202,IRENE,BRUCE ROAD,TSH,79900065,https://powerfailure.tshwane.gov.za/Tshwanesms/Map.aspx,"-25.8726,28.2158|IRENE#0",2026-09-24 17:14:48.543546+00:00,2026-09-25 05:01:45.026219+00:00,17.74,2026-09-25 10:58:56.127220+00:00
-25.7008068,28.23634,VILLIERIA,30TH AVENUE,TSH,79900052,https://powerfailure.tshwane.gov.za/Tshwanesms/Map.aspx,"-25.7008,28.2363|VILLIERIA#0",2026-09-24 11:52:55.215094+00:00,2026-09-25 05:01:45.026219+00:00,23.1,2026-09-25 10:58:56.127220+00:00
-25.7214623,28.2203341,VILLIERIA,19TH AVENUE,TSH,79900053,https://powerfailure.tshwane.gov.za/Tshwanesms/Map.aspx,"-25.7215,28.2203|VILLIERIA#0",2026-09-24 11:52:55.215094+00:00,2026-09-25 05:01:45.026219+00:00,23.1,2026-09-25 10:58:56.127220+00:00
-25.7027133,28.2356577,VILLIERIA,30TH AVENUE,TSH,79900052,https://powerfailure.tshwane.gov.za/Tshwanesms/Map.aspx,"-25.7027,28.2357|VILLIERIA#0",2026-09-24 04:53:01.668402+00:00,2026-09-25 05:01:45.026219+00:00,30.1,2026-09-25 10:58:56.127220+00:00
-25.859418,28.2107325,DORINGKLOOF,OUTENIQUA AVENUE,TSH,79900078,https://powerfailure.tshwane.gov.za/Tshwanesms/Map.aspx,"-25.8594,28.2107|DORINGKLOOF#0",2026-09-23 15:54:26.696532+00:00,2026-09-25 05:01:45.026219+00:00,43.07,2026-09-25 10:58:56.127220+00:00
-25.8593059,28.2131993,DORINGKLOOF,OUTENIQUA AVENUE,TSH,79900078,https://powerfailure.tshwane.gov.za/Tshwanesms/Map.aspx,"-25.8593,28.2132|DORINGKLOOF#0",2026-09-23 15:54:26.696532+00:00,2026-09-25 05:01:45.026219+00:00,43.07,2026-09-25 10:58:56.127220+00:00
-25.8565356,28.211509,DORINGKLOOF,MAROELA STREET,TSH,79900078,https://powerfailure.tshwane.gov.za/Tshwanesms/Map.aspx,"-25.8565,28.2115|DORINGKLOOF#0",2026-09-23 15:54:26.696532+00:00,2026-09-25 05:01:45.026219+00:00,43.07,2026-09-25 10:58:56.127220+00:00
-25.7247317,28.248504,QUEENSWOOD,DORMER AVENUE,TSH,79900084,https://powerfailure.tshwane.gov.za/Tshwanesms/Map.aspx,"-25.7247,28.2485|QUEENSWOOD#0",2026-09-24 11:52:55.215094+00:00,2026-09-25 05:01:45.026219+00:00,23.1,2026-09-25 10:58:56.127220+00:00
-25.7258175,28.2487286,QUEENSWOOD,BOTTRILL LANE,TSH,79900084,https://powerfailure.tshwane.gov.za/Tshwanesms/Map.aspx,"-25.7258,28.2487|QUEENSWOOD#0",2026-09-24 17:14:48.543546+00:00,2026-09-25 05:01:45.026219+00:00,17.74,2026-09-25 10:58:56.127220+00:00
-25.7305884,28.2523512,QUEENSWOOD,KIRKBY STREET,TSH,79900084,https://powerfailure.tshwane.gov.za/Tshwanesms/Map.aspx,"-25.7306,28.2524|QUEENSWOOD#0",2026-09-24 11:52:55.215094+00:00,2026-09-25 05:01:45.026219+00:00,23.1,2026-09-25 10:58:56.127220+00:00
-25.7239743,28.2147924,DEERNESS,FRATES ROAD,TSH,79900053,https://powerfailure.tshwane.gov.za/Tshwanesms/Map.aspx,"-25.7240,28.2148|DEERNESS#0",2026-09-23 21:32:43.518437+00:00,2026-09-25 05:01:45.026219+00:00,37.44,2026-09-25 10:58:56.127220+00:00
-25.7241174,28.2161742,DEERNESS,DOWNIE STREET,TSH,79900053,https://powerfailure.tshwane.gov.za/Tshwanesms/Map.aspx,"-25.7241,28.2162|DEERNESS#0",2026-09-23 21:32:43.518437+00:00,2026-09-25 05:01:45.026219+00:00,37.44,2026-09-25 10:58:56.127220+00:00
-25.8522184,28.2142986,DORINGKLOOF,CALEDON AVENUE,TSH,79900078,https://powerfailure.tshwane.gov.za/Tshwanesms/Map.aspx,"-25.8522,28.2143|DORINGKLOOF#0",2026-09-23 15:54:26.696532+00:00,2026-09-25 05:01:45.026219+00:00,43.07,2026-09-25 10:58:56.127220+00:00
-25.771274,27.8594659,PECANWOOD X14,PECANWOOD DRIVE,NW372,63702029,https://powerfailure.tshwane.gov.za/Tshwanesms/Map.aspx,"-25.7713,27.8595|PECANWOOD X14#0",2026-09-23 15:54:26.696532+00:00,2026-09-25 05:01:45.026219+00:00,43.07,2026-09-25 10:58:56.127220+00:00
-25.7346798,27.9112178,RIETFONTEIN 485 JQ,PL MVS 165-02W-73 (PORTION 10),NW372,63702030,https://powerfailure.tshwane.gov.za/Tshwanesms/Map.aspx,"-25.7347,27.9112|RIETFONTEIN 485 JQ#0",2026-09-23 15:54:26.696532+00:00,2026-09-25 05:01:45.026219+00:00,43.07,2026-09-25 10:58:56.127220+00:00
-25.713703,27.9251194,RIETFONTEIN 485 JQ,PL MVS-218-04S-10E (PORTION 254),NW372,63702030,https://powerfailure.tshwane.gov.za/Tshwanesms/Map.aspx,"-25.7137,27.9251|RIETFONTEIN 485 JQ#0",2026-09-23 15:54:26.696532+00:00,2026-09-25 05:01:45.026219+00:00,43.07,2026-09-25 10:58:56.127220+00:00
-25.8635187,28.1740952,ZWARTKOP 356-JR,EDWARD AVENUE,TSH,79900078,https://powerfailure.tshwane.gov.za/Tshwanesms/Map.aspx,"-25.8635,28.1741|ZWARTKOP 356-JR#0",2026-09-24 11:52:55.215094+00:00,2026-09-25 05:01:45.026219+00:00,23.1,2026-09-25 10:58:56.127220+00:00
-25.7399276,28.2387249,COLBYN,DOUGLAS STREET,TSH,79900092,https://powerfailure.tshwane.gov.za/Tshwanesms/Map.aspx,"-25.7399,28.2387|COLBYN#0",2026-09-24 11:52:55.215094+00:00,2026-09-25 05:01:45.026219+00:00,23.1,2026-09-25 10:58:56.127220+00:00
-25.7196658,27.9104287,RIETFONTEIN 485 JQ,MVS-231-11S,NW372,63702030,https://powerfailure.tshwane.gov.za/Tshwanesms/Map.aspx,"-25.7197,27.9104|RIETFONTEIN 485 JQ#0",2026-09-23 15:54:26.696532+00:00,2026-09-25 05:01:45.026219+00:00,43.07,2026-09-25 10:58:56.127220+00:00
-25.920292,28.1022464,OLIEVENHOUTBOS X22,THATHAZAKO DRIVE,TSH,79900077,https://powerfailure.tshwane.gov.za/Tshwanesms/Map.aspx,"-25.9203,28.1022|OLIEVENHOUTBOS X22#0",2026-09-24 17:14:48.543546+00:00,2026-09-25 05:01:45.026219+00:00,17.74,2026-09-25 10:58:56.127220+00:00
-25.7175045,28.054228,SWACINA PARK AH,ELM ROAD,TSH,79900055,https://powerfailure.tshwane.gov.za/Tshwanesms/Map.aspx,"-25.7175,28.0542|SWACINA PARK AH#0",2026-09-23 15:54:26.696532+00:00,2026-09-25 05:01:45.026219+00:00,43.07,2026-09-25 10:58:56.127220+00:00
-25.7404697,28.1343294,DANVILLE,PAUL ROOS AVENUE,TSH,79900060,https://powerfailure.tshwane.gov.za/Tshwanesms/Map.aspx,"-25.7405,28.1343|DANVILLE#0",2026-09-23 21:32:43.518437+00:00,2026-09-25 05:01:45.026219+00:00,37.44,2026-09-25 10:58:56.127220+00:00
-25.7467933,28.1173271,DANVILLE X03,PYLGRAS STREET,TSH,79900060,https://powerfailure.tshwane.gov.za/Tshwanesms/Map.aspx,"-25.7468,28.1173|DANVILLE X03#0",2026-09-23 15:54:26.696532+00:00,2026-09-25 05:01:45.026219+00:00,43.07,2026-09-25 10:58:56.127220+00:00
-25.8443397,28.2088052,LYTTELTON MANOR X03,AMKOR ROAD,TSH,79900057,https://powerfailure.tshwane.gov.za/Tshwanesms/Map.aspx,"-25.8443,28.2088|LYTTELTON MANOR X03#0",2026-09-23 15:54:26.696532+00:00,2026-09-25 05:01:45.026219+00:00,43.07,2026-09-25 10:58:56.127220+00:00
-25.712742,28.1489154,DASPOORT,TALJAARD STREET,TSH,79900001,https://powerfailure.tshwane.gov.za/Tshwanesms/Map.aspx,"-25.7127,28.1489|DASPOORT#0",2026-09-24 11:52:55.215094+00:00,2026-09-25 05:01:45.026219+00:00,23.1,2026-09-25 10:58:56.127220+00:00
-25.7003843,28.2371982,VILLIERIA,31ST AVENUE,TSH,79900052,https://powerfailure.tshwane.gov.za/Tshwanesms/Map.aspx,"-25.7004,28.2372|VILLIERIA#0",2026-09-24 11:52:55.215094+00:00,2026-09-25 05:01:45.026219+00:00,23.1,2026-09-25 10:58:56.127220+00:00
-25.7212962,28.2203411,VILLIERIA,19TH AVENUE,TSH,79900053,https://powerfailure.tshwane.gov.za/Tshwanesms/Map.aspx,"-25.7213,28.2203|VILLIERIA#0",2026-09-23 21:32:43.518437+00:00,2026-09-25 05:01:45.026219+00:00,37.44,2026-09-25 10:58:56.127220+00:00
-25.7156127,28.2253857,VILLIERIA,23RD AVENUE,TSH,79900053,https://powerfailure.tshwane.gov.za/Tshwanesms/Map.aspx,"-25.7156,28.2254|VILLIERIA#0",2026-09-24 11:52:55.215094+00:00,2026-09-25 05:01:45.026219+00:00,23.1,2026-09-25 10:58:56.127220+00:00
-25.723202,28.2209163,VILLIERIA,KERKENBERG AVENUE,TSH,79900053,https://powerfailure.tshwane.gov.za/Tshwanesms/Map.aspx,"-25.7232,28.2209|VILLIERIA#0",2026-09-23 21:32:43.518437+00:00,2026-09-25 05:01:45.026219+00:00,37.44,2026-09-25 10:58:56.127220+00:00
-25.7226514,28.2186853,VILLIERIA,18TH AVENUE,TSH,79900053,https://powerfailure.tshwane.gov.za/Tshwanesms/Map.aspx,"-25.7227,28.2187|VILLIERIA#0",2026-09-23 21:32:43.518437+00:00,2026-09-25 05:01:45.026219+00:00,37.44,2026-09-25 10:58:56.127220+00:00
-25.7223612,28.2194353,VILLIERIA,PIERNEEFF STREET,TSH,79900053,https://powerfailure.tshwane.gov.za/Tshwanesms/Map.aspx,"-25.7224,28.2194|VILLIERIA#0",2026-09-24 11:52:55.215094+00:00,2026-09-25 05:01:45.026219+00:00,23.1,2026-09-25 10:58:56.127220+00:00
-25.7226428,28.2197518,VILLIERIA,19TH AVENUE,TSH,79900053,https://powerfailure.tshwane.gov.za/Tshwanesms/Map.aspx,"-25.7226,28.2198|VILLIERIA#0",2026-09-23 21:32:43.518437+00:00,2026-09-25 05:01:45.026219+00:00,37.44,2026-09-25 10:58:56.127220+00:00
-25.8592392,28.2095287,DORINGKLOOF,MALUTI AVENUE,TSH,79900078,https://powerfailure.tshwane.gov.za/Tshwanesms/Map.aspx,"-25.8592,28.2095|DORINGKLOOF#0",2026-09-23 15:54:26.696532+00:00,2026-09-25 05:01:45.026219+00:00,43.07,2026-09-25 10:58:56.127220+00:00
-25.8592813,28.2111999,DORINGKLOOF,OUTENIQUA AVENUE,TSH,79900078,https://powerfailure.tshwane.gov.za/Tshwanesms/Map.aspx,"-25.8593,28.2112|DORINGKLOOF#0",2026-09-23 15:54:26.696532+00:00,2026-09-25 05:01:45.026219+00:00,43.07,2026-09-25 10:58:56.127220+00:00
-25.8574215,28.2142274,DORINGKLOOF,DAHLIA AVENUE,TSH,79900078,https://powerfailure.tshwane.gov.za/Tshwanesms/Map.aspx,"-25.8574,28.2142|DORINGKLOOF#0",2026-09-23 15:54:26.696532+00:00,2026-09-25 05:01:45.026219+00:00,43.07,2026-09-25 10:58:56.127220+00:00
-25.7054476,28.1664212,MOUNTAIN VIEW,REIGERS AVENUE,TSH,79900054,https://powerfailure.tshwane.gov.za/Tshwanesms/Map.aspx,"-25.7054,28.1664|MOUNTAIN VIEW#0",2026-09-23 15:54:26.696532+00:00,2026-09-25 05:01:45.026219+00:00,43.07,2026-09-25 10:58:56.127220+00:00
-25.7231253,28.2487293,QUEENSWOOD,MEARA ROAD,TSH,79900084,https://powerfailure.tshwane.gov.za/Tshwanesms/Map.aspx,"-25.7231,28.2487|QUEENSWOOD#0",2026-09-24 11:52:55.215094+00:00,2026-09-25 05:01:45.026219+00:00,23.1,2026-09-25 10:58:56.127220+00:00
-25.7263155,28.2523525,QUEENSWOOD,GARRETT AVENUE,TSH,79900084,https://powerfailure.tshwane.gov.za/Tshwanesms/Map.aspx,"-25.7263,28.2524|QUEENSWOOD#0",2026-09-24 11:52:55.215094+00:00,2026-09-25 05:01:45.026219+00:00,23.1,2026-09-25 10:58:56.127220+00:00
-25.7263155,28.2523525,QUEENSWOOD,GARRETT AVENUE,TSH,79900084,https://powerfailure.tshwane.gov.za/Tshwanesms/Map.aspx,"-25.7263,28.2524|QUEENSWOOD#1",2026-09-24 11:52:55.215094+00:00,2026-09-25 05:01:45.026219+00:00,23.1,2026-09-25 10:58:56.127220+00:00
-25.7263155,28.2523525,QUEENSWOOD,GARRETT AVENUE,TSH,79900084,https://powerfailure.tshwane.gov.za/Tshwanesms/Map.aspx,"-25.7263,28.2524|QUEENSWOOD#2",2026-09-24 17:14:48.543546+00:00,2026-09-25 05:01:45.026219+00:00,17.74,2026-09-25 10:58:56.127220+00:00
-25.7288354,28.2518028,QUEENSWOOD,STOREY STREET,TSH,79900084,https://powerfailure.tshwane.gov.za/Tshwanesms/Map.aspx,"-25.7288,28.2518|QUEENSWOOD#0",2026-09-24 11:52:55.215094+00:00,2026-09-25 05:01:45.026219+00:00,23.1,2026-09-25 10:58:56.127220+00:00
-25.724333,28.2153566,DEERNESS,DOWNIE STREET,TSH,79900053,https://powerfailure.tshwane.gov.za/Tshwanesms/Map.aspx,"-25.7243,28.2154|DEERNESS#0",2026-09-23 21:32:43.518437+00:00,2026-09-25 05:01:45.026219+00:00,37.44,2026-09-25 10:58:56.127220+00:00
-25.7172987,27.9349072,RIETFONTEIN 485 JQ,MVS-207-04S,NW372,63702030,https://powerfailure.tshwane.gov.za/Tshwanesms/Map.aspx,"-25.7173,27.9349|RIETFONTEIN 485 JQ#0",2026-09-23 15:54:26.696532+00:00,2026-09-25 05:01:45.026219+00:00,43.07,2026-09-25 10:58:56.127220+00:00
-25.7349199,27.9366578,RIETFONTEIN 485 JQ,MVS-165-02S-41W-11S-03E,NW372,63702030,https://powerfailure.tshwane.gov.za/Tshwanesms/Map.aspx,"-25.7349,27.9367|RIETFONTEIN 485 JQ#0",2026-09-23 15:54:26.696532+00:00,2026-09-25 05:01:45.026219+00:00,43.07,2026-09-25 10:58:56.127220+00:00
-25.696067,28.0267159,ENORMWATER AH,PL MVN-092-04N,TSH,79900055,https://powerfailure.tshwane.gov.za/Tshwanesms/Map.aspx,"-25.6961,28.0267|ENORMWATER AH#0",2026-09-23 15:54:26.696532+00:00,2026-09-25 05:01:45.026219+00:00,43.07,2026-09-25 10:58:56.127220+00:00
-25.7350496,28.0519392,UITZICHT ALIAS RIETVALEI 314-JR,PL MVS-060-12-19S-01E,TSH,79900055,https://powerfailure.tshwane.gov.za/Tshwanesms/Map.aspx,"-25.7350,28.0519|UITZICHT ALIAS RIETVALEI 314-JR#0",2026-09-23 15:54:26.696532+00:00,2026-09-25 05:01:45.026219+00:00,43.07,2026-09-25 10:58:56.127220+00:00
-25.7280614,28.0378428,UITZICHT ALIAS RIETVALEI 314-JR,VAN DER HOFF ROAD,TSH,79900055,https://powerfailure.tshwane.gov.za/Tshwanesms/Map.aspx,"-25.7281,28.0378|UITZICHT ALIAS RIETVALEI 314-JR#0",2026-09-23 15:54:26.696532+00:00,2026-09-25 05:01:45.026219+00:00,43.07,2026-09-25 10:58:56.127220+00:00
-25.7144,28.4250125,MAHUBE VALLEY X24,STAND,TSH,79900097,https://powerfailure.tshwane.gov.za/Tshwanesms/Map.aspx,"-25.7144,28.4250|MAHUBE VALLEY X24#0",2026-09-23 15:54:26.696532+00:00,2026-09-25 05:01:45.026219+00:00,43.07,2026-09-25 10:58:56.127220+00:00
-25.7167667,28.0814283,LEOKA VILLA AH,PL MVS-018-01-14W-03,TSH,79900055,https://powerfailure.tshwane.gov.za/Tshwanesms/Map.aspx,"-25.7168,28.0814|LEOKA VILLA AH#0",2026-09-23 15:54:26.696532+00:00,2026-09-25 05:01:45.026219+00:00,43.07,2026-09-25 10:58:56.127220+00:00
-25.7412812,28.1316346,DANVILLE,MARSBURG AVENUE,TSH,79900060,https://powerfailure.tshwane.gov.za/Tshwanesms/Map.aspx,"-25.7413,28.1316|DANVILLE#0",2026-09-24 04:53:01.668402+00:00,2026-09-25 05:01:45.026219+00:00,30.1,2026-09-25 10:58:56.127220+00:00
-25.7396274,28.1322143,DANVILLE,MARSBURG AVENUE,TSH,79900060,https://powerfailure.tshwane.gov.za/Tshwanesms/Map.aspx,"-25.7396,28.1322|DANVILLE#0",2026-09-24 04:53:01.668402+00:00,2026-09-25 05:01:45.026219+00:00,30.1,2026-09-25 10:58:56.127220+00:00
-25.7401101,28.1340714,DANVILLE,BREWIS STREET,TSH,79900060,https://powerfailure.tshwane.gov.za/Tshwanesms/Map.aspx,"-25.7401,28.1341|DANVILLE#0",2026-09-23 21:32:43.518437+00:00,2026-09-25 05:01:45.026219+00:00,37.44,2026-09-25 10:58:56.127220+00:00
-25.7369354,28.1326929,Danville,DANNHAUSER AVENUE,TSH,79900060,https://powerfailure.tshwane.gov.za/Tshwanesms/Map.aspx,"-25.7369,28.1327|DANVILLE#0",2026-09-24 11:52:55.215094+00:00,2026-09-25 05:01:45.026219+00:00,23.1,2026-09-25 10:58:56.127220+00:00
-25.8183858,28.2077548,LYTTELTON MANOR X01,VAN RIEBEECK AVENUE,TSH,79900079,https://powerfailure.tshwane.gov.za/Tshwanesms/Map.aspx,"-25.8184,28.2078|LYTTELTON MANOR X01#0",2026-09-24 17:14:48.543546+00:00,2026-09-25 05:01:45.026219+00:00,17.74,2026-09-25 10:58:56.127220+00:00
-25.8470594,28.2030285,LYTTELTON MANOR X03,AMETHUST AVENUE,TSH,79900057,https://powerfailure.tshwane.gov.za/Tshwanesms/Map.aspx,"-25.8471,28.2030|LYTTELTON MANOR X03#0",2026-09-23 15:54:26.696532+00:00,2026-09-25 05:01:45.026219+00:00,43.07,2026-09-25 10:58:56.127220+00:00
-25.8490284,28.2126487,LYTTELTON MANOR X11,JASPER AVE,TSH,79900057,https://powerfailure.tshwane.gov.za/Tshwanesms/Map.aspx,"-25.8490,28.2126|LYTTELTON MANOR X11#0",2026-09-23 15:54:26.696532+00:00,2026-09-25 05:01:45.026219+00:00,43.07,2026-09-25 10:58:56.127220+00:00
-25.7110108,28.1458832,DASPOORT,MOOT STREET,TSH,79900001,https://powerfailure.tshwane.gov.za/Tshwanesms/Map.aspx,"-25.7110,28.1459|DASPOORT#0",2026-09-24 04:53:01.668402+00:00,2026-09-25 05:01:45.026219+00:00,30.1,2026-09-25 10:58:56.127220+00:00
-25.7218791,28.2202048,VILLIERIA,PIERNEEFF STREET,TSH,79900053,https://powerfailure.tshwane.gov.za/Tshwanesms/Map.aspx,"-25.7219,28.2202|VILLIERIA#0",2026-09-24 11:52:55.215094+00:00,2026-09-25 05:01:45.026219+00:00,23.1,2026-09-25 10:58:56.127220+00:00
-25.7028824,28.2365328,VILLIERIA,30TH AVENUE,TSH,79900052,https://powerfailure.tshwane.gov.za/Tshwanesms/Map.aspx,"-25.7029,28.2365|VILLIERIA#0",2026-09-24 04:53:01.668402+00:00,2026-09-25 05:01:45.026219+00:00,30.1,2026-09-25 10:58:56.127220+00:00
-25.7178466,28.2393772,VILLIERIA,32ND AVENUE,TSH,79900052,https://powerfailure.tshwane.gov.za/Tshwanesms/Map.aspx,"-25.7178,28.2394|VILLIERIA#0",2026-09-23 15:54:26.696532+00:00,2026-09-25 05:01:45.026219+00:00,43.07,2026-09-25 10:58:56.127220+00:00
-25.7234874,28.2209191,VILLIERIA,KERKENBERG AVENUE,TSH,79900053,https://powerfailure.tshwane.gov.za/Tshwanesms/Map.aspx,"-25.7235,28.2209|VILLIERIA#0",2026-09-23 21:32:43.518437+00:00,2026-09-25 05:01:45.026219+00:00,37.44,2026-09-25 10:58:56.127220+00:00
-25.742843,28.1481615,PHILIP NEL PARK,SYTZE WIERDA AVENUE,TSH,79900060,https://powerfailure.tshwane.gov.za/Tshwanesms/Map.aspx,"-25.7428,28.1482|PHILIP NEL PARK#0",2026-09-23 15:54:26.696532+00:00,2026-09-25 05:01:45.026219+00:00,43.07,2026-09-25 10:58:56.127220+00:00
-25.7054141,28.1661802,MOUNTAIN VIEW,REIGERS AVENUE,TSH,79900054,https://powerfailure.tshwane.gov.za/Tshwanesms/Map.aspx,"-25.7054,28.1662|MOUNTAIN VIEW#0",2026-09-23 15:54:26.696532+00:00,2026-09-25 05:01:45.026219+00:00,43.07,2026-09-25 10:58:56.127220+00:00
-25.7253776,28.248704,QUEENSWOOD,DORMER AVENUE,TSH,79900084,https://powerfailure.tshwane.gov.za/Tshwanesms/Map.aspx,"-25.7254,28.2487|QUEENSWOOD#0",2026-09-24 11:52:55.215094+00:00,2026-09-25 05:01:45.026219+00:00,23.1,2026-09-25 10:58:56.127220+00:00
-25.7278451,28.250884,QUEENSWOOD,WEBB ROAD,TSH,79900084,https://powerfailure.tshwane.gov.za/Tshwanesms/Map.aspx,"-25.7278,28.2509|QUEENSWOOD#0",2026-09-24 11:52:55.215094+00:00,2026-09-25 05:01:45.026219+00:00,23.1,2026-09-25 10:58:56.127220+00:00
-25.7293968,28.2515854,QUEENSWOOD,STOREY STREET,TSH,79900084,https://powerfailure.tshwane.gov.za/Tshwanesms/Map.aspx,"-25.7294,28.2516|QUEENSWOOD#0",2026-09-24 11:52:55.215094+00:00,2026-09-25 05:01:45.026219+00:00,23.1,2026-09-25 10:58:56.127220+00:00
-25.7297346,28.2531652,QUEENSWOOD,PLAIN AVENUE,TSH,79900084,https://powerfailure.tshwane.gov.za/Tshwanesms/Map.aspx,"-25.7297,28.2532|QUEENSWOOD#0",2026-09-24 11:52:55.215094+00:00,2026-09-25 05:01:45.026219+00:00,23.1,2026-09-25 10:58:56.127220+00:00
-25.7288388,28.2529374,QUEENSWOOD,STOREY STREET,TSH,79900084,https://powerfailure.tshwane.gov.za/Tshwanesms/Map.aspx,"-25.7288,28.2529|QUEENSWOOD#0",2026-09-24 11:52:55.215094+00:00,2026-09-25 05:01:45.026219+00:00,23.1,2026-09-25 10:58:56.127220+00:00
-25.7294021,28.2541438,QUEENSWOOD,STOREY STREET,TSH,79900084,https://powerfailure.tshwane.gov.za/Tshwanesms/Map.aspx,"-25.7294,28.2541|QUEENSWOOD#0",2026-09-24 11:52:55.215094+00:00,2026-09-25 05:01:45.026219+00:00,23.1,2026-09-25 10:58:56.127220+00:00
-25.7293524,28.2552247,QUEENSWOOD,STOREY STREET,TSH,79900084,https://powerfailure.tshwane.gov.za/Tshwanesms/Map.aspx,"-25.7294,28.2552|QUEENSWOOD#0",2026-09-24 11:52:55.215094+00:00,2026-09-25 05:01:45.026219+00:00,23.1,2026-09-25 10:58:56.127220+00:00
-25.7414557,27.9101356,RIETFONTEIN 485 JQ,MVS-165-02S-90W-01,NW372,63702030,https://powerfailure.tshwane.gov.za/Tshwanesms/Map.aspx,"-25.7415,27.9101|RIETFONTEIN 485 JQ#0",2026-09-23 15:54:26.696532+00:00,2026-09-25 05:01:45.026219+00:00,43.07,2026-09-25 10:58:56.127220+00:00
-25.7248906,28.0064601,UITZICHT ALIAS RIETVALEI 314-JR,PL MVS-117A-04 (PORTION 96/R),TSH,79900055,https://powerfailure.tshwane.gov.za/Tshwanesms/Map.aspx,"-25.7249,28.0065|UITZICHT ALIAS RIETVALEI 314-JR#0",2026-09-24 04:53:01.668402+00:00,2026-09-25 05:01:45.026219+00:00,30.1,2026-09-25 10:58:56.127220+00:00
-25.8133865,28.3710363,ZWAVELPOORT 373-JR,GRAHAM ROAD,TSH,79900101,https://powerfailure.tshwane.gov.za/Tshwanesms/Map.aspx,"-25.8134,28.3710|ZWAVELPOORT 373-JR#0",2026-09-23 15:54:26.696532+00:00,2026-09-25 05:01:45.026219+00:00,43.07,2026-09-25 10:58:56.127220+00:00
-25.7409375,28.1345955,DANVILLE,MORKEL STREET,TSH,79900060,https://powerfailure.tshwane.gov.za/Tshwanesms/Map.aspx,"-25.7409,28.1346|DANVILLE#0",2026-09-23 21:32:43.518437+00:00,2026-09-25 05:01:45.026219+00:00,37.44,2026-09-25 10:58:56.127220+00:00
-25.7414378,28.1228918,DANVILLE X01,KNIGHT STREET,TSH,79900060,https://powerfailure.tshwane.gov.za/Tshwanesms/Map.aspx,"-25.7414,28.1229|DANVILLE X01#0",2026-09-23 15:54:26.696532+00:00,2026-09-25 05:01:45.026219+00:00,43.07,2026-09-25 10:58:56.127220+00:00
-25.8184091,28.2067773,LYTTELTON MANOR X01,VAN RIEBEECK AVENUE,TSH,79900079,https://powerfailure.tshwane.gov.za/Tshwanesms/Map.aspx,"-25.8184,28.2068|LYTTELTON MANOR X01#0",2026-09-24 17:14:48.543546+00:00,2026-09-25 05:01:45.026219+00:00,17.74,2026-09-25 10:58:56.127220+00:00
-25.8468182,28.2113851,LYTTELTON MANOR X03,JADE AVENUE,TSH,79900057,https://powerfailure.tshwane.gov.za/Tshwanesms/Map.aspx,"-25.8468,28.2114|LYTTELTON MANOR X03#0",2026-09-23 15:54:26.696532+00:00,2026-09-25 05:01:45.026219+00:00,43.07,2026-09-25 10:58:56.127220+00:00
-25.7004027,28.2349451,VILLIERIA,29TH AVENUE,TSH,79900052,https://powerfailure.tshwane.gov.za/Tshwanesms/Map.aspx,"-25.7004,28.2349|VILLIERIA#0",2026-09-24 04:53:01.668402+00:00,2026-09-25 05:01:45.026219+00:00,30.1,2026-09-25 10:58:56.127220+00:00
-25.7206314,28.2203267,VILLIERIA,19TH AVENUE,TSH,79900053,https://powerfailure.tshwane.gov.za/Tshwanesms/Map.aspx,"-25.7206,28.2203|VILLIERIA#0",2026-09-24 04:53:01.668402+00:00,2026-09-25 05:01:45.026219+00:00,30.1,2026-09-25 10:58:56.127220+00:00
-25.6993989,28.2357209,VILLIERIA,FRATES ROAD,TSH,79900052,https://powerfailure.tshwane.gov.za/Tshwanesms/Map.aspx,"-25.6994,28.2357|VILLIERIA#0",2026-09-24 04:53:01.668402+00:00,2026-09-25 05:01:45.026219+00:00,30.1,2026-09-25 10:58:56.127220+00:00
-25.70255,28.2365295,VILLIERIA,30TH AVENUE,TSH,79900052,https://powerfailure.tshwane.gov.za/Tshwanesms/Map.aspx,"-25.7026,28.2365|VILLIERIA#0",2026-09-24 04:53:01.668402+00:00,2026-09-25 05:01:45.026219+00:00,30.1,2026-09-25 10:58:56.127220+00:00
-25.7025499,28.2356561,VILLIERIA,30TH AVENUE,TSH,79900052,https://powerfailure.tshwane.gov.za/Tshwanesms/Map.aspx,"-25.7025,28.2357|VILLIERIA#0",2026-09-24 04:53:01.668402+00:00,2026-09-25 05:01:45.026219+00:00,30.1,2026-09-25 10:58:56.127220+00:00
-25.7232055,28.2204771,VILLIERIA,KERKENBERG AVENUE,TSH,79900053,https://powerfailure.tshwane.gov.za/Tshwanesms/Map.aspx,"-25.7232,28.2205|VILLIERIA#0",2026-09-24 11:52:55.215094+00:00,2026-09-25 05:01:45.026219+00:00,23.1,2026-09-25 10:58:56.127220+00:00
-25.7234896,28.2204799,VILLIERIA,KERKENBERG AVENUE,TSH,79900053,https://powerfailure.tshwane.gov.za/Tshwanesms/Map.aspx,"-25.7235,28.2205|VILLIERIA#0",2026-09-24 04:53:01.668402+00:00,2026-09-25 05:01:45.026219+00:00,30.1,2026-09-25 10:58:56.127220+00:00
-25.7484869,27.9218809,XANADU X07,HAWK EAGLE DRIVE,NW372,63702030,https://powerfailure.tshwane.gov.za/Tshwanesms/Map.aspx,"-25.7485,27.9219|XANADU X07#0",2026-09-23 15:54:26.696532+00:00,2026-09-25 05:01:45.026219+00:00,43.07,2026-09-25 10:58:56.127220+00:00
-25.7223626,28.2483314,QUEENSWOOD,MEARA ROAD,TSH,79900084,https://powerfailure.tshwane.gov.za/Tshwanesms/Map.aspx,"-25.7224,28.2483|QUEENSWOOD#0",2026-09-24 11:52:55.215094+00:00,2026-09-25 05:01:45.026219+00:00,23.1,2026-09-25 10:58:56.127220+00:00
-25.7235508,28.2486033,QUEENSWOOD,COWGILL STREET,TSH,79900084,https://powerfailure.tshwane.gov.za/Tshwanesms/Map.aspx,"-25.7236,28.2486|QUEENSWOOD#0",2026-09-24 11:52:55.215094+00:00,2026-09-25 05:01:45.026219+00:00,23.1,2026-09-25 10:58:56.127220+00:00
-25.7254168,28.2463772,QUEENSWOOD,DORMER AVENUE,TSH,79900084,https://powerfailure.tshwane.gov.za/Tshwanesms/Map.aspx,"-25.7254,28.2464|QUEENSWOOD#0",2026-09-24 11:52:55.215094+00:00,2026-09-25 05:01:45.026219+00:00,23.1,2026-09-25 10:58:56.127220+00:00
-25.7254334,28.2474915,QUEENSWOOD,DORMER AVENUE,TSH,79900084,https://powerfailure.tshwane.gov.za/Tshwanesms/Map.aspx,"-25.7254,28.2475|QUEENSWOOD#0",2026-09-24 11:52:55.215094+00:00,2026-09-25 05:01:45.026219+00:00,23.1,2026-09-25 10:58:56.127220+00:00
-25.7257988,28.249136,QUEENSWOOD,BOTTRILL LANE,TSH,79900084,https://powerfailure.tshwane.gov.za/Tshwanesms/Map.aspx,"-25.7258,28.2491|QUEENSWOOD#0",2026-09-24 11:52:55.215094+00:00,2026-09-25 05:01:45.026219+00:00,23.1,2026-09-25 10:58:56.127220+00:00
-25.7274472,28.2496367,QUEENSWOOD,CARTER AVENUE,TSH,79900084,https://powerfailure.tshwane.gov.za/Tshwanesms/Map.aspx,"-25.7274,28.2496|QUEENSWOOD#0",2026-09-24 11:52:55.215094+00:00,2026-09-25 05:01:45.026219+00:00,23.1,2026-09-25 10:58:56.127220+00:00
-25.7252748,28.2523276,QUEENSWOOD,DORMER AVENUE,TSH,79900084,https://powerfailure.tshwane.gov.za/Tshwanesms/Map.aspx,"-25.7253,28.2523|QUEENSWOOD#0",2026-09-24 11:52:55.215094+00:00,2026-09-25 05:01:45.026219+00:00,23.1,2026-09-25 10:58:56.127220+00:00
-25.7252748,28.2523276,QUEENSWOOD,DORMER AVENUE,TSH,79900084,https://powerfailure.tshwane.gov.za/Tshwanesms/Map.aspx,"-25.7253,28.2523|QUEENSWOOD#1",2026-09-24 11:52:55.215094+00:00,2026-09-25 05:01:45.026219+00:00,23.1,2026-09-25 10:58:56.127220+00:00
-25.7252748,28.2523276,QUEENSWOOD,DORMER AVENUE,TSH,79900084,https://powerfailure.tshwane.gov.za/Tshwanesms/Map.aspx,"-25.7253,28.2523|QUEENSWOOD#2",2026-09-24 11:52:55.215094+00:00,2026-09-25 05:01:45.026219+00:00,23.1,2026-09-25 10:58:56.127220+00:00
-25.7237882,28.2151782,DEERNESS,DOWNIE STREET,TSH,79900053,https://powerfailure.tshwane.gov.za/Tshwanesms/Map.aspx,"-25.7238,28.2152|DEERNESS#0",2026-09-23 21:32:43.518437+00:00,2026-09-25 05:01:45.026219+00:00,37.44,2026-09-25 10:58:56.127220+00:00
-25.8450723,28.2011106,DIE HOEWES X31,WEEROMKEER NOOK,TSH,79900057,https://powerfailure.tshwane.gov.za/Tshwanesms/Map.aspx,"-25.8451,28.2011|DIE HOEWES X31#0",2026-09-23 15:54:26.696532+00:00,2026-09-25 05:01:45.026219+00:00,43.07,2026-09-25 10:58:56.127220+00:00
-25.8457387,28.2012214,DIE HOEWES X31,WEEROMKEER NOOK,TSH,79900057,https://powerfailure.tshwane.gov.za/Tshwanesms/Map.aspx,"-25.8457,28.2012|DIE HOEWES X31#0",2026-09-23 15:54:26.696532+00:00,2026-09-25 05:01:45.026219+00:00,43.07,2026-09-25 10:58:56.127220+00:00
-25.8605297,28.1998902,DORINGKLOOF,LEONIE STREET,TSH,79900078,https://powerfailure.tshwane.gov.za/Tshwanesms/Map.aspx,"-25.8605,28.1999|DORINGKLOOF#0",2026-09-23 15:54:26.696532+00:00,2026-09-25 05:01:45.026219+00:00,43.07,2026-09-25 10:58:56.127220+00:00
-25.8533495,28.2101128,DORINGKLOOF,BASHEE AVENUE,TSH,79900078,https://powerfailure.tshwane.gov.za/Tshwanesms/Map.aspx,"-25.8533,28.2101|DORINGKLOOF#0",2026-09-23 15:54:26.696532+00:00,2026-09-25 05:01:45.026219+00:00,43.07,2026-09-25 10:58:56.127220+00:00
-25.8514871,28.2112969,DORINGKLOOF,OLIFANTS AVENUE,TSH,79900078,https://powerfailure.tshwane.gov.za/Tshwanesms/Map.aspx,"-25.8515,28.2113|DORINGKLOOF#0",2026-09-23 15:54:26.696532+00:00,2026-09-25 05:01:45.026219+00:00,43.07,2026-09-25 10:58:56.127220+00:00
-25.8504812,28.2152236,DORINGKLOOF,ZAMBESI LANE,TSH,79900078,https://powerfailure.tshwane.gov.za/Tshwanesms/Map.aspx,"-25.8505,28.2152|DORINGKLOOF#0",2026-09-23 15:54:26.696532+00:00,2026-09-25 05:01:45.026219+00:00,43.07,2026-09-25 10:58:56.127220+00:00
-25.7597586,27.8577196,PECANWOOD X06,LAKEVIEW DRIVE,NW372,63702029,https://powerfailure.tshwane.gov.za/Tshwanesms/Map.aspx,"-25.7598,27.8577|PECANWOOD X06#0",2026-09-23 15:54:26.696532+00:00,2026-09-25 05:01:45.026219+00:00,43.07,2026-09-25 10:58:56.127220+00:00
-25.7210781,27.939893,RIETFONTEIN 485 JQ,PL MVS-200-03 (PORTION 218),NW372,63702030,https://powerfailure.tshwane.gov.za/Tshwanesms/Map.aspx,"-25.7211,27.9399|RIETFONTEIN 485 JQ#0",2026-09-23 15:54:26.696532+00:00,2026-09-25 05:01:45.026219+00:00,43.07,2026-09-25 10:58:56.127220+00:00
-25.7163138,27.9318872,RIETFONTEIN 485 JQ,PL MVS-218-04S-10E (PORTION 277),NW372,63702030,https://powerfailure.tshwane.gov.za/Tshwanesms/Map.aspx,"-25.7163,27.9319|RIETFONTEIN 485 JQ#0",2026-09-23 15:54:26.696532+00:00,2026-09-25 05:01:45.026219+00:00,43.07,2026-09-25 10:58:56.127220+00:00
-25.717687,27.921524,RIETFONTEIN 485 JQ,PL MVS-218-08S-05W (PORTION 320),NW372,63702030,https://powerfailure.tshwane.gov.za/Tshwanesms/Map.aspx,"-25.7177,27.9215|RIETFONTEIN 485 JQ#0",2026-09-23 15:54:26.696532+00:00,2026-09-25 05:01:45.026219+00:00,43.07,2026-09-25 10:58:56.127220+00:00
-25.717687,27.921524,RIETFONTEIN 485 JQ,PL MVS-218-08S-05W (PORTION 320),NW372,63702030,https://powerfailure.tshwane.gov.za/Tshwanesms/Map.aspx,"-25.7177,27.9215|RIETFONTEIN 485 JQ#1",2026-09-23 15:54:26.696532+00:00,2026-09-25 05:01:45.026219+00:00,43.07,2026-09-25 10:58:56.127220+00:00
-25.9222396,28.0965916,OLIEVENHOUTBOS,MTULWA STREET,TSH,79900106,https://powerfailure.tshwane.gov.za/Tshwanesms/Map.aspx,"-25.9222,28.0966|OLIEVENHOUTBOS#0",2026-09-24 17:14:48.543546+00:00,2026-09-25 05:01:45.026219+00:00,17.74,2026-09-25 10:58:56.127220+00:00
-25.9205714,28.0997382,OLIEVENHOUTBOS X22,UNKNOWN,TSH,79900077,https://powerfailure.tshwane.gov.za/Tshwanesms/Map.aspx,"-25.9206,28.0997|OLIEVENHOUTBOS X22#0",2026-09-24 17:14:48.543546+00:00,2026-09-25 05:01:45.026219+00:00,17.74,2026-09-25 10:58:56.127220+00:00
-25.7488719,28.2028526,TREVENNA,SCHOEMAN STREET,TSH,79900081,https://powerfailure.tshwane.gov.za/Tshwanesms/Map.aspx,"-25.7489,28.2029|TREVENNA#0",2026-09-23 15:54:26.696532+00:00,2026-09-25 05:01:45.026219+00:00,43.07,2026-09-25 10:58:56.127220+00:00
-25.7402037,28.1344143,DANVILLE,PAUL ROOS AVENUE,TSH,79900060,https://powerfailure.tshwane.gov.za/Tshwanesms/Map.aspx,"-25.7402,28.1344|DANVILLE#0",2026-09-24 11:52:55.215094+00:00,2026-09-25 05:01:45.026219+00:00,23.1,2026-09-25 10:58:56.127220+00:00
-25.7397815,28.1341811,DANVILLE,BREWIS STREET,TSH,79900060,https://powerfailure.tshwane.gov.za/Tshwanesms/Map.aspx,"-25.7398,28.1342|DANVILLE#0",2026-09-23 21:32:43.518437+00:00,2026-09-25 05:01:45.026219+00:00,37.44,2026-09-25 10:58:56.127220+00:00
-25.7393526,28.1343132,DANVILLE,VAN RYNEVELD AVENUE,TSH,79900060,https://powerfailure.tshwane.gov.za/Tshwanesms/Map.aspx,"-25.7394,28.1343|DANVILLE#0",2026-09-23 21:32:43.518437+00:00,2026-09-25 05:01:45.026219+00:00,37.44,2026-09-25 10:58:56.127220+00:00
-25.7463099,28.1173514,DANVILLE X03,TWEEVINGERGRAS CRESCENT,TSH,79900060,https://powerfailure.tshwane.gov.za/Tshwanesms/Map.aspx,"-25.7463,28.1174|DANVILLE X03#0",2026-09-23 15:54:26.696532+00:00,2026-09-25 05:01:45.026219+00:00,43.07,2026-09-25 10:58:56.127220+00:00
-25.7448385,28.1153961,DANVILLE X03,TEFGRAS STREET,TSH,79900060,https://powerfailure.tshwane.gov.za/Tshwanesms/Map.aspx,"-25.7448,28.1154|DANVILLE X03#0",2026-09-23 15:54:26.696532+00:00,2026-09-25 05:01:45.026219+00:00,43.07,2026-09-25 10:58:56.127220+00:00
-25.8671034,28.1568577,ELDORAIGNE X18,STANGER AVENUE,TSH,79900069,https://powerfailure.tshwane.gov.za/Tshwanesms/Map.aspx,"-25.8671,28.1569|ELDORAIGNE X18#0",2026-09-23 15:54:26.696532+00:00,2026-09-25 05:01:45.026219+00:00,43.07,2026-09-25 10:58:56.127220+00:00
-25.8685777,28.1604634,ELDORAIGNE X18,WINBURG STREET,TSH,79900069,https://powerfailure.tshwane.gov.za/Tshwanesms/Map.aspx,"-25.8686,28.1605|ELDORAIGNE X18#0",2026-09-23 15:54:26.696532+00:00,2026-09-25 05:01:45.026219+00:00,43.07,2026-09-25 10:58:56.127220+00:00
-25.868858,28.1616634,ELDORAIGNE,GOSHAWK STREET,TSH,79900069,https://powerfailure.tshwane.gov.za/Tshwanesms/Map.aspx,"-25.8689,28.1617|ELDORAIGNE#0",2026-09-23 15:54:26.696532+00:00,2026-09-25 05:01:45.026219+00:00,43.07,2026-09-25 10:58:56.127220+00:00
-25.8186757,28.2068859,LYTTELTON MANOR X01,VAN RIEBEECK AVENUE,TSH,79900079,https://powerfailure.tshwane.gov.za/Tshwanesms/Map.aspx,"-25.8187,28.2069|LYTTELTON MANOR X01#0",2026-09-24 17:14:48.543546+00:00,2026-09-25 05:01:45.026219+00:00,17.74,2026-09-25 10:58:56.127220+00:00
-25.8484861,28.2093463,LYTTELTON MANOR X03,TURKOOIS ROAD,TSH,79900057,https://powerfailure.tshwane.gov.za/Tshwanesms/Map.aspx,"-25.8485,28.2093|LYTTELTON MANOR X03#0",2026-09-23 15:54:26.696532+00:00,2026-09-25 05:01:45.026219+00:00,43.07,2026-09-25 10:58:56.127220+00:00
-25.8431617,28.2103968,LYTTELTON MANOR,GEM STREET,TSH,79900057,https://powerfailure.tshwane.gov.za/Tshwanesms/Map.aspx,"-25.8432,28.2104|LYTTELTON MANOR#0",2026-09-23 15:54:26.696532+00:00,2026-09-25 05:01:45.026219+00:00,43.07,2026-09-25 10:58:56.127220+00:00
-25.7005437,28.2379822,VILLIERIA,31ST AVENUE,TSH,79900052,https://powerfailure.tshwane.gov.za/Tshwanesms/Map.aspx,"-25.7005,28.2380|VILLIERIA#0",2026-09-24 11:52:55.215094+00:00,2026-09-25 05:01:45.026219+00:00,23.1,2026-09-25 10:58:56.127220+00:00
-25.7020457,28.2372145,VILLIERIA,31ST AVENUE,TSH,79900052,https://powerfailure.tshwane.gov.za/Tshwanesms/Map.aspx,"-25.7020,28.2372|VILLIERIA#0",2026-09-24 04:53:01.668402+00:00,2026-09-25 05:01:45.026219+00:00,30.1,2026-09-25 10:58:56.127220+00:00
-25.7007979,28.2374246,VILLIERIA,.,TSH,79900052,https://powerfailure.tshwane.gov.za/Tshwanesms/Map.aspx,"-25.7008,28.2374|VILLIERIA#0",2026-09-24 04:53:01.668402+00:00,2026-09-25 05:01:45.026219+00:00,30.1,2026-09-25 10:58:56.127220+00:00
-25.713615,28.3748636,MAMELODI,STAND 18873,TSH,79900023,https://powerfailure.tshwane.gov.za/Tshwanesms/Map.aspx,"-25.7136,28.3749|MAMELODI#0",2026-09-23 15:54:26.696532+00:00,2026-09-25 05:01:45.026219+00:00,43.07,2026-09-25 10:58:56.127220+00:00
-25.7240213,28.2484019,QUEENSWOOD,COWGILL STREET,TSH,79900084,https://powerfailure.tshwane.gov.za/Tshwanesms/Map.aspx,"-25.7240,28.2484|QUEENSWOOD#0",2026-09-24 11:52:55.215094+00:00,2026-09-25 05:01:45.026219+00:00,23.1,2026-09-25 10:58:56.127220+00:00
-25.7274004,28.2506549,QUEENSWOOD,CARTER AVENUE,TSH,79900084,https://powerfailure.tshwane.gov.za/Tshwanesms/Map.aspx,"-25.7274,28.2507|QUEENSWOOD#0",2026-09-24 11:52:55.215094+00:00,2026-09-25 05:01:45.026219+00:00,23.1,2026-09-25 10:58:56.127220+00:00
-25.7301876,28.2527678,QUEENSWOOD,KIRKBY STREET,TSH,79900084,https://powerfailure.tshwane.gov.za/Tshwanesms/Map.aspx,"-25.7302,28.2528|QUEENSWOOD#0",2026-09-24 11:52:55.215094+00:00,2026-09-25 05:01:45.026219+00:00,23.1,2026-09-25 10:58:56.127220+00:00
-25.7217009,28.1403939,PRETORIA GARDENS,TUIN STREET,TSH,79900055,https://powerfailure.tshwane.gov.za/Tshwanesms/Map.aspx,"-25.7217,28.1404|PRETORIA GARDENS#0",2026-09-23 21:32:43.518437+00:00,2026-09-25 05:01:45.026219+00:00,37.44,2026-09-25 10:58:56.127220+00:00
-25.7241134,28.1478976,PRETORIA GARDENS,GUSTAV ADOLF STREET,TSH,79900055,https://powerfailure.tshwane.gov.za/Tshwanesms/Map.aspx,"-25.7241,28.1479|PRETORIA GARDENS#0",2026-09-23 15:54:26.696532+00:00,2026-09-25 05:01:45.026219+00:00,43.07,2026-09-25 10:58:56.127220+00:00
-25.7414068,27.9516451,RIETFONTEIN 485 JQ,PL MVS-205-03 (PORTION 174),NW372,63702030,https://powerfailure.tshwane.gov.za/Tshwanesms/Map.aspx,"-25.7414,27.9516|RIETFONTEIN 485 JQ#0",2026-09-23 15:54:26.696532+00:00,2026-09-25 05:01:45.026219+00:00,43.07,2026-09-25 10:58:56.127220+00:00
-25.7187518,27.9236846,RIETFONTEIN 485 JQ,PL MVS-218-08S-05W (PORTION 322),NW372,63702030,https://powerfailure.tshwane.gov.za/Tshwanesms/Map.aspx,"-25.7188,27.9237|RIETFONTEIN 485 JQ#0",2026-09-23 15:54:26.696532+00:00,2026-09-25 05:01:45.026219+00:00,43.07,2026-09-25 10:58:56.127220+00:00
-25.7521979,27.9521053,RIETFONTEIN 485-JQ,PL MVS 165-55W-03S,NW372,63702030,https://powerfailure.tshwane.gov.za/Tshwanesms/Map.aspx,"-25.7522,27.9521|RIETFONTEIN 485-JQ#0",2026-09-23 15:54:26.696532+00:00,2026-09-25 05:01:45.026219+00:00,43.07,2026-09-25 10:58:56.127220+00:00
-25.7144315,28.4244002,MAHUBE VALLEY X24,MOHLAPA STREET,TSH,79900097,https://powerfailure.tshwane.gov.za/Tshwanesms/Map.aspx,"-25.7144,28.4244|MAHUBE VALLEY X24#0",2026-09-23 15:54:26.696532+00:00,2026-09-25 05:01:45.026219+00:00,43.07,2026-09-25 10:58:56.127220+00:00
-25.9226853,28.0959886,OLIEVENHOUTBOS,MTULWA STREET,TSH,79900106,https://powerfailure.tshwane.gov.za/Tshwanesms/Map.aspx,"-25.9227,28.0960|OLIEVENHOUTBOS#0",2026-09-24 17:14:48.543546+00:00,2026-09-25 05:01:45.026219+00:00,17.74,2026-09-25 10:58:56.127220+00:00
-25.7309158,27.9756939,KAMEELDRIFT 313-JR,348,TSH,79900055,https://powerfailure.tshwane.gov.za/Tshwanesms/Map.aspx,"-25.7309,27.9757|KAMEELDRIFT 313-JR#0",2026-09-24 04:53:01.668402+00:00,2026-09-25 05:01:45.026219+00:00,30.1,2026-09-25 10:58:56.127220+00:00
-25.7400667,28.1339056,DANVILLE,BREWIS STREET,TSH,79900060,https://powerfailure.tshwane.gov.za/Tshwanesms/Map.aspx,"-25.7401,28.1339|DANVILLE#0",2026-09-23 21:32:43.518437+00:00,2026-09-25 05:01:45.026219+00:00,37.44,2026-09-25 10:58:56.127220+00:00
-25.7406122,28.134699,DANVILLE,MORKEL STREET,TSH,79900060,https://powerfailure.tshwane.gov.za/Tshwanesms/Map.aspx,"-25.7406,28.1347|DANVILLE#0",2026-09-24 04:53:01.668402+00:00,2026-09-25 05:01:45.026219+00:00,30.1,2026-09-25 10:58:56.127220+00:00
-25.7401631,28.1348382,DANVILLE,PAUL ROOS AVENUE,TSH,79900060,https://powerfailure.tshwane.gov.za/Tshwanesms/Map.aspx,"-25.7402,28.1348|DANVILLE#0",2026-09-24 11:52:55.215094+00:00,2026-09-25 05:01:45.026219+00:00,23.1,2026-09-25 10:58:56.127220+00:00
-25.818086,28.2077838,LYTTELTON MANOR X01,VAN RIEBEECK AVENUE,TSH,79900079,https://powerfailure.tshwane.gov.za/Tshwanesms/Map.aspx,"-25.8181,28.2078|LYTTELTON MANOR X01#0",2026-09-24 17:14:48.543546+00:00,2026-09-25 05:01:45.026219+00:00,17.74,2026-09-25 10:58:56.127220+00:00
-25.7012848,28.2358161,VILLIERIA,30TH AVENUE,TSH,79900052,https://powerfailure.tshwane.gov.za/Tshwanesms/Map.aspx,"-25.7013,28.2358|VILLIERIA#0",2026-09-24 04:53:01.668402+00:00,2026-09-25 05:01:45.026219+00:00,30.1,2026-09-25 10:58:56.127220+00:00
-25.7218763,28.2205498,VILLIERIA,PIERNEEFF STREET,TSH,79900053,https://powerfailure.tshwane.gov.za/Tshwanesms/Map.aspx,"-25.7219,28.2205|VILLIERIA#0",2026-09-23 21:32:43.518437+00:00,2026-09-25 05:01:45.026219+00:00,37.44,2026-09-25 10:58:56.127220+00:00
-25.7235038,28.2186936,VILLIERIA,18TH AVENUE,TSH,79900053,https://powerfailure.tshwane.gov.za/Tshwanesms/Map.aspx,"-25.7235,28.2187|VILLIERIA#0",2026-09-23 21:32:43.518437+00:00,2026-09-25 05:01:45.026219+00:00,37.44,2026-09-25 10:58:56.127220+00:00
-25.7001775,28.1726042,MOUNTAIN VIEW,BARNATO STREET,TSH,79900054,https://powerfailure.tshwane.gov.za/Tshwanesms/Map.aspx,"-25.7002,28.1726|MOUNTAIN VIEW#0",2026-09-23 15:54:26.696532+00:00,2026-09-25 05:01:45.026219+00:00,43.07,2026-09-25 10:58:56.127220+00:00
-25.7216101,28.2470766,QUEENSWOOD,WESLEY ROAD,TSH,79900084,https://powerfailure.tshwane.gov.za/Tshwanesms/Map.aspx,"-25.7216,28.2471|QUEENSWOOD#0",2026-09-24 11:52:55.215094+00:00,2026-09-25 05:01:45.026219+00:00,23.1,2026-09-25 10:58:56.127220+00:00
-25.7236759,28.2495296,QUEENSWOOD,COWGILL STREET,TSH,79900084,https://powerfailure.tshwane.gov.za/Tshwanesms/Map.aspx,"-25.7237,28.2495|QUEENSWOOD#0",2026-09-24 11:52:55.215094+00:00,2026-09-25 05:01:45.026219+00:00,23.1,2026-09-25 10:58:56.127220+00:00
-25.7249624,28.254178,QUEENSWOOD,DORMER AVENUE,TSH,79900084,https://powerfailure.tshwane.gov.za/Tshwanesms/Map.aspx,"-25.7250,28.2542|QUEENSWOOD#0",2026-09-24 11:52:55.215094+00:00,2026-09-25 05:01:45.026219+00:00,23.1,2026-09-25 10:58:56.127220+00:00
-25.7263374,28.2567023,QUEENSWOOD,DUNSTAN ROAD,TSH,79900084,https://powerfailure.tshwane.gov.za/Tshwanesms/Map.aspx,"-25.7263,28.2567|QUEENSWOOD#0",2026-09-23 16:31:26.744960+00:00,2026-09-25 05:01:45.026219+00:00,42.46,2026-09-25 10:58:56.127220+00:00
-25.7253964,28.2482967,QUEENSWOOD,DORMER AVENUE,TSH,79900084,https://powerfailure.tshwane.gov.za/Tshwanesms/Map.aspx,"-25.7254,28.2483|QUEENSWOOD#0",2026-09-24 11:52:55.215094+00:00,2026-09-25 05:01:45.026219+00:00,23.1,2026-09-25 10:58:56.127220+00:00
-25.8609224,28.2053587,DORINGKLOOF,ELIZABETH STREET,TSH,79900078,https://powerfailure.tshwane.gov.za/Tshwanesms/Map.aspx,"-25.8609,28.2054|DORINGKLOOF#0",2026-09-23 15:54:26.696532+00:00,2026-09-25 05:01:45.026219+00:00,43.07,2026-09-25 10:58:56.127220+00:00
-25.857383,28.2034418,DORINGKLOOF,LOUISE STREET,TSH,79900078,https://powerfailure.tshwane.gov.za/Tshwanesms/Map.aspx,"-25.8574,28.2034|DORINGKLOOF#0",2026-09-23 15:54:26.696532+00:00,2026-09-25 05:01:45.026219+00:00,43.07,2026-09-25 10:58:56.127220+00:00
-25.8526782,28.2083367,DORINGKLOOF,GLOVER AVENUE,TSH,79900078,https://powerfailure.tshwane.gov.za/Tshwanesms/Map.aspx,"-25.8527,28.2083|DORINGKLOOF#0",2026-09-23 15:54:26.696532+00:00,2026-09-25 05:01:45.026219+00:00,43.07,2026-09-25 10:58:56.127220+00:00
-25.8504627,28.2091049,DORINGKLOOF,PALALA AVENUE,TSH,79900078,https://powerfailure.tshwane.gov.za/Tshwanesms/Map.aspx,"-25.8505,28.2091|DORINGKLOOF#0",2026-09-23 15:54:26.696532+00:00,2026-09-25 05:01:45.026219+00:00,43.07,2026-09-25 10:58:56.127220+00:00
-25.6989662,28.1971683,WONDERBOOM SOUTH,DE BEER STREET,TSH,79900054,https://powerfailure.tshwane.gov.za/Tshwanesms/Map.aspx,"-25.6990,28.1972|WONDERBOOM SOUTH#0",2026-09-23 21:32:43.518437+00:00,2026-09-25 05:01:45.026219+00:00,37.44,2026-09-25 10:58:56.127220+00:00
-25.6989204,28.1975096,WONDERBOOM SOUTH,DE BEER STREET,TSH,79900054,https://powerfailure.tshwane.gov.za/Tshwanesms/Map.aspx,"-25.6989,28.1975|WONDERBOOM SOUTH#0",2026-09-23 21:32:43.518437+00:00,2026-09-25 05:01:45.026219+00:00,37.44,2026-09-25 10:58:56.127220+00:00
-25.70414,28.1943827,WONDERBOOM SOUTH,MEYER STREET,TSH,79900054,https://powerfailure.tshwane.gov.za/Tshwanesms/Map.aspx,"-25.7041,28.1944|WONDERBOOM SOUTH#0",2026-09-23 15:54:26.696532+00:00,2026-09-25 05:01:45.026219+00:00,43.07,2026-09-25 10:58:56.127220+00:00
-25.9172867,28.1128668,OLIEVENHOUTBOSCH 389-JR,OB-030-29W-11N-26E-03N (24),TSH,79900077,https://powerfailure.tshwane.gov.za/Tshwanesms/Map.aspx,"-25.9173,28.1129|OLIEVENHOUTBOSCH 389-JR#0",2026-09-24 17:14:48.543546+00:00,2026-09-25 05:01:45.026219+00:00,17.74,2026-09-25 10:58:56.127220+00:00
-25.8451585,28.2013845,DIE HOEWES X31,WEEROMKEER NOOK,TSH,79900057,https://powerfailure.tshwane.gov.za/Tshwanesms/Map.aspx,"-25.8452,28.2014|DIE HOEWES X31#0",2026-09-23 15:54:26.696532+00:00,2026-09-25 05:01:45.026219+00:00,43.07,2026-09-25 10:58:56.127220+00:00
-25.8574087,28.2064341,DORINGKLOOF,MAHONIE STREET,TSH,79900078,https://powerfailure.tshwane.gov.za/Tshwanesms/Map.aspx,"-25.8574,28.2064|DORINGKLOOF#0",2026-09-23 15:54:26.696532+00:00,2026-09-25 05:01:45.026219+00:00,43.07,2026-09-25 10:58:56.127220+00:00
-25.8501584,28.212726,DORINGKLOOF,LIMPOPO AVENUE,TSH,79900078,https://powerfailure.tshwane.gov.za/Tshwanesms/Map.aspx,"-25.8502,28.2127|DORINGKLOOF#0",2026-09-23 15:54:26.696532+00:00,2026-09-25 05:01:45.026219+00:00,43.07,2026-09-25 10:58:56.127220+00:00
-25.8551311,28.2123784,DORINGKLOOF,SONJA STREET,TSH,79900078,https://powerfailure.tshwane.gov.za/Tshwanesms/Map.aspx,"-25.8551,28.2124|DORINGKLOOF#0",2026-09-23 15:54:26.696532+00:00,2026-09-25 05:01:45.026219+00:00,43.07,2026-09-25 10:58:56.127220+00:00
-25.908768,28.0948806,OLIEVENHOUTBOS X13,UMPHAFA STREET,TSH,79900106,https://powerfailure.tshwane.gov.za/Tshwanesms/Map.aspx,"-25.9088,28.0949|OLIEVENHOUTBOS X13#0",2026-09-24 17:14:48.543546+00:00,2026-09-25 05:01:45.026219+00:00,17.74,2026-09-25 10:58:56.127220+00:00
-25.9154482,28.0891368,OLIEVENHOUTBOS X20,STINKWOOD STREET,TSH,79900106,https://powerfailure.tshwane.gov.za/Tshwanesms/Map.aspx,"-25.9154,28.0891|OLIEVENHOUTBOS X20#0",2026-09-24 17:14:48.543546+00:00,2026-09-25 05:01:45.026219+00:00,17.74,2026-09-25 10:58:56.127220+00:00
-25.9133155,28.0879137,OLIEVENHOUTBOS X20,TASSEL BERRY STREET,TSH,79900106,https://powerfailure.tshwane.gov.za/Tshwanesms/Map.aspx,"-25.9133,28.0879|OLIEVENHOUTBOS X20#0",2026-09-24 17:14:48.543546+00:00,2026-09-25 05:01:45.026219+00:00,17.74,2026-09-25 10:58:56.127220+00:00
-25.9150409,28.0906213,OLIEVENHOUTBOS X20,STINKWOOD STREET,TSH,79900106,https://powerfailure.tshwane.gov.za/Tshwanesms/Map.aspx,"-25.9150,28.0906|OLIEVENHOUTBOS X20#0",2026-09-24 17:14:48.543546+00:00,2026-09-25 05:01:45.026219+00:00,17.74,2026-09-25 10:58:56.127220+00:00
-25.7013474,28.2327574,RIETFONTEIN,FRATES ROAD,TSH,79900052,https://powerfailure.tshwane.gov.za/Tshwanesms/Map.aspx,"-25.7013,28.2328|RIETFONTEIN#0",2026-09-24 11:52:55.215094+00:00,2026-09-25 05:01:45.026219+00:00,23.1,2026-09-25 10:58:56.127220+00:00
-25.6986496,28.1926314,WONDERBOOM SOUTH,5TH AVENUE,TSH,79900054,https://powerfailure.tshwane.gov.za/Tshwanesms/Map.aspx,"-25.6986,28.1926|WONDERBOOM SOUTH#0",2026-09-23 21:32:43.518437+00:00,2026-09-25 05:01:45.026219+00:00,37.44,2026-09-25 10:58:56.127220+00:00
-25.6968769,28.2127444,WONDERBOOM SOUTH,DE BEER STREET,TSH,79900054,https://powerfailure.tshwane.gov.za/Tshwanesms/Map.aspx,"-25.6969,28.2127|WONDERBOOM SOUTH#0",2026-09-24 04:53:01.668402+00:00,2026-09-25 05:01:45.026219+00:00,30.1,2026-09-25 10:58:56.127220+00:00
-25.8624693,28.2032162,DORINGKLOOF,ELIZABETH STREET,TSH,79900078,https://powerfailure.tshwane.gov.za/Tshwanesms/Map.aspx,"-25.8625,28.2032|DORINGKLOOF#0",2026-09-23 15:54:26.696532+00:00,2026-09-25 05:01:45.026219+00:00,43.07,2026-09-25 10:58:56.127220+00:00
-25.8565421,28.2029391,DORINGKLOOF,LEONIE STREET,TSH,79900078,https://powerfailure.tshwane.gov.za/Tshwanesms/Map.aspx,"-25.8565,28.2029|DORINGKLOOF#0",2026-09-23 15:54:26.696532+00:00,2026-09-25 05:01:45.026219+00:00,43.07,2026-09-25 10:58:56.127220+00:00
-25.8552364,28.2087222,DORINGKLOOF,PALM STREET,TSH,79900078,https://powerfailure.tshwane.gov.za/Tshwanesms/Map.aspx,"-25.8552,28.2087|DORINGKLOOF#0",2026-09-23 15:54:26.696532+00:00,2026-09-25 05:01:45.026219+00:00,43.07,2026-09-25 10:58:56.127220+00:00
-25.7695161,27.862404,PECANWOOD X15,PARK LANE,NW372,63702029,https://powerfailure.tshwane.gov.za/Tshwanesms/Map.aspx,"-25.7695,27.8624|PECANWOOD X15#0",2026-09-23 15:54:26.696532+00:00,2026-09-25 05:01:45.026219+00:00,43.07,2026-09-25 10:58:56.127220+00:00
-25.698502,28.198123,WONDERBOOM SOUTH,EIGHTH AVENUE,TSH,79900054,https://powerfailure.tshwane.gov.za/Tshwanesms/Map.aspx,"-25.6985,28.1981|WONDERBOOM SOUTH#0",2026-09-23 21:32:43.518437+00:00,2026-09-25 05:01:45.026219+00:00,37.44,2026-09-25 10:58:56.127220+00:00
-25.6988511,28.1980266,WONDERBOOM SOUTH,8TH AVENUE,TSH,79900054,https://powerfailure.tshwane.gov.za/Tshwanesms/Map.aspx,"-25.6989,28.1980|WONDERBOOM SOUTH#0",2026-09-23 21:32:43.518437+00:00,2026-09-25 05:01:45.026219+00:00,37.44,2026-09-25 10:58:56.127220+00:00
-25.7235651,28.2159933,DEERNESS,MOGG AVENUE,TSH,79900053,https://powerfailure.tshwane.gov.za/Tshwanesms/Map.aspx,"-25.7236,28.2160|DEERNESS#0",2026-09-23 21:32:43.518437+00:00,2026-09-25 05:01:45.026219+00:00,37.44,2026-09-25 10:58:56.127220+00:00
-25.8618257,28.2050908,DORINGKLOOF,ELIZABETH STREET,TSH,79900078,https://powerfailure.tshwane.gov.za/Tshwanesms/Map.aspx,"-25.8618,28.2051|DORINGKLOOF#0",2026-09-23 15:54:26.696532+00:00,2026-09-25 05:01:45.026219+00:00,43.07,2026-09-25 10:58:56.127220+00:00
-25.857209,28.2062678,DORINGKLOOF,MAHONIE STREET,TSH,79900078,https://powerfailure.tshwane.gov.za/Tshwanesms/Map.aspx,"-25.8572,28.2063|DORINGKLOOF#0",2026-09-23 15:54:26.696532+00:00,2026-09-25 05:01:45.026219+00:00,43.07,2026-09-25 10:58:56.127220+00:00
-25.8521018,28.207738,DORINGKLOOF,GLOVER AVENUE,TSH,79900078,https://powerfailure.tshwane.gov.za/Tshwanesms/Map.aspx,"-25.8521,28.2077|DORINGKLOOF#0",2026-09-23 15:54:26.696532+00:00,2026-09-25 05:01:45.026219+00:00,43.07,2026-09-25 10:58:56.127220+00:00
-25.8501327,28.2107755,DORINGKLOOF,LIMPOPO AVENUE,TSH,79900078,https://powerfailure.tshwane.gov.za/Tshwanesms/Map.aspx,"-25.8501,28.2108|DORINGKLOOF#0",2026-09-23 15:54:26.696532+00:00,2026-09-25 05:01:45.026219+00:00,43.07,2026-09-25 10:58:56.127220+00:00
-25.852069,28.2117749,DORINGKLOOF,OLIFANTS AVENUE,TSH,79900078,https://powerfailure.tshwane.gov.za/Tshwanesms/Map.aspx,"-25.8521,28.2118|DORINGKLOOF#0",2026-09-23 15:54:26.696532+00:00,2026-09-25 05:01:45.026219+00:00,43.07,2026-09-25 10:58:56.127220+00:00
-25.8548233,28.2130127,DORINGKLOOF,ZAMBESI LANE,TSH,79900078,https://powerfailure.tshwane.gov.za/Tshwanesms/Map.aspx,"-25.8548,28.2130|DORINGKLOOF#0",2026-09-23 15:54:26.696532+00:00,2026-09-25 05:01:45.026219+00:00,43.07,2026-09-25 10:58:56.127220+00:00
-25.8588134,28.2122552,DORINGKLOOF,MALUTI AVENUE,TSH,79900078,https://powerfailure.tshwane.gov.za/Tshwanesms/Map.aspx,"-25.8588,28.2123|DORINGKLOOF#0",2026-09-23 15:54:26.696532+00:00,2026-09-25 05:01:45.026219+00:00,43.07,2026-09-25 10:58:56.127220+00:00
-25.6981385,28.198209,WONDERBOOM SOUTH,8TH AVENUE,TSH,79900054,https://powerfailure.tshwane.gov.za/Tshwanesms/Map.aspx,"-25.6981,28.1982|WONDERBOOM SOUTH#0",2026-09-23 21:32:43.518437+00:00,2026-09-25 05:01:45.026219+00:00,37.44,2026-09-25 10:58:56.127220+00:00
-25.9109592,28.0983687,OLIEVENHOUTBOS X15,UMHLUME STREET,TSH,79900106,https://powerfailure.tshwane.gov.za/Tshwanesms/Map.aspx,"-25.9110,28.0984|OLIEVENHOUTBOS X15#0",2026-09-24 17:14:48.543546+00:00,2026-09-25 05:01:45.026219+00:00,17.74,2026-09-25 10:58:56.127220+00:00
-25.7472473,28.307981,MURRAYFIELD,TREVOR STREET,TSH,79900041,https://powerfailure.tshwane.gov.za/Tshwanesms/Map.aspx,"-25.7472,28.3080|MURRAYFIELD#0",2026-09-23 15:54:26.696532+00:00,2026-09-25 05:01:45.026219+00:00,43.07,2026-09-25 10:58:56.127220+00:00
-25.9131472,28.0952192,OLIEVENHOUTBOS X13,PHALA STREET,TSH,79900106,https://powerfailure.tshwane.gov.za/Tshwanesms/Map.aspx,"-25.9131,28.0952|OLIEVENHOUTBOS X13#0",2026-09-24 17:14:48.543546+00:00,2026-09-25 05:01:45.026219+00:00,17.74,2026-09-25 10:58:56.127220+00:00
-25.9162962,28.0897525,OLIEVENHOUTBOS X23,SERURUBELE STREET,TSH,79900106,https://powerfailure.tshwane.gov.za/Tshwanesms/Map.aspx,"-25.9163,28.0898|OLIEVENHOUTBOS X23#0",2026-09-24 17:14:48.543546+00:00,2026-09-25 05:01:45.026219+00:00,17.74,2026-09-25 10:58:56.127220+00:00
-25.7250668,28.1278581,CLAREMONT,DEBORAH STREET,TSH,79900055,https://powerfailure.tshwane.gov.za/Tshwanesms/Map.aspx,"-25.7251,28.1279|CLAREMONT#0",2026-09-23 21:32:43.518437+00:00,2026-09-25 05:01:45.026219+00:00,37.44,2026-09-25 10:58:56.127220+00:00
-25.7050028,27.9458826,RIETFONTEIN 485 JQ,PL MVS-189-15-01 (PORTION 146/R),NW372,63702030,https://powerfailure.tshwane.gov.za/Tshwanesms/Map.aspx,"-25.7050,27.9459|RIETFONTEIN 485 JQ#0",2026-09-23 15:54:26.696532+00:00,2026-09-25 05:01:45.026219+00:00,43.07,2026-09-25 10:58:56.127220+00:00
-25.7103563,27.9200001,RIETFONTEIN 485 JQ,MVS-222,NW372,63702030,https://powerfailure.tshwane.gov.za/Tshwanesms/Map.aspx,"-25.7104,27.9200|RIETFONTEIN 485 JQ#0",2026-09-23 15:54:26.696532+00:00,2026-09-25 05:01:45.026219+00:00,43.07,2026-09-25 10:58:56.127220+00:00
-25.7177391,27.9282962,RIETFONTEIN 485-JQ,PL MVS-165-02S-43W-17N (STAND 271),NW372,63702030,https://powerfailure.tshwane.gov.za/Tshwanesms/Map.aspx,"-25.7177,27.9283|RIETFONTEIN 485-JQ#0",2026-09-23 15:54:26.696532+00:00,2026-09-25 05:01:45.026219+00:00,43.07,2026-09-25 10:58:56.127220+00:00
-25.7226096,28.4169597,MAMELODI X12,TSHIPO STREET,TSH,79900040,https://powerfailure.tshwane.gov.za/Tshwanesms/Map.aspx,"-25.7226,28.4170|MAMELODI X12#0",2026-09-23 15:54:26.696532+00:00,2026-09-25 05:01:45.026219+00:00,43.07,2026-09-25 10:58:56.127220+00:00
-25.8340844,28.2668532,ELARDUS PARK,HOFET STREET,TSH,79900047,https://powerfailure.tshwane.gov.za/Tshwanesms/Map.aspx,"-25.8341,28.2669|ELARDUS PARK#0",2026-09-24 17:14:48.543546+00:00,2026-09-25 05:01:45.026219+00:00,17.74,2026-09-25 10:58:56.127220+00:00
-25.7947712,27.8913463,BROEDERSTROOM 481 JQ,BR-016-05-01W,NW372,63702029,https://powerfailure.tshwane.gov.za/Tshwanesms/Map.aspx,"-25.7948,27.8913|BROEDERSTROOM 481 JQ#0",2026-09-24 11:52:55.215094+00:00,2026-09-25 05:01:45.026219+00:00,23.1,2026-09-25 10:58:56.127220+00:00
-25.6981583,27.9828643,KAMEELDRIFT 313-JR,PL MVN-147-11-01,TSH,79900055,https://powerfailure.tshwane.gov.za/Tshwanesms/Map.aspx,"-25.6982,27.9829|KAMEELDRIFT 313-JR#0",2026-09-23 15:54:26.696532+00:00,2026-09-25 05:01:45.026219+00:00,43.07,2026-09-25 10:58:56.127220+00:00
-25.7397114,28.1345252,DANVILLE,PAUL ROOS AVENUE,TSH,79900060,https://powerfailure.tshwane.gov.za/Tshwanesms/Map.aspx,"-25.7397,28.1345|DANVILLE#0",2026-09-23 21:32:43.518437+00:00,2026-09-25 05:01:45.026219+00:00,37.44,2026-09-25 10:58:56.127220+00:00
-25.7390559,28.1355142,DANVILLE,OSLER STREET,TSH,79900060,https://powerfailure.tshwane.gov.za/Tshwanesms/Map.aspx,"-25.7391,28.1355|DANVILLE#0",2026-09-23 21:32:43.518437+00:00,2026-09-25 05:01:45.026219+00:00,37.44,2026-09-25 10:58:56.127220+00:00
-25.7410363,28.1224132,DANVILLE X01,KNIGHT STREET,TSH,79900060,https://powerfailure.tshwane.gov.za/Tshwanesms/Map.aspx,"-25.7410,28.1224|DANVILLE X01#0",2026-09-23 15:54:26.696532+00:00,2026-09-25 05:01:45.026219+00:00,43.07,2026-09-25 10:58:56.127220+00:00
-25.8696824,28.1567242,ELDORAIGNE X18,STANGER AVENUE,TSH,79900069,https://powerfailure.tshwane.gov.za/Tshwanesms/Map.aspx,"-25.8697,28.1567|ELDORAIGNE X18#0",2026-09-23 15:54:26.696532+00:00,2026-09-25 05:01:45.026219+00:00,43.07,2026-09-25 10:58:56.127220+00:00
-25.7055358,28.1489371,DASPOORT,BESS STREET,TSH,79900001,https://powerfailure.tshwane.gov.za/Tshwanesms/Map.aspx,"-25.7055,28.1489|DASPOORT#0",2026-09-23 15:54:26.696532+00:00,2026-09-25 05:01:45.026219+00:00,43.07,2026-09-25 10:58:56.127220+00:00
-25.6985671,28.2364904,VILLIERIA,30TH AVENUE,TSH,79900052,https://powerfailure.tshwane.gov.za/Tshwanesms/Map.aspx,"-25.6986,28.2365|VILLIERIA#0",2026-09-24 11:52:55.215094+00:00,2026-09-25 05:01:45.026219+00:00,23.1,2026-09-25 10:58:56.127220+00:00
-25.7000661,28.2356317,VILLIERIA,30TH AVENUE,TSH,79900052,https://powerfailure.tshwane.gov.za/Tshwanesms/Map.aspx,"-25.7001,28.2356|VILLIERIA#0",2026-09-24 04:53:01.668402+00:00,2026-09-25 05:01:45.026219+00:00,30.1,2026-09-25 10:58:56.127220+00:00
-25.7000575,28.2365051,VILLIERIA,30TH AVENUE,TSH,79900052,https://powerfailure.tshwane.gov.za/Tshwanesms/Map.aspx,"-25.7001,28.2365|VILLIERIA#0",2026-09-24 11:52:55.215094+00:00,2026-09-25 05:01:45.026219+00:00,23.1,2026-09-25 10:58:56.127220+00:00
-25.7012876,28.2354711,VILLIERIA,CUNNINGHAM AVENUE,TSH,79900052,https://powerfailure.tshwane.gov.za/Tshwanesms/Map.aspx,"-25.7013,28.2355|VILLIERIA#0",2026-09-24 04:53:01.668402+00:00,2026-09-25 05:01:45.026219+00:00,30.1,2026-09-25 10:58:56.127220+00:00
-25.7207976,28.2203284,VILLIERIA,19TH AVENUE,TSH,79900053,https://powerfailure.tshwane.gov.za/Tshwanesms/Map.aspx,"-25.7208,28.2203|VILLIERIA#0",2026-09-24 11:52:55.215094+00:00,2026-09-25 05:01:45.026219+00:00,23.1,2026-09-25 10:58:56.127220+00:00
-25.8935934,28.2288225,DOORNKLOOF 391-JR,TWIN RIVERS LANE,TSH,79900065,https://powerfailure.tshwane.gov.za/Tshwanesms/Map.aspx,"-25.8936,28.2288|DOORNKLOOF 391-JR#0",2026-09-23 15:54:26.696532+00:00,2026-09-25 05:01:45.026219+00:00,43.07,2026-09-25 10:58:56.127220+00:00
-25.7217498,28.2476685,QUEENSWOOD,RIST AVENUE,TSH,79900084,https://powerfailure.tshwane.gov.za/Tshwanesms/Map.aspx,"-25.7217,28.2477|QUEENSWOOD#0",2026-09-24 11:52:55.215094+00:00,2026-09-25 05:01:45.026219+00:00,23.1,2026-09-25 10:58:56.127220+00:00
-25.7240844,28.2518141,QUEENSWOOD,GARRETT AVENUE,TSH,79900084,https://powerfailure.tshwane.gov.za/Tshwanesms/Map.aspx,"-25.7241,28.2518|QUEENSWOOD#0",2026-09-24 11:52:55.215094+00:00,2026-09-25 05:01:45.026219+00:00,23.1,2026-09-25 10:58:56.127220+00:00
-25.7244001,28.2517022,QUEENSWOOD,GARRETT AVENUE,TSH,79900084,https://powerfailure.tshwane.gov.za/Tshwanesms/Map.aspx,"-25.7244,28.2517|QUEENSWOOD#0",2026-09-24 11:52:55.215094+00:00,2026-09-25 05:01:45.026219+00:00,23.1,2026-09-25 10:58:56.127220+00:00
-25.7257613,28.2499505,QUEENSWOOD,BOTTRILL LANE,TSH,79900084,https://powerfailure.tshwane.gov.za/Tshwanesms/Map.aspx,"-25.7258,28.2500|QUEENSWOOD#0",2026-09-24 11:52:55.215094+00:00,2026-09-25 05:01:45.026219+00:00,23.1,2026-09-25 10:58:56.127220+00:00
-25.7284549,28.2513105,QUEENSWOOD,GARRETT AVENUE,TSH,79900084,https://powerfailure.tshwane.gov.za/Tshwanesms/Map.aspx,"-25.7285,28.2513|QUEENSWOOD#0",2026-09-24 11:52:55.215094+00:00,2026-09-25 05:01:45.026219+00:00,23.1,2026-09-25 10:58:56.127220+00:00
-25.7294256,28.2530159,QUEENSWOOD,STOREY STREET,TSH,79900084,https://powerfailure.tshwane.gov.za/Tshwanesms/Map.aspx,"-25.7294,28.2530|QUEENSWOOD#0",2026-09-24 11:52:55.215094+00:00,2026-09-25 05:01:45.026219+00:00,23.1,2026-09-25 10:58:56.127220+00:00
-25.7234277,28.2152205,DEERNESS,FRATES ROAD,TSH,79900053,https://powerfailure.tshwane.gov.za/Tshwanesms/Map.aspx,"-25.7234,28.2152|DEERNESS#0",2026-09-23 21:32:43.518437+00:00,2026-09-25 05:01:45.026219+00:00,37.44,2026-09-25 10:58:56.127220+00:00
-25.8527595,28.2143022,DORINGKLOOF,ZAMBESI LANE,TSH,79900078,https://powerfailure.tshwane.gov.za/Tshwanesms/Map.aspx,"-25.8528,28.2143|DORINGKLOOF#0",2026-09-23 15:54:26.696532+00:00,2026-09-25 05:01:45.026219+00:00,43.07,2026-09-25 10:58:56.127220+00:00
-25.7324225,28.0229402,KRAUSEVILLE AH,"LOOTS STREET ,PLMVS-093-15-08W",TSH,79900055,https://powerfailure.tshwane.gov.za/Tshwanesms/Map.aspx,"-25.7324,28.0229|KRAUSEVILLE AH#0",2026-09-23 15:54:26.696532+00:00,2026-09-25 05:01:45.026219+00:00,43.07,2026-09-25 10:58:56.127220+00:00
-25.7242781,28.2155611,DEERNESS,DOWNIE STREET,TSH,79900053,https://powerfailure.tshwane.gov.za/Tshwanesms/Map.aspx,"-25.7243,28.2156|DEERNESS#0",2026-09-23 21:32:43.518437+00:00,2026-09-25 05:01:45.026219+00:00,37.44,2026-09-25 10:58:56.127220+00:00
-25.8567291,28.2027962,DORINGKLOOF,LEONIE STREET,TSH,79900078,https://powerfailure.tshwane.gov.za/Tshwanesms/Map.aspx,"-25.8567,28.2028|DORINGKLOOF#0",2026-09-23 15:54:26.696532+00:00,2026-09-25 05:01:45.026219+00:00,43.07,2026-09-25 10:58:56.127220+00:00
-25.7532959,28.3022507,MURRAYFIELD X01,GLOUDINA ROAD,TSH,79900046,https://powerfailure.tshwane.gov.za/Tshwanesms/Map.aspx,"-25.7533,28.3023|MURRAYFIELD X01#0",2026-09-24 11:52:55.215094+00:00,2026-09-25 05:01:45.026219+00:00,23.1,2026-09-25 10:58:56.127220+00:00
-25.910521,28.0949947,OLIEVENHOUTBOS X13,UMPHAFA STREET,TSH,79900106,https://powerfailure.tshwane.gov.za/Tshwanesms/Map.aspx,"-25.9105,28.0950|OLIEVENHOUTBOS X13#0",2026-09-24 17:14:48.543546+00:00,2026-09-25 05:01:45.026219+00:00,17.74,2026-09-25 10:58:56.127220+00:00
-25.7704552,28.0498378,SAULSVILLE,LEBALA STREET,TSH,79900063,https://powerfailure.tshwane.gov.za/Tshwanesms/Map.aspx,"-25.7705,28.0498|SAULSVILLE#0",2026-09-24 21:33:51.861461+00:00,2026-09-25 05:01:45.026219+00:00,13.42,2026-09-25 10:58:56.127220+00:00
-25.7026201,28.3733639,MAMELODI,STAND 10711,TSH,79900023,https://powerfailure.tshwane.gov.za/Tshwanesms/Map.aspx,"-25.7026,28.3734|MAMELODI#0",2026-09-23 15:54:26.696532+00:00,2026-09-25 11:54:53.380939+00:00,49.35,2026-09-25 17:15:35.006199+00:00
-25.6386956,28.0882002,THE ORCHARDS X21,ANDRIES VAN COLLER STREET,TSH,79900004,https://powerfailure.tshwane.gov.za/Tshwanesms/Map.aspx,"-25.6387,28.0882|THE ORCHARDS X21#0",2026-09-24 11:52:55.215094+00:00,2026-09-25 11:54:53.380939+00:00,29.38,2026-09-25 17:15:35.006199+00:00
-25.7098218,28.1430577,DASPOORT,WABOOM STREET,TSH,79900001,https://powerfailure.tshwane.gov.za/Tshwanesms/Map.aspx,"-25.7098,28.1431|DASPOORT#0",2026-09-25 10:58:56.127220+00:00,2026-09-25 11:54:53.380939+00:00,6.28,2026-09-25 17:15:35.006199+00:00
-25.9200936,28.092934,OLIEVENHOUTBOS X24,TSWIMI STREET,TSH,79900106,https://powerfailure.tshwane.gov.za/Tshwanesms/Map.aspx,"-25.9201,28.0929|OLIEVENHOUTBOS X24#0",2026-09-24 17:14:48.543546+00:00,2026-09-25 11:54:53.380939+00:00,24.01,2026-09-25 17:15:35.006199+00:00
-25.4713667,28.0901671,SOSHANGUVE-GG,STAND 1105,TSH,79900094,https://powerfailure.tshwane.gov.za/Tshwanesms/Map.aspx,"-25.4714,28.0902|SOSHANGUVE-GG#0",2026-09-24 17:14:48.543546+00:00,2026-09-25 11:54:53.380939+00:00,24.01,2026-09-25 17:15:35.006199+00:00
-25.871898,28.1496901,WIERDAPARK X02,UVONGO STREET,TSH,79900069,https://powerfailure.tshwane.gov.za/Tshwanesms/Map.aspx,"-25.8719,28.1497|WIERDAPARK X02#0",2026-09-24 11:52:55.215094+00:00,2026-09-25 11:54:53.380939+00:00,29.38,2026-09-25 17:15:35.006199+00:00
-25.8717995,28.1505606,WIERDAPARK X02,UVONGO STREET,TSH,79900069,https://powerfailure.tshwane.gov.za/Tshwanesms/Map.aspx,"-25.8718,28.1506|WIERDAPARK X02#0",2026-09-24 11:52:55.215094+00:00,2026-09-25 11:54:53.380939+00:00,29.38,2026-09-25 17:15:35.006199+00:00
-25.7260918,28.3837512,MAMELODI,STAND 20842,TSH,79900018,https://powerfailure.tshwane.gov.za/Tshwanesms/Map.aspx,"-25.7261,28.3838|MAMELODI#0",2026-09-23 15:54:26.696532+00:00,2026-09-25 11:54:53.380939+00:00,49.35,2026-09-25 17:15:35.006199+00:00
-25.87211,28.1506184,WIERDAPARK X02,BRITS AVENUE,TSH,79900069,https://powerfailure.tshwane.gov.za/Tshwanesms/Map.aspx,"-25.8721,28.1506|WIERDAPARK X02#0",2026-09-24 21:33:51.861461+00:00,2026-09-25 11:54:53.380939+00:00,19.7,2026-09-25 17:15:35.006199+00:00
-25.8715542,28.1500132,WIERDAPARK X02,UVONGO STREET,TSH,79900069,https://powerfailure.tshwane.gov.za/Tshwanesms/Map.aspx,"-25.8716,28.1500|WIERDAPARK X02#0",2026-09-24 11:52:55.215094+00:00,2026-09-25 11:54:53.380939+00:00,29.38,2026-09-25 17:15:35.006199+00:00
-25.8718426,28.1515672,WIERDAPARK X02,FICKSBURG STREET,TSH,79900069,https://powerfailure.tshwane.gov.za/Tshwanesms/Map.aspx,"-25.8718,28.1516|WIERDAPARK X02#0",2026-09-24 17:14:48.543546+00:00,2026-09-25 11:54:53.380939+00:00,24.01,2026-09-25 17:15:35.006199+00:00
-25.8005694,28.309135,GARSFONTEIN X04,JACQUELINE DRIVE,TSH,79900045,https://powerfailure.tshwane.gov.za/Tshwanesms/Map.aspx,"-25.8006,28.3091|GARSFONTEIN X04#0",2026-09-25 10:58:56.127220+00:00,2026-09-25 11:54:53.380939+00:00,6.28,2026-09-25 17:15:35.006199+00:00
-25.8724452,28.1498911,WIERDAPARK X02,UVONGO STREET,TSH,79900069,https://powerfailure.tshwane.gov.za/Tshwanesms/Map.aspx,"-25.8724,28.1499|WIERDAPARK X02#0",2026-09-24 17:14:48.543546+00:00,2026-09-25 11:54:53.380939+00:00,24.01,2026-09-25 17:15:35.006199+00:00
-25.787907,28.272491,NEWLANDS X01,BALI AVENUE,TSH,79900083,https://powerfailure.tshwane.gov.za/Tshwanesms/Map.aspx,"-25.7879,28.2725|NEWLANDS X01#0",2026-09-24 11:52:55.215094+00:00,2026-09-25 11:54:53.380939+00:00,29.38,2026-09-25 17:15:35.006199+00:00
-25.7852199,28.0773106,LAUDIUM X03,BENGAL STREET,TSH,79900061,https://powerfailure.tshwane.gov.za/Tshwanesms/Map.aspx,"-25.7852,28.0773|LAUDIUM X03#0",2026-09-24 21:33:51.861461+00:00,2026-09-25 11:54:53.380939+00:00,19.7,2026-09-25 17:15:35.006199+00:00
-25.7849199,28.0832399,LAUDIUM X03,BENGAL STREET,TSH,79900061,https://powerfailure.tshwane.gov.za/Tshwanesms/Map.aspx,"-25.7849,28.0832|LAUDIUM X03#0",2026-09-24 11:52:55.215094+00:00,2026-09-25 11:54:53.380939+00:00,29.38,2026-09-25 17:15:35.006199+00:00
-25.6900983,28.41263,MAHUBE VALLEY X01,REV S C NTULI STREET,TSH,79900093,https://powerfailure.tshwane.gov.za/Tshwanesms/Map.aspx,"-25.6901,28.4126|MAHUBE VALLEY X01#0",2026-09-25 11:54:53.380939+00:00,2026-09-25 11:54:53.380939+00:00,5.34,2026-09-25 17:15:35.006199+00:00
-25.8712917,28.150447,WIERDAPARK X02,UVONGO STREET,TSH,79900069,https://powerfailure.tshwane.gov.za/Tshwanesms/Map.aspx,"-25.8713,28.1504|WIERDAPARK X02#0",2026-09-23 15:54:26.696532+00:00,2026-09-25 11:54:53.380939+00:00,49.35,2026-09-25 17:15:35.006199+00:00
-25.8717261,28.1498516,WIERDAPARK X02,UVONGO STREET,TSH,79900069,https://powerfailure.tshwane.gov.za/Tshwanesms/Map.aspx,"-25.8717,28.1499|WIERDAPARK X02#0",2026-09-24 11:52:55.215094+00:00,2026-09-25 11:54:53.380939+00:00,29.38,2026-09-25 17:15:35.006199+00:00
-25.7119995,28.1884676,ELOFFSDAL,WEGERLE AVENUE,TSH,79900053,https://powerfailure.tshwane.gov.za/Tshwanesms/Map.aspx,"-25.7120,28.1885|ELOFFSDAL#0",2026-09-25 05:01:45.026219+00:00,2026-09-26 04:51:34.754667+00:00,33.39,2026-09-26 14:25:10.204350+00:00
-25.7099174,28.2298386,VILLIERIA,.,TSH,79900053,https://powerfailure.tshwane.gov.za/Tshwanesms/Map.aspx,"-25.7099,28.2298|VILLIERIA#0",2026-09-23 15:54:26.696532+00:00,2026-09-26 04:51:34.754667+00:00,70.51,2026-09-26 14:25:10.204350+00:00
-25.7258142,28.2413185,VILLIERIA,COMBRINK STREET,TSH,79900084,https://powerfailure.tshwane.gov.za/Tshwanesms/Map.aspx,"-25.7258,28.2413|VILLIERIA#0",2026-09-23 15:54:26.696532+00:00,2026-09-26 04:51:34.754667+00:00,70.51,2026-09-26 14:25:10.204350+00:00
-25.7239817,28.2138762,RIETFONTEIN,JACOBS STREET,TSH,79900053,https://powerfailure.tshwane.gov.za/Tshwanesms/Map.aspx,"-25.7240,28.2139|RIETFONTEIN#0",2026-09-25 05:01:45.026219+00:00,2026-09-26 04:51:34.754667+00:00,33.39,2026-09-26 14:25:10.204350+00:00
-25.7221426,28.2146439,RIETFONTEIN,15TH AVENUE,TSH,79900053,https://powerfailure.tshwane.gov.za/Tshwanesms/Map.aspx,"-25.7221,28.2146|RIETFONTEIN#0",2026-09-25 05:01:45.026219+00:00,2026-09-26 04:51:34.754667+00:00,33.39,2026-09-26 14:25:10.204350+00:00
-25.7216171,28.2160619,RIETFONTEIN,16TH AVENUE,TSH,79900053,https://powerfailure.tshwane.gov.za/Tshwanesms/Map.aspx,"-25.7216,28.2161|RIETFONTEIN#0",2026-09-24 21:33:51.861461+00:00,2026-09-26 04:51:34.754667+00:00,40.86,2026-09-26 14:25:10.204350+00:00
-25.7221036,28.213686,RIETFONTEIN,15TH AVENUE,TSH,79900053,https://powerfailure.tshwane.gov.za/Tshwanesms/Map.aspx,"-25.7221,28.2137|RIETFONTEIN#0",2026-09-25 05:01:45.026219+00:00,2026-09-26 04:51:34.754667+00:00,33.39,2026-09-26 14:25:10.204350+00:00
-25.721315,28.2128588,RIETFONTEIN,ELLA STREET,TSH,79900053,https://powerfailure.tshwane.gov.za/Tshwanesms/Map.aspx,"-25.7213,28.2129|RIETFONTEIN#0",2026-09-25 05:01:45.026219+00:00,2026-09-26 04:51:34.754667+00:00,33.39,2026-09-26 14:25:10.204350+00:00
-25.721315,28.2128588,RIETFONTEIN,ELLA STREET,TSH,79900053,https://powerfailure.tshwane.gov.za/Tshwanesms/Map.aspx,"-25.7213,28.2129|RIETFONTEIN#1",2026-09-25 05:01:45.026219+00:00,2026-09-26 04:51:34.754667+00:00,33.39,2026-09-26 14:25:10.204350+00:00
-25.721315,28.2128588,RIETFONTEIN,ELLA STREET,TSH,79900053,https://powerfailure.tshwane.gov.za/Tshwanesms/Map.aspx,"-25.7213,28.2129|RIETFONTEIN#2",2026-09-25 05:01:45.026219+00:00,2026-09-26 04:51:34.754667+00:00,33.39,2026-09-26 14:25:10.204350+00:00
-25.721315,28.2128588,RIETFONTEIN,ELLA STREET,TSH,79900053,https://powerfailure.tshwane.gov.za/Tshwanesms/Map.aspx,"-25.7213,28.2129|RIETFONTEIN#3",2026-09-25 10:58:56.127220+00:00,2026-09-26 04:51:34.754667+00:00,27.44,2026-09-26 14:25:10.204350+00:00
-25.721315,28.2128588,RIETFONTEIN,ELLA STREET,TSH,79900053,https://powerfailure.tshwane.gov.za/Tshwanesms/Map.aspx,"-25.7213,28.2129|RIETFONTEIN#4",2026-09-25 10:58:56.127220+00:00,2026-09-26 04:51:34.754667+00:00,27.44,2026-09-26 14:25:10.204350+00:00
-25.7139307,28.215087,RIETFONTEIN,16TH AVENUE,TSH,79900053,https://powerfailure.tshwane.gov.za/Tshwanesms/Map.aspx,"-25.7139,28.2151|RIETFONTEIN#0",2026-09-25 05:01:45.026219+00:00,2026-09-26 04:51:34.754667+00:00,33.39,2026-09-26 14:25:10.204350+00:00
-25.7243919,28.2142434,RIETFONTEIN,15TH AVENUE,TSH,79900053,https://powerfailure.tshwane.gov.za/Tshwanesms/Map.aspx,"-25.7244,28.2142|RIETFONTEIN#0",2026-09-25 10:58:56.127220+00:00,2026-09-26 04:51:34.754667+00:00,27.44,2026-09-26 14:25:10.204350+00:00
-25.7665216,28.2636623,LYNNWOOD,THE RAND THE RAND,TSH,79900082,https://powerfailure.tshwane.gov.za/Tshwanesms/Map.aspx,"-25.7665,28.2637|LYNNWOOD#0",2026-09-24 11:52:55.215094+00:00,2026-09-26 04:51:34.754667+00:00,50.54,2026-09-26 14:25:10.204350+00:00
-25.6989313,28.202886,WONDERBOOM SOUTH,TENTH AVENUE,TSH,79900054,https://powerfailure.tshwane.gov.za/Tshwanesms/Map.aspx,"-25.6989,28.2029|WONDERBOOM SOUTH#0",2026-09-24 11:52:55.215094+00:00,2026-09-26 04:51:34.754667+00:00,50.54,2026-09-26 14:25:10.204350+00:00
-25.7129877,28.1824313,ELOFFSDAL X04,CASPER AVENUE,TSH,79900001,https://powerfailure.tshwane.gov.za/Tshwanesms/Map.aspx,"-25.7130,28.1824|ELOFFSDAL X04#0",2026-09-25 10:58:56.127220+00:00,2026-09-26 04:51:34.754667+00:00,27.44,2026-09-26 14:25:10.204350+00:00
-25.7153506,28.2259586,VILLIERIA,TERBLANCHE STREET,TSH,79900053,https://powerfailure.tshwane.gov.za/Tshwanesms/Map.aspx,"-25.7154,28.2260|VILLIERIA#0",2026-09-25 17:15:35.006199+00:00,2026-09-26 04:51:34.754667+00:00,21.16,2026-09-26 14:25:10.204350+00:00
-25.7096005,28.2002805,MAYVILLE,FRED NICHOLSON STREET,TSH,79900053,https://powerfailure.tshwane.gov.za/Tshwanesms/Map.aspx,"-25.7096,28.2003|MAYVILLE#0",2026-09-25 05:01:45.026219+00:00,2026-09-26 04:51:34.754667+00:00,33.39,2026-09-26 14:25:10.204350+00:00
-25.7215681,28.2145417,RIETFONTEIN,ELLA STREET,TSH,79900053,https://powerfailure.tshwane.gov.za/Tshwanesms/Map.aspx,"-25.7216,28.2145|RIETFONTEIN#0",2026-09-25 10:58:56.127220+00:00,2026-09-26 04:51:34.754667+00:00,27.44,2026-09-26 14:25:10.204350+00:00
-25.7580801,28.2329759,BROOKLYN,HAY STREET,TSH,79900056,https://powerfailure.tshwane.gov.za/Tshwanesms/Map.aspx,"-25.7581,28.2330|BROOKLYN#0",2026-09-24 21:33:51.861461+00:00,2026-09-26 04:51:34.754667+00:00,40.86,2026-09-26 14:25:10.204350+00:00
-25.8011511,28.1564719,VALHALLA,FJORD ROAD,TSH,79900066,https://powerfailure.tshwane.gov.za/Tshwanesms/Map.aspx,"-25.8012,28.1565|VALHALLA#0",2026-09-24 21:33:51.861461+00:00,2026-09-26 04:51:34.754667+00:00,40.86,2026-09-26 14:25:10.204350+00:00
-25.8001736,28.2605802,WATERKLOOF HEIGHTS X07,ADINA ROAD,TSH,79900042,https://powerfailure.tshwane.gov.za/Tshwanesms/Map.aspx,"-25.8002,28.2606|WATERKLOOF HEIGHTS X07#0",2026-09-23 15:54:26.696532+00:00,2026-09-26 04:51:34.754667+00:00,70.51,2026-09-26 14:25:10.204350+00:00
-25.8001736,28.2605802,WATERKLOOF HEIGHTS X07,ADINA ROAD,TSH,79900042,https://powerfailure.tshwane.gov.za/Tshwanesms/Map.aspx,"-25.8002,28.2606|WATERKLOOF HEIGHTS X07#1",2026-09-23 15:54:26.696532+00:00,2026-09-26 04:51:34.754667+00:00,70.51,2026-09-26 14:25:10.204350+00:00
-25.7155982,28.2261681,VILLIERIA,23RD AVENUE,TSH,79900053,https://powerfailure.tshwane.gov.za/Tshwanesms/Map.aspx,"-25.7156,28.2262|VILLIERIA#0",2026-09-24 21:33:51.861461+00:00,2026-09-26 04:51:34.754667+00:00,40.86,2026-09-26 14:25:10.204350+00:00
-25.671641,28.2046928,ANNLIN X04,MARJORAM AVENUE,TSH,79900050,https://powerfailure.tshwane.gov.za/Tshwanesms/Map.aspx,"-25.6716,28.2047|ANNLIN X04#0",2026-09-25 17:15:35.006199+00:00,2026-09-26 04:51:34.754667+00:00,21.16,2026-09-26 14:25:10.204350+00:00
-25.5480214,28.0828991,SOSHANGUVE-M X01,STAND 1862,TSH,79900036,https://powerfailure.tshwane.gov.za/Tshwanesms/Map.aspx,"-25.5480,28.0829|SOSHANGUVE-M X01#0",2026-09-25 10:58:56.127220+00:00,2026-09-26 04:51:34.754667+00:00,27.44,2026-09-26 14:25:10.204350+00:00
-25.721223,28.2135415,RIETFONTEIN,ELLA STREET,TSH,79900053,https://powerfailure.tshwane.gov.za/Tshwanesms/Map.aspx,"-25.7212,28.2135|RIETFONTEIN#0",2026-09-25 05:01:45.026219+00:00,2026-09-26 04:51:34.754667+00:00,33.39,2026-09-26 14:25:10.204350+00:00
-25.7280393,28.2146603,RIETFONTEIN,15TH AVENUE,TSH,79900053,https://powerfailure.tshwane.gov.za/Tshwanesms/Map.aspx,"-25.7280,28.2147|RIETFONTEIN#0",2026-09-24 17:14:48.543546+00:00,2026-09-26 04:51:34.754667+00:00,45.17,2026-09-26 14:25:10.204350+00:00
-25.721818,28.2152884,RIETFONTEIN,.,TSH,79900053,https://powerfailure.tshwane.gov.za/Tshwanesms/Map.aspx,"-25.7218,28.2153|RIETFONTEIN#0",2026-09-25 05:01:45.026219+00:00,2026-09-26 04:51:34.754667+00:00,33.39,2026-09-26 14:25:10.204350+00:00
-25.7522362,28.1939054,PRETORIA,LILIAN NGOYI STREET,TSH,79900080,https://powerfailure.tshwane.gov.za/Tshwanesms/Map.aspx,"-25.7522,28.1939|PRETORIA#0",2026-09-23 15:54:26.696532+00:00,2026-09-26 04:51:34.754667+00:00,70.51,2026-09-26 14:25:10.204350+00:00
-25.7033164,28.3742392,MAMELODI,STAND 10867,TSH,79900023,https://powerfailure.tshwane.gov.za/Tshwanesms/Map.aspx,"-25.7033,28.3742|MAMELODI#0",2026-09-23 15:54:26.696532+00:00,2026-09-26 04:51:34.754667+00:00,70.51,2026-09-26 14:25:10.204350+00:00
-25.8827893,28.0464241,PEACH TREE X01,STAND,TSH,79900048,https://powerfailure.tshwane.gov.za/Tshwanesms/Map.aspx,"-25.8828,28.0464|PEACH TREE X01#0",2026-09-25 10:58:56.127220+00:00,2026-09-26 04:51:34.754667+00:00,27.44,2026-09-26 14:25:10.204350+00:00
-25.7287381,28.3512681,NELLMAPIUS X15,STAND,TSH,79900028,https://powerfailure.tshwane.gov.za/Tshwanesms/Map.aspx,"-25.7287,28.3513|NELLMAPIUS X15#0",2026-09-25 10:58:56.127220+00:00,2026-09-26 04:51:34.754667+00:00,27.44,2026-09-26 14:25:10.204350+00:00
-25.7218137,28.21459,RIETFONTEIN,15TH AVENUE,TSH,79900053,https://powerfailure.tshwane.gov.za/Tshwanesms/Map.aspx,"-25.7218,28.2146|RIETFONTEIN#0",2026-09-25 05:01:45.026219+00:00,2026-09-26 04:51:34.754667+00:00,33.39,2026-09-26 14:25:10.204350+00:00
-25.7582044,28.4213213,MOOIPLAATS 367-JR,PL D-186-04,TSH,79900100,https://powerfailure.tshwane.gov.za/Tshwanesms/Map.aspx,"-25.7582,28.4213|MOOIPLAATS 367-JR#0",2026-09-26 04:51:34.754667+00:00,2026-09-26 04:51:34.754667+00:00,9.56,2026-09-26 14:25:10.204350+00:00
-25.7070304,28.2050497,WONDERBOOM SOUTH,HERTZOG STREET,TSH,79900054,https://powerfailure.tshwane.gov.za/Tshwanesms/Map.aspx,"-25.7070,28.2050|WONDERBOOM SOUTH#0",2026-09-24 11:52:55.215094+00:00,2026-09-26 04:51:34.754667+00:00,50.54,2026-09-26 14:25:10.204350+00:00
-25.7219782,28.2146169,RIETFONTEIN,15TH AVENUE,TSH,79900053,https://powerfailure.tshwane.gov.za/Tshwanesms/Map.aspx,"-25.7220,28.2146|RIETFONTEIN#0",2026-09-25 05:01:45.026219+00:00,2026-09-26 04:51:34.754667+00:00,33.39,2026-09-26 14:25:10.204350+00:00
-25.7154676,28.2417649,VILLIERIA,TERBLANCHE STREET,TSH,79900052,https://powerfailure.tshwane.gov.za/Tshwanesms/Map.aspx,"-25.7155,28.2418|VILLIERIA#0",2026-09-25 10:58:56.127220+00:00,2026-09-26 04:51:34.754667+00:00,27.44,2026-09-26 14:25:10.204350+00:00
-25.7174383,28.2247135,VILLIERIA,22ND AVENUE,TSH,79900053,https://powerfailure.tshwane.gov.za/Tshwanesms/Map.aspx,"-25.7174,28.2247|VILLIERIA#0",2026-09-25 05:01:45.026219+00:00,2026-09-26 04:51:34.754667+00:00,33.39,2026-09-26 14:25:10.204350+00:00
-25.7238464,28.2141264,RIETFONTEIN,JACOBS STREET,TSH,79900053,https://powerfailure.tshwane.gov.za/Tshwanesms/Map.aspx,"-25.7238,28.2141|RIETFONTEIN#0",2026-09-25 05:01:45.026219+00:00,2026-09-26 04:51:34.754667+00:00,33.39,2026-09-26 14:25:10.204350+00:00
-25.7210977,28.2144724,RIETFONTEIN,ELLA STREET,TSH,79900053,https://powerfailure.tshwane.gov.za/Tshwanesms/Map.aspx,"-25.7211,28.2145|RIETFONTEIN#0",2026-09-25 10:58:56.127220+00:00,2026-09-26 04:51:34.754667+00:00,27.44,2026-09-26 14:25:10.204350+00:00
-25.7207434,28.2168329,RIETFONTEIN,ELLA STREET,TSH,79900053,https://powerfailure.tshwane.gov.za/Tshwanesms/Map.aspx,"-25.7207,28.2168|RIETFONTEIN#0",2026-09-25 05:01:45.026219+00:00,2026-09-26 04:51:34.754667+00:00,33.39,2026-09-26 14:25:10.204350+00:00
-25.7371096,28.3802472,NELLMAPIUS X7,MUSUKU STREET,TSH,79900015,https://powerfailure.tshwane.gov.za/Tshwanesms/Map.aspx,"-25.7371,28.3802|NELLMAPIUS X7#0",2026-09-24 11:52:55.215094+00:00,2026-09-26 04:51:34.754667+00:00,50.54,2026-09-26 14:25:10.204350+00:00
-25.4633797,28.0929241,SOSHANGUVE-GG,STAND 579,TSH,79900094,https://powerfailure.tshwane.gov.za/Tshwanesms/Map.aspx,"-25.4634,28.0929|SOSHANGUVE-GG#0",2026-09-23 15:54:26.696532+00:00,2026-09-26 04:51:34.754667+00:00,70.51,2026-09-26 14:25:10.204350+00:00
-25.7914902,28.1116489,CLAUDIUS X01,SASTRI AVENUE,TSH,79900061,https://powerfailure.tshwane.gov.za/Tshwanesms/Map.aspx,"-25.7915,28.1116|CLAUDIUS X01#0",2026-09-25 10:58:56.127220+00:00,2026-09-26 04:51:34.754667+00:00,27.44,2026-09-26 14:25:10.204350+00:00
-25.7101878,28.1993228,MAYVILLE,8TH AVENUE,TSH,79900053,https://powerfailure.tshwane.gov.za/Tshwanesms/Map.aspx,"-25.7102,28.1993|MAYVILLE#0",2026-09-25 10:58:56.127220+00:00,2026-09-26 04:51:34.754667+00:00,27.44,2026-09-26 14:25:10.204350+00:00
-25.7605131,28.2457584,MENLO PARK,LYNNWOOD ROAD,TSH,79900082,https://powerfailure.tshwane.gov.za/Tshwanesms/Map.aspx,"-25.7605,28.2458|MENLO PARK#0",2026-09-25 10:58:56.127220+00:00,2026-09-26 04:51:34.754667+00:00,27.44,2026-09-26 14:25:10.204350+00:00
-25.7240244,28.2135935,RIETFONTEIN,JACOBS STREET,TSH,79900053,https://powerfailure.tshwane.gov.za/Tshwanesms/Map.aspx,"-25.7240,28.2136|RIETFONTEIN#0",2026-09-25 05:01:45.026219+00:00,2026-09-26 04:51:34.754667+00:00,33.39,2026-09-26 14:25:10.204350+00:00
-25.7224303,28.2137396,RIETFONTEIN,15TH AVENUE,TSH,79900053,https://powerfailure.tshwane.gov.za/Tshwanesms/Map.aspx,"-25.7224,28.2137|RIETFONTEIN#0",2026-09-25 10:58:56.127220+00:00,2026-09-26 04:51:34.754667+00:00,27.44,2026-09-26 14:25:10.204350+00:00
-25.723399,28.2134268,RIETFONTEIN,JACOBS STREET,TSH,79900053,https://powerfailure.tshwane.gov.za/Tshwanesms/Map.aspx,"-25.7234,28.2134|RIETFONTEIN#0",2026-09-25 05:01:45.026219+00:00,2026-09-26 04:51:34.754667+00:00,33.39,2026-09-26 14:25:10.204350+00:00
-25.7218074,28.2127651,RIETFONTEIN,ELLA STREET,TSH,79900053,https://powerfailure.tshwane.gov.za/Tshwanesms/Map.aspx,"-25.7218,28.2128|RIETFONTEIN#0",2026-09-25 05:01:45.026219+00:00,2026-09-26 04:51:34.754667+00:00,33.39,2026-09-26 14:25:10.204350+00:00
-25.7215323,28.2152019,RIETFONTEIN,ELLA STREET,TSH,79900053,https://powerfailure.tshwane.gov.za/Tshwanesms/Map.aspx,"-25.7215,28.2152|RIETFONTEIN#0",2026-09-25 05:01:45.026219+00:00,2026-09-26 04:51:34.754667+00:00,33.39,2026-09-26 14:25:10.204350+00:00
-25.7230902,28.2138479,RIETFONTEIN,15TH AVENUE,TSH,79900053,https://powerfailure.tshwane.gov.za/Tshwanesms/Map.aspx,"-25.7231,28.2138|RIETFONTEIN#0",2026-09-25 10:58:56.127220+00:00,2026-09-26 04:51:34.754667+00:00,27.44,2026-09-26 14:25:10.204350+00:00
-25.7144422,28.2253743,VILLIERIA,23RD AVENUE,TSH,79900053,https://powerfailure.tshwane.gov.za/Tshwanesms/Map.aspx,"-25.7144,28.2254|VILLIERIA#0",2026-09-24 11:52:55.215094+00:00,2026-09-26 04:51:34.754667+00:00,50.54,2026-09-26 14:25:10.204350+00:00
-25.5090197,28.1159569,SOSHANGUVE-G,STAND 1165,TSH,79900033,https://powerfailure.tshwane.gov.za/Tshwanesms/Map.aspx,"-25.5090,28.1160|SOSHANGUVE-G#0",2026-09-24 17:14:48.543546+00:00,2026-09-26 04:51:34.754667+00:00,45.17,2026-09-26 14:25:10.204350+00:00
-25.7107033,28.1992605,MAYVILLE,8TH AVENUE,TSH,79900053,https://powerfailure.tshwane.gov.za/Tshwanesms/Map.aspx,"-25.7107,28.1993|MAYVILLE#0",2026-09-25 05:01:45.026219+00:00,2026-09-26 04:51:34.754667+00:00,33.39,2026-09-26 14:25:10.204350+00:00
-25.7219391,28.213659,RIETFONTEIN,15TH AVENUE,TSH,79900053,https://powerfailure.tshwane.gov.za/Tshwanesms/Map.aspx,"-25.7219,28.2137|RIETFONTEIN#0",2026-09-25 05:01:45.026219+00:00,2026-09-26 04:51:34.754667+00:00,33.39,2026-09-26 14:25:10.204350+00:00
-25.7234314,28.2131863,RIETFONTEIN,JACOBS STREET,TSH,79900053,https://powerfailure.tshwane.gov.za/Tshwanesms/Map.aspx,"-25.7234,28.2132|RIETFONTEIN#0",2026-09-25 05:01:45.026219+00:00,2026-09-26 04:51:34.754667+00:00,33.39,2026-09-26 14:25:10.204350+00:00
-25.7214999,28.2154424,RIETFONTEIN,16TH AVENUE,TSH,79900053,https://powerfailure.tshwane.gov.za/Tshwanesms/Map.aspx,"-25.7215,28.2154|RIETFONTEIN#0",2026-09-25 10:58:56.127220+00:00,2026-09-26 04:51:34.754667+00:00,27.44,2026-09-26 14:25:10.204350+00:00
-25.7751987,28.2719009,LYNNWOOD,THATCHERS FIELDS THATCHERS FIELD,TSH,79900082,https://powerfailure.tshwane.gov.za/Tshwanesms/Map.aspx,"-25.7752,28.2719|LYNNWOOD#0",2026-09-23 15:54:26.696532+00:00,2026-09-26 04:51:34.754667+00:00,70.51,2026-09-26 14:25:10.204350+00:00
-25.7301207,28.1942022,CAPITAL PARK,6TH AVENUE,TSH,79900058,https://powerfailure.tshwane.gov.za/Tshwanesms/Map.aspx,"-25.7301,28.1942|CAPITAL PARK#0",2026-09-25 10:58:56.127220+00:00,2026-09-26 04:51:34.754667+00:00,27.44,2026-09-26 14:25:10.204350+00:00
-25.8117852,28.2001613,LYTTELTON MANOR X01,MAITLAND AVENUE,TSH,79900057,https://powerfailure.tshwane.gov.za/Tshwanesms/Map.aspx,"-25.8118,28.2002|LYTTELTON MANOR X01#0",2026-09-24 11:52:55.215094+00:00,2026-09-26 04:51:34.754667+00:00,50.54,2026-09-26 14:25:10.204350+00:00
-25.8135549,28.2006873,LYTTELTON MANOR X01,MAITLAND AVENUE,TSH,79900057,https://powerfailure.tshwane.gov.za/Tshwanesms/Map.aspx,"-25.8136,28.2007|LYTTELTON MANOR X01#0",2026-09-24 04:53:01.668402+00:00,2026-09-26 04:51:34.754667+00:00,57.54,2026-09-26 14:25:10.204350+00:00
-25.7300158,28.1945151,CAPITAL PARK,HEUWEL STREET,TSH,79900058,https://powerfailure.tshwane.gov.za/Tshwanesms/Map.aspx,"-25.7300,28.1945|CAPITAL PARK#0",2026-09-25 10:58:56.127220+00:00,2026-09-26 04:51:34.754667+00:00,27.44,2026-09-26 14:25:10.204350+00:00
-25.4519315,28.0967665,SOSHANGUVE-HH,STAND 1687,TSH,79900094,https://powerfailure.tshwane.gov.za/Tshwanesms/Map.aspx,"-25.4519,28.0968|SOSHANGUVE-HH#0",2026-09-25 17:15:35.006199+00:00,2026-09-26 04:51:34.754667+00:00,21.16,2026-09-26 14:25:10.204350+00:00
-25.8473098,28.2023876,LYTTELTON MANOR X03,GLOVER AVENUE,TSH,79900057,https://powerfailure.tshwane.gov.za/Tshwanesms/Map.aspx,"-25.8473,28.2024|LYTTELTON MANOR X03#0",2026-09-23 21:32:43.518437+00:00,2026-09-26 04:51:34.754667+00:00,64.87,2026-09-26 14:25:10.204350+00:00
-25.8494924,28.2118048,LYTTELTON MANOR X03,LIMPOPO AVENUE,TSH,79900057,https://powerfailure.tshwane.gov.za/Tshwanesms/Map.aspx,"-25.8495,28.2118|LYTTELTON MANOR X03#0",2026-09-23 15:54:26.696532+00:00,2026-09-26 04:51:34.754667+00:00,70.51,2026-09-26 14:25:10.204350+00:00
-25.7535755,28.195819,PRETORIA,MINNAAR STREET,TSH,79900080,https://powerfailure.tshwane.gov.za/Tshwanesms/Map.aspx,"-25.7536,28.1958|PRETORIA#0",2026-09-23 15:54:26.696532+00:00,2026-09-26 04:51:34.754667+00:00,70.51,2026-09-26 14:25:10.204350+00:00
-25.7468233,28.1694481,PRETORIA,RETIEF STREET,TSH,79900058,https://powerfailure.tshwane.gov.za/Tshwanesms/Map.aspx,"-25.7468,28.1694|PRETORIA#0",2026-09-23 15:54:26.696532+00:00,2026-09-26 04:51:34.754667+00:00,70.51,2026-09-26 14:25:10.204350+00:00
-25.7094567,28.1789622,ROSEVILLE,BOOYSEN STREET,TSH,79900001,https://powerfailure.tshwane.gov.za/Tshwanesms/Map.aspx,"-25.7095,28.1790|ROSEVILLE#0",2026-09-23 15:54:26.696532+00:00,2026-09-26 04:51:34.754667+00:00,70.51,2026-09-26 14:25:10.204350+00:00
-25.8967635,28.1105525,RUA VISTA X12,FALCON STREET,TSH,79900077,https://powerfailure.tshwane.gov.za/Tshwanesms/Map.aspx,"-25.8968,28.1106|RUA VISTA X12#0",2026-09-25 10:58:56.127220+00:00,2026-09-26 04:51:34.754667+00:00,27.44,2026-09-26 14:25:10.204350+00:00
-25.8434816,28.2103968,LYTTELTON MANOR X03,AMKOR ROAD,TSH,79900057,https://powerfailure.tshwane.gov.za/Tshwanesms/Map.aspx,"-25.8435,28.2104|LYTTELTON MANOR X03#0",2026-09-23 21:32:43.518437+00:00,2026-09-26 04:51:34.754667+00:00,64.87,2026-09-26 14:25:10.204350+00:00
-25.8485277,28.2080713,LYTTELTON MANOR,TURQUOISE STREET,TSH,79900057,https://powerfailure.tshwane.gov.za/Tshwanesms/Map.aspx,"-25.8485,28.2081|LYTTELTON MANOR#0",2026-09-26 04:51:34.754667+00:00,2026-09-26 04:51:34.754667+00:00,9.56,2026-09-26 14:25:10.204350+00:00
-25.7304824,28.1957047,CAPITAL PARK,HEUWEL STREET,TSH,79900058,https://powerfailure.tshwane.gov.za/Tshwanesms/Map.aspx,"-25.7305,28.1957|CAPITAL PARK#0",2026-09-25 11:54:53.380939+00:00,2026-09-26 04:51:34.754667+00:00,26.5,2026-09-26 14:25:10.204350+00:00
-25.7299697,28.1947688,CAPITAL PARK,HEUWEL STREET,TSH,79900058,https://powerfailure.tshwane.gov.za/Tshwanesms/Map.aspx,"-25.7300,28.1948|CAPITAL PARK#0",2026-09-25 10:58:56.127220+00:00,2026-09-26 04:51:34.754667+00:00,27.44,2026-09-26 14:25:10.204350+00:00
-25.7291934,28.1942224,CAPITAL PARK,6TH AVENUE,TSH,79900058,https://powerfailure.tshwane.gov.za/Tshwanesms/Map.aspx,"-25.7292,28.1942|CAPITAL PARK#0",2026-09-25 10:58:56.127220+00:00,2026-09-26 04:51:34.754667+00:00,27.44,2026-09-26 14:25:10.204350+00:00
-25.8131946,28.2005505,LYTTELTON MANOR X01,MAITLAND AVENUE,TSH,79900057,https://powerfailure.tshwane.gov.za/Tshwanesms/Map.aspx,"-25.8132,28.2006|LYTTELTON MANOR X01#0",2026-09-24 04:53:01.668402+00:00,2026-09-26 04:51:34.754667+00:00,57.54,2026-09-26 14:25:10.204350+00:00
-25.7299296,28.1957747,CAPITAL PARK,HEUWEL STREET,TSH,79900058,https://powerfailure.tshwane.gov.za/Tshwanesms/Map.aspx,"-25.7299,28.1958|CAPITAL PARK#0",2026-09-25 10:58:56.127220+00:00,2026-09-26 04:51:34.754667+00:00,27.44,2026-09-26 14:25:10.204350+00:00
-25.7303426,28.1936953,CAPITAL PARK,6TH AVENUE,TSH,79900053,https://powerfailure.tshwane.gov.za/Tshwanesms/Map.aspx,"-25.7303,28.1937|CAPITAL PARK#0",2026-09-25 11:54:53.380939+00:00,2026-09-26 04:51:34.754667+00:00,26.5,2026-09-26 14:25:10.204350+00:00
-25.7438763,28.2293932,HATFIELD,CHURCH STREET,TSH,79900092,https://powerfailure.tshwane.gov.za/Tshwanesms/Map.aspx,"-25.7439,28.2294|HATFIELD#0",2026-09-23 15:54:26.696532+00:00,2026-09-26 04:51:34.754667+00:00,70.51,2026-09-26 14:25:10.204350+00:00
-25.7299777,28.1978132,CAPITAL PARK,PERKS STREET,TSH,79900058,https://powerfailure.tshwane.gov.za/Tshwanesms/Map.aspx,"-25.7300,28.1978|CAPITAL PARK#0",2026-09-25 10:58:56.127220+00:00,2026-09-26 04:51:34.754667+00:00,27.44,2026-09-26 14:25:10.204350+00:00
-25.8485128,28.2084169,LYTTELTON MANOR X03,TURKOOIS ROAD,TSH,79900057,https://powerfailure.tshwane.gov.za/Tshwanesms/Map.aspx,"-25.8485,28.2084|LYTTELTON MANOR X03#0",2026-09-25 10:58:56.127220+00:00,2026-09-26 04:51:34.754667+00:00,27.44,2026-09-26 14:25:10.204350+00:00
-25.7559641,28.1618288,PRETORIA,CARL STREET,TSH,79900003,https://powerfailure.tshwane.gov.za/Tshwanesms/Map.aspx,"-25.7560,28.1618|PRETORIA#0",2026-09-23 15:54:26.696532+00:00,2026-09-26 04:51:34.754667+00:00,70.51,2026-09-26 14:25:10.204350+00:00
-25.7410407,28.1761804,ASIATIC BAZAAR,6TH AVENUE,TSH,79900058,https://powerfailure.tshwane.gov.za/Tshwanesms/Map.aspx,"-25.7410,28.1762|ASIATIC BAZAAR#0",2026-09-23 15:54:26.696532+00:00,2026-09-26 04:51:34.754667+00:00,70.51,2026-09-26 14:25:10.204350+00:00
-25.7300257,28.1970273,CAPITAL PARK,PERKS STREET,TSH,79900058,https://powerfailure.tshwane.gov.za/Tshwanesms/Map.aspx,"-25.7300,28.1970|CAPITAL PARK#0",2026-09-25 10:58:56.127220+00:00,2026-09-26 04:51:34.754667+00:00,27.44,2026-09-26 14:25:10.204350+00:00
-25.7303551,28.1941971,CAPITAL PARK,6TH AVENUE,TSH,79900058,https://powerfailure.tshwane.gov.za/Tshwanesms/Map.aspx,"-25.7304,28.1942|CAPITAL PARK#0",2026-09-25 10:58:56.127220+00:00,2026-09-26 04:51:34.754667+00:00,27.44,2026-09-26 14:25:10.204350+00:00
-25.8130745,28.1999661,LYTTELTON MANOR X01,KLOOF AVENUE,TSH,79900057,https://powerfailure.tshwane.gov.za/Tshwanesms/Map.aspx,"-25.8131,28.2000|LYTTELTON MANOR X01#0",2026-09-24 04:53:01.668402+00:00,2026-09-26 04:51:34.754667+00:00,57.54,2026-09-26 14:25:10.204350+00:00
-25.8433174,28.2093076,LYTTELTON MANOR X03,OPAAL ROAD,TSH,79900057,https://powerfailure.tshwane.gov.za/Tshwanesms/Map.aspx,"-25.8433,28.2093|LYTTELTON MANOR X03#0",2026-09-23 15:54:26.696532+00:00,2026-09-26 04:51:34.754667+00:00,70.51,2026-09-26 14:25:10.204350+00:00
-25.8406367,28.2124627,LYTTELTON MANOR X03,OPAAL ROAD,TSH,79900057,https://powerfailure.tshwane.gov.za/Tshwanesms/Map.aspx,"-25.8406,28.2125|LYTTELTON MANOR X03#0",2026-09-23 16:31:26.744960+00:00,2026-09-26 04:51:34.754667+00:00,69.9,2026-09-26 14:25:10.204350+00:00
-25.7816686,28.1070906,LAUDIUM X02,BENGAL STREET,TSH,79900061,https://powerfailure.tshwane.gov.za/Tshwanesms/Map.aspx,"-25.7817,28.1071|LAUDIUM X02#0",2026-09-26 04:51:34.754667+00:00,2026-09-26 04:51:34.754667+00:00,9.56,2026-09-26 14:25:10.204350+00:00
-25.7304406,28.214645,RIVIERA,PARKER STREET,TSH,79900053,https://powerfailure.tshwane.gov.za/Tshwanesms/Map.aspx,"-25.7304,28.2146|RIVIERA#0",2026-09-23 15:54:26.696532+00:00,2026-09-26 04:51:34.754667+00:00,70.51,2026-09-26 14:25:10.204350+00:00
-25.8114908,28.2000697,LYTTELTON MANOR X01,MAITLAND AVENUE,TSH,79900057,https://powerfailure.tshwane.gov.za/Tshwanesms/Map.aspx,"-25.8115,28.2001|LYTTELTON MANOR X01#0",2026-09-24 04:53:01.668402+00:00,2026-09-26 04:51:34.754667+00:00,57.54,2026-09-26 14:25:10.204350+00:00
-25.8123335,28.2002236,LYTTELTON MANOR X01,MAITLAND AVENUE,TSH,79900057,https://powerfailure.tshwane.gov.za/Tshwanesms/Map.aspx,"-25.8123,28.2002|LYTTELTON MANOR X01#0",2026-09-24 11:52:55.215094+00:00,2026-09-26 04:51:34.754667+00:00,50.54,2026-09-26 14:25:10.204350+00:00
-25.812603,28.200326,LYTTELTON MANOR X01,MAITLAND AVENUE,TSH,79900057,https://powerfailure.tshwane.gov.za/Tshwanesms/Map.aspx,"-25.8126,28.2003|LYTTELTON MANOR X01#0",2026-09-24 11:52:55.215094+00:00,2026-09-26 04:51:34.754667+00:00,50.54,2026-09-26 14:25:10.204350+00:00
-25.6824798,28.2350928,MAGALIESKRUIN X02,WILLOW AVENUE,TSH,79900005,https://powerfailure.tshwane.gov.za/Tshwanesms/Map.aspx,"-25.6825,28.2351|MAGALIESKRUIN X02#0",2026-09-25 17:15:35.006199+00:00,2026-09-26 04:51:34.754667+00:00,21.16,2026-09-26 14:25:10.204350+00:00
-25.7722862,28.0983892,ATTERIDGEVILLE X42,UMNQUMA STREET,TSH,79900051,https://powerfailure.tshwane.gov.za/Tshwanesms/Map.aspx,"-25.7723,28.0984|ATTERIDGEVILLE X42#0",2026-09-25 17:15:35.006199+00:00,2026-09-26 04:51:34.754667+00:00,21.16,2026-09-26 14:25:10.204350+00:00
