lat,lng,suburb,street,code,ward_id,source,fault_key,first_seen,last_seen,open_hours
-25.7464403,28.0927119,LOTUS GARDENS X12,AJOWAN STREET,TSH,79900007,https://powerfailure.tshwane.gov.za/Tshwanesms/Map.aspx,"-25.7464,28.0927|LOTUS GARDENS X12#0",2026-09-26 14:25:10.204350+00:00,2026-09-26 14:25:10.204350+00:00,0.0
-25.7307951,28.193713,CAPITAL PARK,SIXTH AVENUE,TSH,79900053,https://powerfailure.tshwane.gov.za/Tshwanesms/Map.aspx,"-25.7308,28.1937|CAPITAL PARK#0",2026-09-26 04:51:34.754667+00:00,2026-09-26 14:25:10.204350+00:00,9.56
-25.8088421,28.0891157,CHRISTOBURG,KALKHEUWEL STREET,TSH,79900061,https://powerfailure.tshwane.gov.za/Tshwanesms/Map.aspx,"-25.8088,28.0891|CHRISTOBURG#0",2026-09-26 14:25:10.204350+00:00,2026-09-26 14:25:10.204350+00:00,0.0
-25.4889626,28.0950856,SOSHANGUVE-BB,STAND 417,TSH,79900094,https://powerfailure.tshwane.gov.za/Tshwanesms/Map.aspx,"-25.4890,28.0951|SOSHANGUVE-BB#0",2026-09-23 15:54:26.696532+00:00,2026-09-26 14:25:10.204350+00:00,70.51
-25.4428306,28.1206003,SOSHANGUVE-V,FUNEKILE STREET,TSH,79900025,https://powerfailure.tshwane.gov.za/Tshwanesms/Map.aspx,"-25.4428,28.1206|SOSHANGUVE-V#0",2026-09-23 15:54:26.696532+00:00,2026-09-26 14:25:10.204350+00:00,70.51
-25.580742,28.1022409,SOSHANGUVE-VV,STAND 522,TSH,79900090,https://powerfailure.tshwane.gov.za/Tshwanesms/Map.aspx,"-25.5807,28.1022|SOSHANGUVE-VV#0",2026-09-24 17:14:48.543546+00:00,2026-09-26 14:25:10.204350+00:00,45.17
-25.4487265,28.1224443,SOSHANGUVE-W,STAND,TSH,79900027,https://powerfailure.tshwane.gov.za/Tshwanesms/Map.aspx,"-25.4487,28.1224|SOSHANGUVE-W#0",2026-09-23 15:54:26.696532+00:00,2026-09-26 14:25:10.204350+00:00,70.51
-25.4505747,28.1223429,SOSHANGUVE-W,LEGAKABJE STREET,TSH,79900027,https://powerfailure.tshwane.gov.za/Tshwanesms/Map.aspx,"-25.4506,28.1223|SOSHANGUVE-W#0",2026-09-23 15:54:26.696532+00:00,2026-09-26 14:25:10.204350+00:00,70.51
-25.7009793,28.3986176,MAMELODI X05,MMUTLANA STREET,TSH,79900016,https://powerfailure.tshwane.gov.za/Tshwanesms/Map.aspx,"-25.7010,28.3986|MAMELODI X05#0",2026-09-23 15:54:26.696532+00:00,2026-09-26 14:25:10.204350+00:00,70.51
-25.738058,28.3592288,NELLMAPIUS X04,GONTSE STREET,TSH,79900086,https://powerfailure.tshwane.gov.za/Tshwanesms/Map.aspx,"-25.7381,28.3592|NELLMAPIUS X04#0",2026-09-23 15:54:26.696532+00:00,2026-09-26 14:25:10.204350+00:00,70.51
-25.7416158,28.3603815,NELLMAPIUS X04,SAAMROEP STREET,TSH,79900086,https://powerfailure.tshwane.gov.za/Tshwanesms/Map.aspx,"-25.7416,28.3604|NELLMAPIUS X04#0",2026-09-23 15:54:26.696532+00:00,2026-09-26 14:25:10.204350+00:00,70.51
-25.745468,28.3627447,NELLMAPIUS X04,HLAGISA STREET,TSH,79900086,https://powerfailure.tshwane.gov.za/Tshwanesms/Map.aspx,"-25.7455,28.3627|NELLMAPIUS X04#0",2026-09-24 11:52:55.215094+00:00,2026-09-26 14:25:10.204350+00:00,50.54
-25.7434884,28.3505129,NELLMAPIUS X04,MMAPULA STREET,TSH,79900086,https://powerfailure.tshwane.gov.za/Tshwanesms/Map.aspx,"-25.7435,28.3505|NELLMAPIUS X04#0",2026-09-26 14:25:10.204350+00:00,2026-09-26 14:25:10.204350+00:00,0.0
-25.7430118,28.3517828,NELLMAPIUS X04,LEBISA STREET,TSH,79900086,https://powerfailure.tshwane.gov.za/Tshwanesms/Map.aspx,"-25.7430,28.3518|NELLMAPIUS X04#0",2026-09-23 15:54:26.696532+00:00,2026-09-26 14:25:10.204350+00:00,70.51
-25.7416901,28.3504242,NELLMAPIUS X04,LESEKO STREET,TSH,79900086,https://powerfailure.tshwane.gov.za/Tshwanesms/Map.aspx,"-25.7417,28.3504|NELLMAPIUS X04#0",2026-09-23 15:54:26.696532+00:00,2026-09-26 14:25:10.204350+00:00,70.51
-25.7297372,28.3729081,NELLMAPIUS X06,IGOLIDE STREET,TSH,79900015,https://powerfailure.tshwane.gov.za/Tshwanesms/Map.aspx,"-25.7297,28.3729|NELLMAPIUS X06#0",2026-09-23 15:54:26.696532+00:00,2026-09-26 14:25:10.204350+00:00,70.51
-25.8293753,28.3280141,RIETFONTEIN 375-JR,FLAMING ROCK CRESCENT,TSH,79900091,https://powerfailure.tshwane.gov.za/Tshwanesms/Map.aspx,"-25.8294,28.3280|RIETFONTEIN 375-JR#0",2026-09-23 15:54:26.696532+00:00,2026-09-26 14:25:10.204350+00:00,70.51
-25.8379997,28.3276683,RIETFONTEIN 375-JR,JOLLIFY MAIN ROAD,TSH,79900091,https://powerfailure.tshwane.gov.za/Tshwanesms/Map.aspx,"-25.8380,28.3277|RIETFONTEIN 375-JR#0",2026-09-23 15:54:26.696532+00:00,2026-09-26 14:25:10.204350+00:00,70.51
-25.8492282,28.3354065,RIETFONTEIN 375-JR,BIG CHARLES AVENUE,TSH,79900091,https://powerfailure.tshwane.gov.za/Tshwanesms/Map.aspx,"-25.8492,28.3354|RIETFONTEIN 375-JR#0",2026-09-23 15:54:26.696532+00:00,2026-09-26 14:25:10.204350+00:00,70.51
-25.7301674,28.2248672,RIETONDALE,NORTH STREET,TSH,79900084,https://powerfailure.tshwane.gov.za/Tshwanesms/Map.aspx,"-25.7302,28.2249|RIETONDALE#0",2026-09-26 14:25:10.204350+00:00,2026-09-26 14:25:10.204350+00:00,0.0
-25.7292286,28.2272112,RIETONDALE,LYS STREET,TSH,79900084,https://powerfailure.tshwane.gov.za/Tshwanesms/Map.aspx,"-25.7292,28.2272|RIETONDALE#0",2026-09-26 14:25:10.204350+00:00,2026-09-26 14:25:10.204350+00:00,0.0
-25.729928,28.2279394,RIETONDALE,TOM JENKINS DRIVE,TSH,79900084,https://powerfailure.tshwane.gov.za/Tshwanesms/Map.aspx,"-25.7299,28.2279|RIETONDALE#0",2026-09-26 14:25:10.204350+00:00,2026-09-26 14:25:10.204350+00:00,0.0
-25.730456,28.2284333,RIETONDALE,NORTH STREET,TSH,79900084,https://powerfailure.tshwane.gov.za/Tshwanesms/Map.aspx,"-25.7305,28.2284|RIETONDALE#0",2026-09-26 04:51:34.754667+00:00,2026-09-26 14:25:10.204350+00:00,9.56
-25.7345585,28.2285002,RIETONDALE,TOM JENKINS DRIVE,TSH,79900084,https://powerfailure.tshwane.gov.za/Tshwanesms/Map.aspx,"-25.7346,28.2285|RIETONDALE#0",2026-09-26 14:25:10.204350+00:00,2026-09-26 14:25:10.204350+00:00,0.0
-25.7305732,28.2192265,RIETONDALE,NUFFIELD STREET,TSH,79900084,https://powerfailure.tshwane.gov.za/Tshwanesms/Map.aspx,"-25.7306,28.2192|RIETONDALE#0",2026-09-26 14:25:10.204350+00:00,2026-09-26 14:25:10.204350+00:00,0.0
-25.7308821,28.2189006,RIETONDALE,NORTH STREET,TSH,79900084,https://powerfailure.tshwane.gov.za/Tshwanesms/Map.aspx,"-25.7309,28.2189|RIETONDALE#0",2026-09-26 14:25:10.204350+00:00,2026-09-26 14:25:10.204350+00:00,0.0
-25.7308663,28.2192673,RIETONDALE,NORTH STREET,TSH,79900084,https://powerfailure.tshwane.gov.za/Tshwanesms/Map.aspx,"-25.7309,28.2193|RIETONDALE#0",2026-09-26 14:25:10.204350+00:00,2026-09-26 14:25:10.204350+00:00,0.0
-25.726801,28.224387,RIETONDALE,MORRISON AVENUE,TSH,79900084,https://powerfailure.tshwane.gov.za/Tshwanesms/Map.aspx,"-25.7268,28.2244|RIETONDALE#0",2026-09-26 14:25:10.204350+00:00,2026-09-26 14:25:10.204350+00:00,0.0
-25.7270355,28.2275958,RIETONDALE,KAMEEL ROAD,TSH,79900084,https://powerfailure.tshwane.gov.za/Tshwanesms/Map.aspx,"-25.7270,28.2276|RIETONDALE#0",2026-09-26 14:25:10.204350+00:00,2026-09-26 14:25:10.204350+00:00,0.0
-25.7285922,28.2208689,RIETONDALE,BUFFELS ROAD,TSH,79900084,https://powerfailure.tshwane.gov.za/Tshwanesms/Map.aspx,"-25.7286,28.2209|RIETONDALE#0",2026-09-26 14:25:10.204350+00:00,2026-09-26 14:25:10.204350+00:00,0.0
-25.7307997,28.2203114,RIETONDALE,NORTH STREET,TSH,79900084,https://powerfailure.tshwane.gov.za/Tshwanesms/Map.aspx,"-25.7308,28.2203|RIETONDALE#0",2026-09-26 14:25:10.204350+00:00,2026-09-26 14:25:10.204350+00:00,0.0
-25.7300982,28.2199196,RIETONDALE,NUFFIELD STREET,TSH,79900084,https://powerfailure.tshwane.gov.za/Tshwanesms/Map.aspx,"-25.7301,28.2199|RIETONDALE#0",2026-09-26 14:25:10.204350+00:00,2026-09-26 14:25:10.204350+00:00,0.0
-25.7352861,28.223643,RIETONDALE,RUSSEL STREET,TSH,79900084,https://powerfailure.tshwane.gov.za/Tshwanesms/Map.aspx,"-25.7353,28.2236|RIETONDALE#0",2026-09-26 14:25:10.204350+00:00,2026-09-26 14:25:10.204350+00:00,0.0
-25.7292602,28.2079763,RIVIERA,MALAN STREET,TSH,79900053,https://powerfailure.tshwane.gov.za/Tshwanesms/Map.aspx,"-25.7293,28.2080|RIVIERA#0",2026-09-26 14:25:10.204350+00:00,2026-09-26 14:25:10.204350+00:00,0.0
-25.7302876,28.2103068,RIVIERA,MALAN STREET,TSH,79900053,https://powerfailure.tshwane.gov.za/Tshwanesms/Map.aspx,"-25.7303,28.2103|RIVIERA#0",2026-09-26 14:25:10.204350+00:00,2026-09-26 14:25:10.204350+00:00,0.0
-25.7332665,28.2128703,RIVIERA,ANNIE BOTHA AVENUE,TSH,79900053,https://powerfailure.tshwane.gov.za/Tshwanesms/Map.aspx,"-25.7333,28.2129|RIVIERA#0",2026-09-26 14:25:10.204350+00:00,2026-09-26 14:25:10.204350+00:00,0.0
-25.7372887,28.2163781,RIVIERA,PARKER SOUTH PARKER SOUTH,TSH,79900053,https://powerfailure.tshwane.gov.za/Tshwanesms/Map.aspx,"-25.7373,28.2164|RIVIERA#0",2026-09-26 14:25:10.204350+00:00,2026-09-26 14:25:10.204350+00:00,0.0
-25.7352345,28.2166527,RIVIERA,MERLE STREET,TSH,79900053,https://powerfailure.tshwane.gov.za/Tshwanesms/Map.aspx,"-25.7352,28.2167|RIVIERA#0",2026-09-26 14:25:10.204350+00:00,2026-09-26 14:25:10.204350+00:00,0.0
-25.7353079,28.2150421,RIVIERA,PARKER SOUTH PARKER SOUTH,TSH,79900053,https://powerfailure.tshwane.gov.za/Tshwanesms/Map.aspx,"-25.7353,28.2150|RIVIERA#0",2026-09-26 14:25:10.204350+00:00,2026-09-26 14:25:10.204350+00:00,0.0
-25.7354414,28.2157751,RIVIERA,PARKER SOUTH PARKER SOUTH,TSH,79900053,https://powerfailure.tshwane.gov.za/Tshwanesms/Map.aspx,"-25.7354,28.2158|RIVIERA#0",2026-09-26 14:25:10.204350+00:00,2026-09-26 14:25:10.204350+00:00,0.0
-25.735806,28.2150694,RIVIERA,PARKER SOUTH PARKER SOUTH,TSH,79900053,https://powerfailure.tshwane.gov.za/Tshwanesms/Map.aspx,"-25.7358,28.2151|RIVIERA#0",2026-09-26 14:25:10.204350+00:00,2026-09-26 14:25:10.204350+00:00,0.0
-25.7349524,28.210202,RIVIERA,VILJOEN STREET,TSH,79900053,https://powerfailure.tshwane.gov.za/Tshwanesms/Map.aspx,"-25.7350,28.2102|RIVIERA#0",2026-09-26 14:25:10.204350+00:00,2026-09-26 14:25:10.204350+00:00,0.0
-25.7359645,28.2118266,RIVIERA,WELL STREET,TSH,79900053,https://powerfailure.tshwane.gov.za/Tshwanesms/Map.aspx,"-25.7360,28.2118|RIVIERA#0",2026-09-26 14:25:10.204350+00:00,2026-09-26 14:25:10.204350+00:00,0.0
-25.7350799,28.2125667,RIVIERA,WELL STREET,TSH,79900053,https://powerfailure.tshwane.gov.za/Tshwanesms/Map.aspx,"-25.7351,28.2126|RIVIERA#0",2026-09-26 14:25:10.204350+00:00,2026-09-26 14:25:10.204350+00:00,0.0
-25.7369266,28.2152423,RIVIERA,PIETER BOUWER STREET,TSH,79900053,https://powerfailure.tshwane.gov.za/Tshwanesms/Map.aspx,"-25.7369,28.2152|RIVIERA#0",2026-09-26 14:25:10.204350+00:00,2026-09-26 14:25:10.204350+00:00,0.0
-25.7316561,28.2157805,RIVIERA,ROSE STREET,TSH,79900053,https://powerfailure.tshwane.gov.za/Tshwanesms/Map.aspx,"-25.7317,28.2158|RIVIERA#0",2026-09-26 04:51:34.754667+00:00,2026-09-26 14:25:10.204350+00:00,9.56
-25.8938961,28.1298831,THE REEDS,TANJA STREET,TSH,79900064,https://powerfailure.tshwane.gov.za/Tshwanesms/Map.aspx,"-25.8939,28.1299|THE REEDS#0",2026-09-26 04:51:34.754667+00:00,2026-09-26 14:25:10.204350+00:00,9.56
-25.8942669,28.1372506,THE REEDS,MARQUARD STREET,TSH,79900064,https://powerfailure.tshwane.gov.za/Tshwanesms/Map.aspx,"-25.8943,28.1373|THE REEDS#0",2026-09-26 14:25:10.204350+00:00,2026-09-26 14:25:10.204350+00:00,0.0
-25.8977401,28.1313512,THE REEDS X15,YELANDA STREET,TSH,79900064,https://powerfailure.tshwane.gov.za/Tshwanesms/Map.aspx,"-25.8977,28.1314|THE REEDS X15#0",2026-09-26 04:51:34.754667+00:00,2026-09-26 14:25:10.204350+00:00,9.56
-25.8984871,28.1328937,THE REEDS X15,YELANDA STREET,TSH,79900064,https://powerfailure.tshwane.gov.za/Tshwanesms/Map.aspx,"-25.8985,28.1329|THE REEDS X15#0",2026-09-26 14:25:10.204350+00:00,2026-09-26 14:25:10.204350+00:00,0.0
-25.8977145,28.1362328,THE REEDS X15,YELANDA STREET,TSH,79900064,https://powerfailure.tshwane.gov.za/Tshwanesms/Map.aspx,"-25.8977,28.1362|THE REEDS X15#0",2026-09-26 04:51:34.754667+00:00,2026-09-26 14:25:10.204350+00:00,9.56
-25.8970663,28.1243038,THE REEDS X05,BOET ERASMUS STREET,TSH,79900064,https://powerfailure.tshwane.gov.za/Tshwanesms/Map.aspx,"-25.8971,28.1243|THE REEDS X05#0",2026-09-26 04:51:34.754667+00:00,2026-09-26 14:25:10.204350+00:00,9.56
-25.8997328,28.1251873,THE REEDS X05,DORMEHL STREET,TSH,79900064,https://powerfailure.tshwane.gov.za/Tshwanesms/Map.aspx,"-25.8997,28.1252|THE REEDS X05#0",2026-09-26 14:25:10.204350+00:00,2026-09-26 14:25:10.204350+00:00,0.0
-25.8994988,28.1263938,THE REEDS X05,CRAVEN STREET,TSH,79900064,https://powerfailure.tshwane.gov.za/Tshwanesms/Map.aspx,"-25.8995,28.1264|THE REEDS X05#0",2026-09-26 14:25:10.204350+00:00,2026-09-26 14:25:10.204350+00:00,0.0
-25.9002434,28.1271026,THE REEDS X05,PANORAMA ROAD,TSH,79900064,https://powerfailure.tshwane.gov.za/Tshwanesms/Map.aspx,"-25.9002,28.1271|THE REEDS X05#0",2026-09-26 04:51:34.754667+00:00,2026-09-26 14:25:10.204350+00:00,9.56
-25.9003752,28.1286407,THE REEDS X05,OSCHE STREET,TSH,79900064,https://powerfailure.tshwane.gov.za/Tshwanesms/Map.aspx,"-25.9004,28.1286|THE REEDS X05#0",2026-09-26 14:25:10.204350+00:00,2026-09-26 14:25:10.204350+00:00,0.0
-25.6475414,28.0928359,THE ORCHARDS X11,GILLESPIE ROAD,TSH,79900004,https://powerfailure.tshwane.gov.za/Tshwanesms/Map.aspx,"-25.6475,28.0928|THE ORCHARDS X11#0",2026-09-23 15:54:26.696532+00:00,2026-09-26 14:25:10.204350+00:00,70.51
-25.6471509,28.0969433,THE ORCHARDS X09,TAYL0R AVENUE,TSH,79900004,https://powerfailure.tshwane.gov.za/Tshwanesms/Map.aspx,"-25.6472,28.0969|THE ORCHARDS X09#0",2026-09-23 15:54:26.696532+00:00,2026-09-26 14:25:10.204350+00:00,70.51
-25.6547026,28.0995849,THE ORCHARDS X13,DE BEER STREET,TSH,79900004,https://powerfailure.tshwane.gov.za/Tshwanesms/Map.aspx,"-25.6547,28.0996|THE ORCHARDS X13#0",2026-09-23 15:54:26.696532+00:00,2026-09-26 14:25:10.204350+00:00,70.51
-25.6572761,28.0982554,THE ORCHARDS X13,PEPERBOOM STREET,TSH,79900004,https://powerfailure.tshwane.gov.za/Tshwanesms/Map.aspx,"-25.6573,28.0983|THE ORCHARDS X13#0",2026-09-23 15:54:26.696532+00:00,2026-09-26 14:25:10.204350+00:00,70.51
-25.6571546,28.0955028,THE ORCHARDS X13,GERHARD LUTZ AVENUE,TSH,79900004,https://powerfailure.tshwane.gov.za/Tshwanesms/Map.aspx,"-25.6572,28.0955|THE ORCHARDS X13#0",2026-09-23 15:54:26.696532+00:00,2026-09-26 14:25:10.204350+00:00,70.51
-25.6512262,28.1107543,THE ORCHARDS X17,LINDEBOOM CRESCENT,TSH,79900004,https://powerfailure.tshwane.gov.za/Tshwanesms/Map.aspx,"-25.6512,28.1108|THE ORCHARDS X17#0",2026-09-23 15:54:26.696532+00:00,2026-09-26 14:25:10.204350+00:00,70.51
-25.7577667,28.2509467,LYNNWOOD,FARMERS FOLLY FARMERS FOLLY,TSH,79900082,https://powerfailure.tshwane.gov.za/Tshwanesms/Map.aspx,"-25.7578,28.2509|LYNNWOOD#0",2026-09-26 14:25:10.204350+00:00,2026-09-26 14:25:10.204350+00:00,0.0
-25.8967053,28.0992689,OLIEVENHOUTBOS X36,REALEBOGA ROAD,TSH,79900077,https://powerfailure.tshwane.gov.za/Tshwanesms/Map.aspx,"-25.8967,28.0993|OLIEVENHOUTBOS X36#0",2026-09-26 14:25:10.204350+00:00,2026-09-26 14:25:10.204350+00:00,0.0
-25.8974799,28.0994717,OLIEVENHOUTBOS X36,CLAYPOT STREET,TSH,79900077,https://powerfailure.tshwane.gov.za/Tshwanesms/Map.aspx,"-25.8975,28.0995|OLIEVENHOUTBOS X36#0",2026-09-23 15:54:26.696532+00:00,2026-09-26 14:25:10.204350+00:00,70.51
-25.4445024,28.0910382,SOSHANGUVE-PP X02,STAND,TSH,79900025,https://powerfailure.tshwane.gov.za/Tshwanesms/Map.aspx,"-25.4445,28.0910|SOSHANGUVE-PP X02#0",2026-09-23 15:54:26.696532+00:00,2026-09-26 14:25:10.204350+00:00,70.51
-25.8727136,28.0502178,PEACH TREE X02,OCEAN FOREST PLACE,TSH,79900048,https://powerfailure.tshwane.gov.za/Tshwanesms/Map.aspx,"-25.8727,28.0502|PEACH TREE X02#0",2026-09-23 15:54:26.696532+00:00,2026-09-26 14:25:10.204350+00:00,70.51
-25.7101171,28.0809825,LEOKA VILLA AH,PL MVS 31-14,TSH,79900055,https://powerfailure.tshwane.gov.za/Tshwanesms/Map.aspx,"-25.7101,28.0810|LEOKA VILLA AH#0",2026-09-25 17:15:35.006199+00:00,2026-09-26 14:25:10.204350+00:00,21.16
-25.7122222,28.082672,LEOKA VILLA AH,PL MVS-018-01N-14-09N,TSH,79900055,https://powerfailure.tshwane.gov.za/Tshwanesms/Map.aspx,"-25.7122,28.0827|LEOKA VILLA AH#0",2026-09-25 17:15:35.006199+00:00,2026-09-26 14:25:10.204350+00:00,21.16
-25.5365892,28.1790228,ROOIWAL 270-JR,PL HK-092-11-05-04,TSH,79900096,https://powerfailure.tshwane.gov.za/Tshwanesms/Map.aspx,"-25.5366,28.1790|ROOIWAL 270-JR#0",2026-09-25 17:15:35.006199+00:00,2026-09-26 14:25:10.204350+00:00,21.16
-25.585795,28.2756341,WATERVAL 273-JR,STAND 44,TSH,79900096,https://powerfailure.tshwane.gov.za/Tshwanesms/Map.aspx,"-25.5858,28.2756|WATERVAL 273-JR#0",2026-09-25 05:01:45.026219+00:00,2026-09-26 14:25:10.204350+00:00,33.39
-25.5866528,28.2809739,HAAKDOORNLAAGTE 277-JR,PL P-074-54-01S-05E (STAND 84),TSH,79900096,https://powerfailure.tshwane.gov.za/Tshwanesms/Map.aspx,"-25.5867,28.2810|HAAKDOORNLAAGTE 277-JR#0",2026-09-25 10:58:56.127220+00:00,2026-09-26 14:25:10.204350+00:00,27.44
-25.7081913,27.9922861,KAMEELDRIFT 313-JR,PL MVN-135-13-08,TSH,79900055,https://powerfailure.tshwane.gov.za/Tshwanesms/Map.aspx,"-25.7082,27.9923|KAMEELDRIFT 313-JR#0",2026-09-23 15:54:26.696532+00:00,2026-09-26 14:25:10.204350+00:00,70.51
-25.7092062,27.9987878,KAMEELDRIFT 313-JR,CHRISTINA AVENUE,TSH,79900055,https://powerfailure.tshwane.gov.za/Tshwanesms/Map.aspx,"-25.7092,27.9988|KAMEELDRIFT 313-JR#0",2026-09-25 17:15:35.006199+00:00,2026-09-26 14:25:10.204350+00:00,21.16
-25.698506,28.0173357,KAMEELDRIFT 313-JR,PL MVN 115-04-08 (387),TSH,79900055,https://powerfailure.tshwane.gov.za/Tshwanesms/Map.aspx,"-25.6985,28.0173|KAMEELDRIFT 313-JR#0",2026-09-23 15:54:26.696532+00:00,2026-09-26 14:25:10.204350+00:00,70.51
-25.7321297,27.9741774,KAMEELDRIFT 313-JR,PL MVS-158-08S (7/R),TSH,79900055,https://powerfailure.tshwane.gov.za/Tshwanesms/Map.aspx,"-25.7321,27.9742|KAMEELDRIFT 313-JR#0",2026-09-25 17:15:35.006199+00:00,2026-09-26 14:25:10.204350+00:00,21.16
-25.593166,28.1005273,SOSHANGUVE -EAST,AFRICAN FINFOOT STREET,TSH,79900090,https://powerfailure.tshwane.gov.za/Tshwanesms/Map.aspx,"-25.5932,28.1005|SOSHANGUVE -EAST#0",2026-09-24 17:14:48.543546+00:00,2026-09-26 14:25:10.204350+00:00,45.17
-25.7399799,28.1335741,DANVILLE,BREWIS STREET,TSH,79900060,https://powerfailure.tshwane.gov.za/Tshwanesms/Map.aspx,"-25.7400,28.1336|DANVILLE#0",2026-09-24 17:14:48.543546+00:00,2026-09-26 14:25:10.204350+00:00,45.17
-25.8578073,28.1561816,ELDORAIGNE X06,FITZGERALD STREET,TSH,79900069,https://powerfailure.tshwane.gov.za/Tshwanesms/Map.aspx,"-25.8578,28.1562|ELDORAIGNE X06#0",2026-09-23 15:54:26.696532+00:00,2026-09-26 14:25:10.204350+00:00,70.51
-25.8619685,28.153642,ELDORAIGNE X06,DE BEER STREET,TSH,79900069,https://powerfailure.tshwane.gov.za/Tshwanesms/Map.aspx,"-25.8620,28.1536|ELDORAIGNE X06#0",2026-09-23 15:54:26.696532+00:00,2026-09-26 14:25:10.204350+00:00,70.51
-25.8545317,28.1527649,ELDORAIGNE X11,KOEDOE STREET,TSH,79900069,https://powerfailure.tshwane.gov.za/Tshwanesms/Map.aspx,"-25.8545,28.1528|ELDORAIGNE X11#0",2026-09-23 15:54:26.696532+00:00,2026-09-26 14:25:10.204350+00:00,70.51
-25.8656961,28.1555504,ELDORAIGNE X47,GRANT CLOSE,TSH,79900069,https://powerfailure.tshwane.gov.za/Tshwanesms/Map.aspx,"-25.8657,28.1556|ELDORAIGNE X47#0",2026-09-23 15:54:26.696532+00:00,2026-09-26 14:25:10.204350+00:00,70.51
-25.7241488,28.1614018,HERMANSTAD,KRUGER STREET,TSH,79900001,https://powerfailure.tshwane.gov.za/Tshwanesms/Map.aspx,"-25.7241,28.1614|HERMANSTAD#0",2026-09-24 11:52:55.215094+00:00,2026-09-26 14:25:10.204350+00:00,50.54
-25.8828879,28.1127322,HEUWELOORD X02,SPRINGBARK AVENUE,TSH,79900048,https://powerfailure.tshwane.gov.za/Tshwanesms/Map.aspx,"-25.8829,28.1127|HEUWELOORD X02#0",2026-09-26 04:51:34.754667+00:00,2026-09-26 14:25:10.204350+00:00,9.56
-25.877265,28.1163827,HEUWELOORD X02,CLUSTERPINE AVENUE,TSH,79900048,https://powerfailure.tshwane.gov.za/Tshwanesms/Map.aspx,"-25.8773,28.1164|HEUWELOORD X02#0",2026-09-26 04:51:34.754667+00:00,2026-09-26 14:25:10.204350+00:00,9.56
-25.8876465,28.1117199,HEUWELOORD X03,RHODESIAN TEAK AVENUE,TSH,79900048,https://powerfailure.tshwane.gov.za/Tshwanesms/Map.aspx,"-25.8876,28.1117|HEUWELOORD X03#0",2026-09-26 14:25:10.204350+00:00,2026-09-26 14:25:10.204350+00:00,0.0
-25.8763299,28.2158011,IRENE,PIONEER ROAD,TSH,79900065,https://powerfailure.tshwane.gov.za/Tshwanesms/Map.aspx,"-25.8763,28.2158|IRENE#0",2026-09-23 15:54:26.696532+00:00,2026-09-26 14:25:10.204350+00:00,70.51
-25.7786628,28.290174,LYNNWOOD PARK,LAUREN STREET,TSH,79900046,https://powerfailure.tshwane.gov.za/Tshwanesms/Map.aspx,"-25.7787,28.2902|LYNNWOOD PARK#0",2026-09-23 15:54:26.696532+00:00,2026-09-26 14:25:10.204350+00:00,70.51
-25.8471526,28.2045141,LYTTELTON MANOR X03,CLIFTON AVENUE,TSH,79900057,https://powerfailure.tshwane.gov.za/Tshwanesms/Map.aspx,"-25.8472,28.2045|LYTTELTON MANOR X03#0",2026-09-23 15:54:26.696532+00:00,2026-09-26 14:25:10.204350+00:00,70.51
-25.8461612,28.2120193,LYTTELTON MANOR X03,JASPER AVENUE,TSH,79900057,https://powerfailure.tshwane.gov.za/Tshwanesms/Map.aspx,"-25.8462,28.2120|LYTTELTON MANOR X03#0",2026-09-23 15:54:26.696532+00:00,2026-09-26 14:25:10.204350+00:00,70.51
-25.8489588,28.2114379,LYTTELTON MANOR X03,TURKOOIS ROAD,TSH,79900057,https://powerfailure.tshwane.gov.za/Tshwanesms/Map.aspx,"-25.8490,28.2114|LYTTELTON MANOR X03#0",2026-09-23 15:54:26.696532+00:00,2026-09-26 14:25:10.204350+00:00,70.51
-25.8458247,28.2142477,LYTTELTON MANOR X11,JET STREET,TSH,79900057,https://powerfailure.tshwane.gov.za/Tshwanesms/Map.aspx,"-25.8458,28.2142|LYTTELTON MANOR X11#0",2026-09-23 15:54:26.696532+00:00,2026-09-26 14:25:10.204350+00:00,70.51
-25.7712936,28.2661181,MENLO PARK,KAY AVENUE,TSH,79900082,https://powerfailure.tshwane.gov.za/Tshwanesms/Map.aspx,"-25.7713,28.2661|MENLO PARK#0",2026-09-23 15:54:26.696532+00:00,2026-09-26 14:25:10.204350+00:00,70.51
-25.5992124,28.1595591,HAAKDOORNBOOM 267-JR,KOEKOEK STREET (PL SP-070-49),TSH,79900096,https://powerfailure.tshwane.gov.za/Tshwanesms/Map.aspx,"-25.5992,28.1596|HAAKDOORNBOOM 267-JR#0",2026-09-23 15:54:26.696532+00:00,2026-09-26 14:25:10.204350+00:00,70.51
-25.5755375,28.0609716,KLIPFONTEIN 268-JR,UMKHUBANE STREET,TSH,79900039,https://powerfailure.tshwane.gov.za/Tshwanesms/Map.aspx,"-25.5755,28.0610|KLIPFONTEIN 268-JR#0",2026-09-23 15:54:26.696532+00:00,2026-09-26 14:25:10.204350+00:00,70.51
-25.7122713,28.1223186,BOOYSENS,THEO SLABBERT AVENUE,TSH,79900055,https://powerfailure.tshwane.gov.za/Tshwanesms/Map.aspx,"-25.7123,28.1223|BOOYSENS#0",2026-09-25 17:15:35.006199+00:00,2026-09-26 14:25:10.204350+00:00,21.16
-25.4495317,28.0860403,SOSHANGUVE-HH,STAND 886,TSH,79900011,https://powerfailure.tshwane.gov.za/Tshwanesms/Map.aspx,"-25.4495,28.0860|SOSHANGUVE-HH#0",2026-09-23 15:54:26.696532+00:00,2026-09-26 14:25:10.204350+00:00,70.51
-25.4505262,28.0922813,SOSHANGUVE-HH,STAND 1566,TSH,79900011,https://powerfailure.tshwane.gov.za/Tshwanesms/Map.aspx,"-25.4505,28.0923|SOSHANGUVE-HH#0",2026-09-23 15:54:26.696532+00:00,2026-09-26 14:25:10.204350+00:00,70.51
-25.7085968,28.1548815,DASPOORT ESTATE,KEYTER STREET,TSH,79900001,https://powerfailure.tshwane.gov.za/Tshwanesms/Map.aspx,"-25.7086,28.1549|DASPOORT ESTATE#0",2026-09-23 15:54:26.696532+00:00,2026-09-26 14:25:10.204350+00:00,70.51
-25.4872481,28.1253883,SOSHANGUVE-P,STAND 2344,TSH,79900088,https://powerfailure.tshwane.gov.za/Tshwanesms/Map.aspx,"-25.4872,28.1254|SOSHANGUVE-P#0",2026-09-23 15:54:26.696532+00:00,2026-09-26 14:25:10.204350+00:00,70.51
-25.8122961,28.2497295,ERASMUSRAND,EMUS ERASMUS AVENUE,TSH,79900042,https://powerfailure.tshwane.gov.za/Tshwanesms/Map.aspx,"-25.8123,28.2497|ERASMUSRAND#0",2026-09-26 14:25:10.204350+00:00,2026-09-26 14:25:10.204350+00:00,0.0
-25.8173981,28.2519558,ERASMUSRAND,POLARIS AVENUE,TSH,79900042,https://powerfailure.tshwane.gov.za/Tshwanesms/Map.aspx,"-25.8174,28.2520|ERASMUSRAND#0",2026-09-26 04:51:34.754667+00:00,2026-09-26 14:25:10.204350+00:00,9.56
-25.8084795,28.2531398,ERASMUSRAND,VILLA RIGEL,TSH,79900042,https://powerfailure.tshwane.gov.za/Tshwanesms/Map.aspx,"-25.8085,28.2531|ERASMUSRAND#0",2026-09-26 04:51:34.754667+00:00,2026-09-26 14:25:10.204350+00:00,9.56
-25.8084795,28.2531398,ERASMUSRAND,VILLA RIGEL,TSH,79900042,https://powerfailure.tshwane.gov.za/Tshwanesms/Map.aspx,"-25.8085,28.2531|ERASMUSRAND#1",2026-09-26 04:51:34.754667+00:00,2026-09-26 14:25:10.204350+00:00,9.56
-25.8084795,28.2531398,ERASMUSRAND,VILLA RIGEL,TSH,79900042,https://powerfailure.tshwane.gov.za/Tshwanesms/Map.aspx,"-25.8085,28.2531|ERASMUSRAND#2",2026-09-26 04:51:34.754667+00:00,2026-09-26 14:25:10.204350+00:00,9.56
-25.8084795,28.2531398,ERASMUSRAND,VILLA RIGEL,TSH,79900042,https://powerfailure.tshwane.gov.za/Tshwanesms/Map.aspx,"-25.8085,28.2531|ERASMUSRAND#3",2026-09-26 04:51:34.754667+00:00,2026-09-26 14:25:10.204350+00:00,9.56
-25.8088436,28.2510906,ERASMUSRAND,RIGEL AVENUE,TSH,79900042,https://powerfailure.tshwane.gov.za/Tshwanesms/Map.aspx,"-25.8088,28.2511|ERASMUSRAND#0",2026-09-26 04:51:34.754667+00:00,2026-09-26 14:25:10.204350+00:00,9.56
-25.8093547,28.251548,ERASMUSRAND,OOM JOCHEMS' PLACE,TSH,79900042,https://powerfailure.tshwane.gov.za/Tshwanesms/Map.aspx,"-25.8094,28.2515|ERASMUSRAND#0",2026-09-26 04:51:34.754667+00:00,2026-09-26 14:25:10.204350+00:00,9.56
-25.8128661,28.2506647,ERASMUSRAND,PAT DYER AVENUE,TSH,79900042,https://powerfailure.tshwane.gov.za/Tshwanesms/Map.aspx,"-25.8129,28.2507|ERASMUSRAND#0",2026-09-26 04:51:34.754667+00:00,2026-09-26 14:25:10.204350+00:00,9.56
-25.8116086,28.2548326,ERASMUSRAND,ALBERTUS AVENUE,TSH,79900042,https://powerfailure.tshwane.gov.za/Tshwanesms/Map.aspx,"-25.8116,28.2548|ERASMUSRAND#0",2026-09-26 04:51:34.754667+00:00,2026-09-26 14:25:10.204350+00:00,9.56
-25.8123871,28.2559953,ERASMUSRAND,WYNANDSKRAAL WYNANDSKRAAL,TSH,79900042,https://powerfailure.tshwane.gov.za/Tshwanesms/Map.aspx,"-25.8124,28.2560|ERASMUSRAND#0",2026-09-26 04:51:34.754667+00:00,2026-09-26 14:25:10.204350+00:00,9.56
-25.7197421,28.3898827,MAMELODI X02,BROADWAY STREET,TSH,79900018,https://powerfailure.tshwane.gov.za/Tshwanesms/Map.aspx,"-25.7197,28.3899|MAMELODI X02#0",2026-09-23 15:54:26.696532+00:00,2026-09-26 14:25:10.204350+00:00,70.51
-25.7151672,28.3908299,MAMELODI X02,INYATHI STREET,TSH,79900016,https://powerfailure.tshwane.gov.za/Tshwanesms/Map.aspx,"-25.7152,28.3908|MAMELODI X02#0",2026-09-23 15:54:26.696532+00:00,2026-09-26 14:25:10.204350+00:00,70.51
-25.671624,28.257275,MONTANA TUINE x  55,CELLO STREET,TSH,79900005,https://powerfailure.tshwane.gov.za/Tshwanesms/Map.aspx,"-25.6716,28.2573|MONTANA TUINE X 55#0",2026-09-25 10:58:56.127220+00:00,2026-09-26 14:25:10.204350+00:00,27.44
-25.7145478,28.2432943,MOREGLOED,COTONEASTER AVENUE,TSH,79900084,https://powerfailure.tshwane.gov.za/Tshwanesms/Map.aspx,"-25.7145,28.2433|MOREGLOED#0",2026-09-23 15:54:26.696532+00:00,2026-09-26 14:25:10.204350+00:00,70.51
-25.7438439,28.1630309,PRETORIA,VOM HAGEN STREET,TSH,79900058,https://powerfailure.tshwane.gov.za/Tshwanesms/Map.aspx,"-25.7438,28.1630|PRETORIA#0",2026-09-25 11:54:53.380939+00:00,2026-09-26 14:25:10.204350+00:00,26.5
-25.7433397,28.166639,PRETORIA,VOM HAGEN STREET,TSH,79900058,https://powerfailure.tshwane.gov.za/Tshwanesms/Map.aspx,"-25.7433,28.1666|PRETORIA#0",2026-09-25 05:01:45.026219+00:00,2026-09-26 14:25:10.204350+00:00,33.39
-25.5039513,28.0939418,SOSHANGUVE-AA,STAND 319,TSH,79900029,https://powerfailure.tshwane.gov.za/Tshwanesms/Map.aspx,"-25.5040,28.0939|SOSHANGUVE-AA#0",2026-09-23 15:54:26.696532+00:00,2026-09-26 14:25:10.204350+00:00,70.51
-25.722347,28.1389406,CLAREMONT,SCHURMANNS AVENUE,TSH,79900055,https://powerfailure.tshwane.gov.za/Tshwanesms/Map.aspx,"-25.7223,28.1389|CLAREMONT#0",2026-09-25 10:58:56.127220+00:00,2026-09-26 14:25:10.204350+00:00,27.44
-25.7036015,28.2762258,EAST LYNNE,STEGMANN STREET,TSH,79900052,https://powerfailure.tshwane.gov.za/Tshwanesms/Map.aspx,"-25.7036,28.2762|EAST LYNNE#0",2026-09-23 15:54:26.696532+00:00,2026-09-26 14:25:10.204350+00:00,70.51
-25.7124989,27.9526856,RIETFONTEIN 485JQ,PL MVN-198-02,NW372,63702030,https://powerfailure.tshwane.gov.za/Tshwanesms/Map.aspx,"-25.7125,27.9527|RIETFONTEIN 485JQ#0",2026-09-23 15:54:26.696532+00:00,2026-09-26 14:25:10.204350+00:00,70.51
-25.6935584,28.4079779,MAMELODI X17,M SHICEKA CRESENT,TSH,79900093,https://powerfailure.tshwane.gov.za/Tshwanesms/Map.aspx,"-25.6936,28.4080|MAMELODI X17#0",2026-09-23 15:54:26.696532+00:00,2026-09-26 14:25:10.204350+00:00,70.51
-25.7332596,28.3598947,NELLMAPIUS X04,POELANO STREET,TSH,79900028,https://powerfailure.tshwane.gov.za/Tshwanesms/Map.aspx,"-25.7333,28.3599|NELLMAPIUS X04#0",2026-09-23 15:54:26.696532+00:00,2026-09-26 14:25:10.204350+00:00,70.51
-25.7315366,28.3583453,NELLMAPIUS X04,BOLOKA STREET,TSH,79900028,https://powerfailure.tshwane.gov.za/Tshwanesms/Map.aspx,"-25.7315,28.3583|NELLMAPIUS X04#0",2026-09-26 14:25:10.204350+00:00,2026-09-26 14:25:10.204350+00:00,0.0
-25.7370108,28.3567909,NELLMAPIUS X04,FEES STREET,TSH,79900086,https://powerfailure.tshwane.gov.za/Tshwanesms/Map.aspx,"-25.7370,28.3568|NELLMAPIUS X04#0",2026-09-23 15:54:26.696532+00:00,2026-09-26 14:25:10.204350+00:00,70.51
-25.7463646,28.3629212,NELLMAPIUS X04,HLAGISA STREET,TSH,79900086,https://powerfailure.tshwane.gov.za/Tshwanesms/Map.aspx,"-25.7464,28.3629|NELLMAPIUS X04#0",2026-09-23 15:54:26.696532+00:00,2026-09-26 14:25:10.204350+00:00,70.51
-25.7427512,28.3508257,NELLMAPIUS X04,MMAPULA STREET,TSH,79900086,https://powerfailure.tshwane.gov.za/Tshwanesms/Map.aspx,"-25.7428,28.3508|NELLMAPIUS X04#0",2026-09-23 15:54:26.696532+00:00,2026-09-26 14:25:10.204350+00:00,70.51
-25.7428012,28.3518722,NELLMAPIUS X04,LEBISA STREET,TSH,79900086,https://powerfailure.tshwane.gov.za/Tshwanesms/Map.aspx,"-25.7428,28.3519|NELLMAPIUS X04#0",2026-09-23 15:54:26.696532+00:00,2026-09-26 14:25:10.204350+00:00,70.51
-25.7281524,28.3748124,NELLMAPIUS X06,MAGNESIUM CRESCENT,TSH,79900015,https://powerfailure.tshwane.gov.za/Tshwanesms/Map.aspx,"-25.7282,28.3748|NELLMAPIUS X06#0",2026-09-23 15:54:26.696532+00:00,2026-09-26 14:25:10.204350+00:00,70.51
-25.7305228,28.2268883,RIETONDALE,NORTH STREET,TSH,79900084,https://powerfailure.tshwane.gov.za/Tshwanesms/Map.aspx,"-25.7305,28.2269|RIETONDALE#0",2026-09-26 14:25:10.204350+00:00,2026-09-26 14:25:10.204350+00:00,0.0
-25.7312156,28.2273158,RIETONDALE,NORTH STREET,TSH,79900084,https://powerfailure.tshwane.gov.za/Tshwanesms/Map.aspx,"-25.7312,28.2273|RIETONDALE#0",2026-09-26 14:25:10.204350+00:00,2026-09-26 14:25:10.204350+00:00,0.0
-25.7354112,28.2250302,RIETONDALE,RUSSEL STREET,TSH,79900084,https://powerfailure.tshwane.gov.za/Tshwanesms/Map.aspx,"-25.7354,28.2250|RIETONDALE#0",2026-09-26 14:25:10.204350+00:00,2026-09-26 14:25:10.204350+00:00,0.0
-25.7354169,28.2245594,RIETONDALE,RUSSEL STREET,TSH,79900084,https://powerfailure.tshwane.gov.za/Tshwanesms/Map.aspx,"-25.7354,28.2246|RIETONDALE#0",2026-09-26 14:25:10.204350+00:00,2026-09-26 14:25:10.204350+00:00,0.0
-25.7306344,28.218126,RIETONDALE,KIESER STREET,TSH,79900084,https://powerfailure.tshwane.gov.za/Tshwanesms/Map.aspx,"-25.7306,28.2181|RIETONDALE#0",2026-09-26 14:25:10.204350+00:00,2026-09-26 14:25:10.204350+00:00,0.0
-25.7295174,28.2191976,RIETONDALE,LYS STREET,TSH,79900084,https://powerfailure.tshwane.gov.za/Tshwanesms/Map.aspx,"-25.7295,28.2192|RIETONDALE#0",2026-09-26 14:25:10.204350+00:00,2026-09-26 14:25:10.204350+00:00,0.0
-25.7277988,28.2183393,RIETONDALE X01,NEAL STREET,TSH,79900084,https://powerfailure.tshwane.gov.za/Tshwanesms/Map.aspx,"-25.7278,28.2183|RIETONDALE X01#0",2026-09-26 14:25:10.204350+00:00,2026-09-26 14:25:10.204350+00:00,0.0
-25.7324481,28.2275315,RIETONDALE,JAN HUGO STREET,TSH,79900084,https://powerfailure.tshwane.gov.za/Tshwanesms/Map.aspx,"-25.7324,28.2275|RIETONDALE#0",2026-09-26 14:25:10.204350+00:00,2026-09-26 14:25:10.204350+00:00,0.0
-25.7283082,28.2281144,RIETONDALE,BUFFELS ROAD,TSH,79900084,https://powerfailure.tshwane.gov.za/Tshwanesms/Map.aspx,"-25.7283,28.2281|RIETONDALE#0",2026-09-26 14:25:10.204350+00:00,2026-09-26 14:25:10.204350+00:00,0.0
-25.7269516,28.2260889,RIETONDALE,MORRISON AVENUE,TSH,79900084,https://powerfailure.tshwane.gov.za/Tshwanesms/Map.aspx,"-25.7270,28.2261|RIETONDALE#0",2026-09-26 14:25:10.204350+00:00,2026-09-26 14:25:10.204350+00:00,0.0
-25.7352784,28.2238217,RIETONDALE,RUSSEL STREET,TSH,79900084,https://powerfailure.tshwane.gov.za/Tshwanesms/Map.aspx,"-25.7353,28.2238|RIETONDALE#0",2026-09-26 14:25:10.204350+00:00,2026-09-26 14:25:10.204350+00:00,0.0
-25.7297493,28.2078324,RIVIERA,MALAN STREET,TSH,79900053,https://powerfailure.tshwane.gov.za/Tshwanesms/Map.aspx,"-25.7297,28.2078|RIVIERA#0",2026-09-26 14:25:10.204350+00:00,2026-09-26 14:25:10.204350+00:00,0.0
-25.7302997,28.2099756,RIVIERA,VILJOEN STREET,TSH,79900053,https://powerfailure.tshwane.gov.za/Tshwanesms/Map.aspx,"-25.7303,28.2100|RIVIERA#0",2026-09-26 14:25:10.204350+00:00,2026-09-26 14:25:10.204350+00:00,0.0
-25.7327213,28.2094893,RIVIERA,ANNIE BOTHA AVENUE,TSH,79900053,https://powerfailure.tshwane.gov.za/Tshwanesms/Map.aspx,"-25.7327,28.2095|RIVIERA#0",2026-09-26 14:25:10.204350+00:00,2026-09-26 14:25:10.204350+00:00,0.0
-25.7323738,28.2137402,RIVIERA,ANNIE BOTHA AVENUE,TSH,79900053,https://powerfailure.tshwane.gov.za/Tshwanesms/Map.aspx,"-25.7324,28.2137|RIVIERA#0",2026-09-26 14:25:10.204350+00:00,2026-09-26 14:25:10.204350+00:00,0.0
-25.7330529,28.2147881,RIVIERA,ANNIE BOTHA AVENUE,TSH,79900053,https://powerfailure.tshwane.gov.za/Tshwanesms/Map.aspx,"-25.7331,28.2148|RIVIERA#0",2026-09-26 14:25:10.204350+00:00,2026-09-26 14:25:10.204350+00:00,0.0
-25.7339744,28.2101768,RIVIERA,VILJOEN STREET,TSH,79900053,https://powerfailure.tshwane.gov.za/Tshwanesms/Map.aspx,"-25.7340,28.2102|RIVIERA#0",2026-09-26 14:25:10.204350+00:00,2026-09-26 14:25:10.204350+00:00,0.0
-25.7339434,28.2117371,RIVIERA,SOUTPANSBERG ROAD,TSH,79900053,https://powerfailure.tshwane.gov.za/Tshwanesms/Map.aspx,"-25.7339,28.2117|RIVIERA#0",2026-09-26 14:25:10.204350+00:00,2026-09-26 14:25:10.204350+00:00,0.0
-25.7338745,28.2132711,RIVIERA,SOUTPANSBERG ROAD,TSH,79900053,https://powerfailure.tshwane.gov.za/Tshwanesms/Map.aspx,"-25.7339,28.2133|RIVIERA#0",2026-09-26 14:25:10.204350+00:00,2026-09-26 14:25:10.204350+00:00,0.0
-25.730195,28.2152504,RIVIERA,PARKER STREET,TSH,79900053,https://powerfailure.tshwane.gov.za/Tshwanesms/Map.aspx,"-25.7302,28.2153|RIVIERA#0",2026-09-26 14:25:10.204350+00:00,2026-09-26 14:25:10.204350+00:00,0.0
-25.736734,28.2146989,RIVIERA,PIETER BOUWER STREET,TSH,79900053,https://powerfailure.tshwane.gov.za/Tshwanesms/Map.aspx,"-25.7367,28.2147|RIVIERA#0",2026-09-26 14:25:10.204350+00:00,2026-09-26 14:25:10.204350+00:00,0.0
-25.7260152,28.0516718,SUNSET VIEW AH,PL MVS-060-12-02W,TSH,79900055,https://powerfailure.tshwane.gov.za/Tshwanesms/Map.aspx,"-25.7260,28.0517|SUNSET VIEW AH#0",2026-09-25 17:15:35.006199+00:00,2026-09-26 14:25:10.204350+00:00,21.16
-25.9106419,28.1406609,THE REEDS X06,SYLVIE AVENUE,TSH,79900064,https://powerfailure.tshwane.gov.za/Tshwanesms/Map.aspx,"-25.9106,28.1407|THE REEDS X06#0",2026-09-26 14:25:10.204350+00:00,2026-09-26 14:25:10.204350+00:00,0.0
-25.8984413,28.1402884,THE REEDS X15,JACQUELINE STREET,TSH,79900064,https://powerfailure.tshwane.gov.za/Tshwanesms/Map.aspx,"-25.8984,28.1403|THE REEDS X15#0",2026-09-26 04:51:34.754667+00:00,2026-09-26 14:25:10.204350+00:00,9.56
-25.9005919,28.1368747,THE REEDS X15,JACQUELINE STREET,TSH,79900064,https://powerfailure.tshwane.gov.za/Tshwanesms/Map.aspx,"-25.9006,28.1369|THE REEDS X15#0",2026-09-26 04:51:34.754667+00:00,2026-09-26 14:25:10.204350+00:00,9.56
-25.8974456,28.135657,THE REEDS X15,YELANDA STREET,TSH,79900064,https://powerfailure.tshwane.gov.za/Tshwanesms/Map.aspx,"-25.8974,28.1357|THE REEDS X15#0",2026-09-26 04:51:34.754667+00:00,2026-09-26 14:25:10.204350+00:00,9.56
-25.8986679,28.135631,THE REEDS X15,ESTELLE STREET,TSH,79900064,https://powerfailure.tshwane.gov.za/Tshwanesms/Map.aspx,"-25.8987,28.1356|THE REEDS X15#0",2026-09-26 14:25:10.204350+00:00,2026-09-26 14:25:10.204350+00:00,0.0
-25.8990722,28.143487,THE REEDS X14,MULDER STREET,TSH,79900064,https://powerfailure.tshwane.gov.za/Tshwanesms/Map.aspx,"-25.8991,28.1435|THE REEDS X14#0",2026-09-26 14:25:10.204350+00:00,2026-09-26 14:25:10.204350+00:00,0.0
-25.8999328,28.1438674,THE REEDS X14,MULDER STREET,TSH,79900064,https://powerfailure.tshwane.gov.za/Tshwanesms/Map.aspx,"-25.8999,28.1439|THE REEDS X14#0",2026-09-26 04:51:34.754667+00:00,2026-09-26 14:25:10.204350+00:00,9.56
-25.8977762,28.1228289,THE REEDS X05,MARKOTTER STREET,TSH,79900064,https://powerfailure.tshwane.gov.za/Tshwanesms/Map.aspx,"-25.8978,28.1228|THE REEDS X05#0",2026-09-26 04:51:34.754667+00:00,2026-09-26 14:25:10.204350+00:00,9.56
-25.6479493,28.1110118,THE ORCHARDS X10,SCOTT STREET,TSH,79900004,https://powerfailure.tshwane.gov.za/Tshwanesms/Map.aspx,"-25.6479,28.1110|THE ORCHARDS X10#0",2026-09-23 15:54:26.696532+00:00,2026-09-26 14:25:10.204350+00:00,70.51
-25.6591923,28.0878899,THE ORCHARDS X11,BOSHOFF STREET,TSH,79900004,https://powerfailure.tshwane.gov.za/Tshwanesms/Map.aspx,"-25.6592,28.0879|THE ORCHARDS X11#0",2026-09-23 15:54:26.696532+00:00,2026-09-26 14:25:10.204350+00:00,70.51
-25.6530564,28.0975,THE ORCHARDS X13,ERASMUS AVENUE,TSH,79900004,https://powerfailure.tshwane.gov.za/Tshwanesms/Map.aspx,"-25.6531,28.0975|THE ORCHARDS X13#0",2026-09-23 15:54:26.696532+00:00,2026-09-26 14:25:10.204350+00:00,70.51
-25.6513209,28.1002025,THE ORCHARDS X13,HERBERT ROAD,TSH,79900004,https://powerfailure.tshwane.gov.za/Tshwanesms/Map.aspx,"-25.6513,28.1002|THE ORCHARDS X13#0",2026-09-23 15:54:26.696532+00:00,2026-09-26 14:25:10.204350+00:00,70.51
-25.6387574,28.0921578,THE ORCHARDS X21,DAVE HERMAN STREET,TSH,79900004,https://powerfailure.tshwane.gov.za/Tshwanesms/Map.aspx,"-25.6388,28.0922|THE ORCHARDS X21#0",2026-09-23 15:54:26.696532+00:00,2026-09-26 14:25:10.204350+00:00,70.51
-25.6430706,28.0889525,THE ORCHARDS X24,WILLEM BOTHA STREET,TSH,79900004,https://powerfailure.tshwane.gov.za/Tshwanesms/Map.aspx,"-25.6431,28.0890|THE ORCHARDS X24#0",2026-09-24 17:14:48.543546+00:00,2026-09-26 14:25:10.204350+00:00,45.17
-25.712742,28.1489154,DASPOORT,TALJAARD STREET,TSH,79900001,https://powerfailure.tshwane.gov.za/Tshwanesms/Map.aspx,"-25.7127,28.1489|DASPOORT#0",2026-09-25 11:54:53.380939+00:00,2026-09-26 14:25:10.204350+00:00,26.5
-25.549145,28.0953672,SOSHANGUVE-L,STAND 3122,TSH,79900036,https://powerfailure.tshwane.gov.za/Tshwanesms/Map.aspx,"-25.5491,28.0954|SOSHANGUVE-L#0",2026-09-23 15:54:26.696532+00:00,2026-09-26 14:25:10.204350+00:00,70.51
-25.5539694,28.0982099,SOSHANGUVE-M X01,STAND 2750,TSH,79900036,https://powerfailure.tshwane.gov.za/Tshwanesms/Map.aspx,"-25.5540,28.0982|SOSHANGUVE-M X01#0",2026-09-25 17:15:35.006199+00:00,2026-09-26 14:25:10.204350+00:00,21.16
-25.7118108,28.2855788,JAN NIEMANDPARK,MEEU STREET,TSH,79900043,https://powerfailure.tshwane.gov.za/Tshwanesms/Map.aspx,"-25.7118,28.2856|JAN NIEMANDPARK#0",2026-09-24 11:52:55.215094+00:00,2026-09-26 14:25:10.204350+00:00,50.54
-25.7243046,28.2657295,KILNER PARK X01,KLAPPERBOS STREET,TSH,79900052,https://powerfailure.tshwane.gov.za/Tshwanesms/Map.aspx,"-25.7243,28.2657|KILNER PARK X01#0",2026-09-25 10:58:56.127220+00:00,2026-09-26 14:25:10.204350+00:00,27.44
-25.920292,28.1022464,OLIEVENHOUTBOS X22,THATHAZAKO DRIVE,TSH,79900077,https://powerfailure.tshwane.gov.za/Tshwanesms/Map.aspx,"-25.9203,28.1022|OLIEVENHOUTBOS X22#0",2026-09-26 04:51:34.754667+00:00,2026-09-26 14:25:10.204350+00:00,9.56
-25.91831,28.0836485,OLIEVENHOUTBOS X26,LEKKERHOEK STREET,TSH,79900106,https://powerfailure.tshwane.gov.za/Tshwanesms/Map.aspx,"-25.9183,28.0836|OLIEVENHOUTBOS X26#0",2026-09-26 04:51:34.754667+00:00,2026-09-26 14:25:10.204350+00:00,9.56
-25.7175045,28.054228,SWACINA PARK AH,ELM ROAD,TSH,79900055,https://powerfailure.tshwane.gov.za/Tshwanesms/Map.aspx,"-25.7175,28.0542|SWACINA PARK AH#0",2026-09-25 17:15:35.006199+00:00,2026-09-26 14:25:10.204350+00:00,21.16
-25.5349336,28.18228,ROOIWAL 270-JR,"HOUTKAPPER STR, PL HK-092-11-05-04N",TSH,79900096,https://powerfailure.tshwane.gov.za/Tshwanesms/Map.aspx,"-25.5349,28.1823|ROOIWAL 270-JR#0",2026-09-25 17:15:35.006199+00:00,2026-09-26 14:25:10.204350+00:00,21.16
-25.5763644,28.245716,WATERVAL 273-JR,PL P-074-08 (STAND 230),TSH,79900096,https://powerfailure.tshwane.gov.za/Tshwanesms/Map.aspx,"-25.5764,28.2457|WATERVAL 273-JR#0",2026-09-25 05:01:45.026219+00:00,2026-09-26 14:25:10.204350+00:00,33.39
-25.5719333,28.2624835,WATERVAL 273-JR,PL P-074-38-09-03 (STAND 235),TSH,79900096,https://powerfailure.tshwane.gov.za/Tshwanesms/Map.aspx,"-25.5719,28.2625|WATERVAL 273-JR#0",2026-09-25 10:58:56.127220+00:00,2026-09-26 14:25:10.204350+00:00,27.44
-25.5958159,28.2726383,WATERVAL 273-JR,PL P-074-22-44 (STAND 59/R),TSH,79900096,https://powerfailure.tshwane.gov.za/Tshwanesms/Map.aspx,"-25.5958,28.2726|WATERVAL 273-JR#0",2026-09-25 10:58:56.127220+00:00,2026-09-26 14:25:10.204350+00:00,27.44
-25.6025359,28.2684186,WATERVAL 273-JR,PL P-74-22-37-08,TSH,79900096,https://powerfailure.tshwane.gov.za/Tshwanesms/Map.aspx,"-25.6025,28.2684|WATERVAL 273-JR#0",2026-09-25 10:58:56.127220+00:00,2026-09-26 14:25:10.204350+00:00,27.44
-25.5871926,28.2500512,WATERVAL 273-JR,PL P-074-20A (STAND 81),TSH,79900096,https://powerfailure.tshwane.gov.za/Tshwanesms/Map.aspx,"-25.5872,28.2501|WATERVAL 273-JR#0",2026-09-25 05:01:45.026219+00:00,2026-09-26 14:25:10.204350+00:00,33.39
-25.5800605,28.2611307,WATERVAL 273-JR,PL P-74-34-04,TSH,79900096,https://powerfailure.tshwane.gov.za/Tshwanesms/Map.aspx,"-25.5801,28.2611|WATERVAL 273-JR#0",2026-09-25 10:58:56.127220+00:00,2026-09-26 14:25:10.204350+00:00,27.44
-25.5752848,28.2543662,WATERVAL 273-JR,PL P-074-38-07-12-05 (STAND 91/R),TSH,79900096,https://powerfailure.tshwane.gov.za/Tshwanesms/Map.aspx,"-25.5753,28.2544|WATERVAL 273-JR#0",2026-09-25 10:58:56.127220+00:00,2026-09-26 14:25:10.204350+00:00,27.44
-25.5790235,28.2850464,HAAKDOORNLAAGTE 277-JR,HAAKDOORNLAAGTE,TSH,79900096,https://powerfailure.tshwane.gov.za/Tshwanesms/Map.aspx,"-25.5790,28.2850|HAAKDOORNLAAGTE 277-JR#0",2026-09-25 10:58:56.127220+00:00,2026-09-26 14:25:10.204350+00:00,27.44
-25.6006026,28.2776333,HAAKDOORNLAAGTE 277-JR,PL P-074-54-32S (STAND 13),TSH,79900096,https://powerfailure.tshwane.gov.za/Tshwanesms/Map.aspx,"-25.6006,28.2776|HAAKDOORNLAAGTE 277-JR#0",2026-09-25 10:58:56.127220+00:00,2026-09-26 14:25:10.204350+00:00,27.44
-25.6979312,27.9847316,KAMEELDRIFT 313-JR,PL MVN-147-07N-02E,TSH,79900055,https://powerfailure.tshwane.gov.za/Tshwanesms/Map.aspx,"-25.6979,27.9847|KAMEELDRIFT 313-JR#0",2026-09-25 17:15:35.006199+00:00,2026-09-26 14:25:10.204350+00:00,21.16
-25.7127233,27.9748884,KAMEELDRIFT 313-JR,PL MVN 164-19,TSH,79900055,https://powerfailure.tshwane.gov.za/Tshwanesms/Map.aspx,"-25.7127,27.9749|KAMEELDRIFT 313-JR#0",2026-09-23 15:54:26.696532+00:00,2026-09-26 14:25:10.204350+00:00,70.51
-25.700545,27.9877311,KAMEELDRIFT 313-JR,PRETORIA STREET (STAND 488),TSH,79900055,https://powerfailure.tshwane.gov.za/Tshwanesms/Map.aspx,"-25.7005,27.9877|KAMEELDRIFT 313-JR#0",2026-09-23 15:54:26.696532+00:00,2026-09-26 14:25:10.204350+00:00,70.51
-25.7002,28.0426869,BOEKENHOUTKLOOF 315-JR,PL MVN-088B-12-03-04,TSH,79900055,https://powerfailure.tshwane.gov.za/Tshwanesms/Map.aspx,"-25.7002,28.0427|BOEKENHOUTKLOOF 315-JR#0",2026-09-26 14:25:10.204350+00:00,2026-09-26 14:25:10.204350+00:00,0.0
-25.7411701,28.1348433,DANVILLE,DANNHAUSER AVENUE,TSH,79900060,https://powerfailure.tshwane.gov.za/Tshwanesms/Map.aspx,"-25.7412,28.1348|DANVILLE#0",2026-09-24 11:52:55.215094+00:00,2026-09-26 14:25:10.204350+00:00,50.54
-25.8580582,28.1558016,ELDORAIGNE X06,CALEY STREET,TSH,79900069,https://powerfailure.tshwane.gov.za/Tshwanesms/Map.aspx,"-25.8581,28.1558|ELDORAIGNE X06#0",2026-09-23 15:54:26.696532+00:00,2026-09-26 14:25:10.204350+00:00,70.51
-25.8616503,28.1568796,ELDORAIGNE X06,BRINK STREET,TSH,79900069,https://powerfailure.tshwane.gov.za/Tshwanesms/Map.aspx,"-25.8617,28.1569|ELDORAIGNE X06#0",2026-09-23 15:54:26.696532+00:00,2026-09-26 14:25:10.204350+00:00,70.51
-25.8810811,28.1108985,HEUWELOORD X02,TALLOW-WOOD AVENUE,TSH,79900048,https://powerfailure.tshwane.gov.za/Tshwanesms/Map.aspx,"-25.8811,28.1109|HEUWELOORD X02#0",2026-09-26 14:25:10.204350+00:00,2026-09-26 14:25:10.204350+00:00,0.0
-25.8784523,28.1148598,HEUWELOORD X02,MAHOGANY AVENUE,TSH,79900048,https://powerfailure.tshwane.gov.za/Tshwanesms/Map.aspx,"-25.8785,28.1149|HEUWELOORD X02#0",2026-09-26 04:51:34.754667+00:00,2026-09-26 14:25:10.204350+00:00,9.56
-25.8869424,28.1162247,HEUWELOORD X03,CAPE BEECH AVENUE,TSH,79900048,https://powerfailure.tshwane.gov.za/Tshwanesms/Map.aspx,"-25.8869,28.1162|HEUWELOORD X03#0",2026-09-26 04:51:34.754667+00:00,2026-09-26 14:25:10.204350+00:00,9.56
-25.8843122,28.1146739,HEUWELOORD X04,.,TSH,79900048,https://powerfailure.tshwane.gov.za/Tshwanesms/Map.aspx,"-25.8843,28.1147|HEUWELOORD X04#0",2026-09-26 14:25:10.204350+00:00,2026-09-26 14:25:10.204350+00:00,0.0
-25.8829328,28.1174737,HEUWELOORD X04,SILKY OAK AVENUE,TSH,79900048,https://powerfailure.tshwane.gov.za/Tshwanesms/Map.aspx,"-25.8829,28.1175|HEUWELOORD X04#0",2026-09-26 04:51:34.754667+00:00,2026-09-26 14:25:10.204350+00:00,9.56
-25.8872674,28.1937845,HIGHVELD X47,METROPOLITAN STREET,TSH,79900065,https://powerfailure.tshwane.gov.za/Tshwanesms/Map.aspx,"-25.8873,28.1938|HIGHVELD X47#0",2026-09-23 15:54:26.696532+00:00,2026-09-26 14:25:10.204350+00:00,70.51
-25.8870082,28.1945755,HIGHVELD X47,METROPOLITAN STREET,TSH,79900065,https://powerfailure.tshwane.gov.za/Tshwanesms/Map.aspx,"-25.8870,28.1946|HIGHVELD X47#0",2026-09-23 15:54:26.696532+00:00,2026-09-26 14:25:10.204350+00:00,70.51
-25.8782101,28.2326933,IRENE X10,BROADBURY CIRCLE.,TSH,79900065,https://powerfailure.tshwane.gov.za/Tshwanesms/Map.aspx,"-25.8782,28.2327|IRENE X10#0",2026-09-23 15:54:26.696532+00:00,2026-09-26 14:25:10.204350+00:00,70.51
-25.8139798,28.2007049,LYTTELTON MANOR X01,KLOOF AVENUE,TSH,79900057,https://powerfailure.tshwane.gov.za/Tshwanesms/Map.aspx,"-25.8140,28.2007|LYTTELTON MANOR X01#0",2026-09-26 04:51:34.754667+00:00,2026-09-26 14:25:10.204350+00:00,9.56
-25.8462738,28.2069481,LYTTELTON MANOR,SELBORNE AVENUE,TSH,79900057,https://powerfailure.tshwane.gov.za/Tshwanesms/Map.aspx,"-25.8463,28.2069|LYTTELTON MANOR#0",2026-09-23 15:54:26.696532+00:00,2026-09-26 14:25:10.204350+00:00,70.51
-25.8492347,28.2148354,LYTTELTON MANOR,GOLD CIRCLE,TSH,79900057,https://powerfailure.tshwane.gov.za/Tshwanesms/Map.aspx,"-25.8492,28.2148|LYTTELTON MANOR#0",2026-09-23 15:54:26.696532+00:00,2026-09-26 14:25:10.204350+00:00,70.51
-25.8496012,28.2133954,LYTTELTON MANOR X11,LIMPOPO AVENUE,TSH,79900057,https://powerfailure.tshwane.gov.za/Tshwanesms/Map.aspx,"-25.8496,28.2134|LYTTELTON MANOR X11#0",2026-09-23 15:54:26.696532+00:00,2026-09-26 14:25:10.204350+00:00,70.51
-25.7526454,28.2886824,LYNNWOOD MANOR X01,LYNBURN ROAD,TSH,79900046,https://powerfailure.tshwane.gov.za/Tshwanesms/Map.aspx,"-25.7526,28.2887|LYNNWOOD MANOR X01#0",2026-09-23 15:54:26.696532+00:00,2026-09-26 14:25:10.204350+00:00,70.51
-25.7642953,28.2813648,LYNNWOOD MANOR,HALISHAM LANE,TSH,79900046,https://powerfailure.tshwane.gov.za/Tshwanesms/Map.aspx,"-25.7643,28.2814|LYNNWOOD MANOR#0",2026-09-23 15:54:26.696532+00:00,2026-09-26 14:25:10.204350+00:00,70.51
-25.7106723,28.2001005,MAYVILLE,8TH AVENUE,TSH,79900053,https://powerfailure.tshwane.gov.za/Tshwanesms/Map.aspx,"-25.7107,28.2001|MAYVILLE#0",2026-09-25 17:15:35.006199+00:00,2026-09-26 14:25:10.204350+00:00,21.16
-25.8182353,28.3610578,ZWAVELPOORT 373-JR,PL MK-051-07,TSH,79900101,https://powerfailure.tshwane.gov.za/Tshwanesms/Map.aspx,"-25.8182,28.3611|ZWAVELPOORT 373-JR#0",2026-09-23 15:54:26.696532+00:00,2026-09-26 14:25:10.204350+00:00,70.51
-25.5943331,28.1652299,HAAKDOORNBOOM 267-JR,PL SP-082-02,TSH,79900096,https://powerfailure.tshwane.gov.za/Tshwanesms/Map.aspx,"-25.5943,28.1652|HAAKDOORNBOOM 267-JR#0",2026-09-23 15:54:26.696532+00:00,2026-09-26 14:25:10.204350+00:00,70.51
-25.7111589,28.1242812,BOOYSENS,BOEKENHOUTKLOOF STREET,TSH,79900055,https://powerfailure.tshwane.gov.za/Tshwanesms/Map.aspx,"-25.7112,28.1243|BOOYSENS#0",2026-09-23 15:54:26.696532+00:00,2026-09-26 14:25:10.204350+00:00,70.51
-25.7111589,28.1242812,BOOYSENS,BOEKENHOUTKLOOF STREET,TSH,79900055,https://powerfailure.tshwane.gov.za/Tshwanesms/Map.aspx,"-25.7112,28.1243|BOOYSENS#1",2026-09-25 17:15:35.006199+00:00,2026-09-26 14:25:10.204350+00:00,21.16
-25.7108067,28.1270278,BOOYSENS,LUDERITZ STREET,TSH,79900055,https://powerfailure.tshwane.gov.za/Tshwanesms/Map.aspx,"-25.7108,28.1270|BOOYSENS#0",2026-09-25 17:15:35.006199+00:00,2026-09-26 14:25:10.204350+00:00,21.16
-25.8132409,28.2501752,ERASMUSRAND,EMUS ERASMUS AVENUE,TSH,79900042,https://powerfailure.tshwane.gov.za/Tshwanesms/Map.aspx,"-25.8132,28.2502|ERASMUSRAND#0",2026-09-26 04:51:34.754667+00:00,2026-09-26 14:25:10.204350+00:00,9.56
-25.8088987,28.2521669,ERASMUSRAND,RIGEL AVENUE,TSH,79900042,https://powerfailure.tshwane.gov.za/Tshwanesms/Map.aspx,"-25.8089,28.2522|ERASMUSRAND#0",2026-09-26 04:51:34.754667+00:00,2026-09-26 14:25:10.204350+00:00,9.56
-25.8099654,28.2531931,ERASMUSRAND,OOM JOCHEMS' PLACE,TSH,79900042,https://powerfailure.tshwane.gov.za/Tshwanesms/Map.aspx,"-25.8100,28.2532|ERASMUSRAND#0",2026-09-26 14:25:10.204350+00:00,2026-09-26 14:25:10.204350+00:00,0.0
-25.8105532,28.2527534,ERASMUSRAND,OOM JOCHEMS' PLACE,TSH,79900042,https://powerfailure.tshwane.gov.za/Tshwanesms/Map.aspx,"-25.8106,28.2528|ERASMUSRAND#0",2026-09-26 04:51:34.754667+00:00,2026-09-26 14:25:10.204350+00:00,9.56
-25.8117674,28.2502536,ERASMUSRAND,EMUS ERASMUS AVENUE,TSH,79900042,https://powerfailure.tshwane.gov.za/Tshwanesms/Map.aspx,"-25.8118,28.2503|ERASMUSRAND#0",2026-09-26 04:51:34.754667+00:00,2026-09-26 14:25:10.204350+00:00,9.56
-25.8126766,28.2538225,ERASMUSRAND,PAT DYER AVENUE,TSH,79900042,https://powerfailure.tshwane.gov.za/Tshwanesms/Map.aspx,"-25.8127,28.2538|ERASMUSRAND#0",2026-09-26 14:25:10.204350+00:00,2026-09-26 14:25:10.204350+00:00,0.0
-25.8129879,28.2557335,ERASMUSRAND,MAMANTHANE STREET,TSH,79900042,https://powerfailure.tshwane.gov.za/Tshwanesms/Map.aspx,"-25.8130,28.2557|ERASMUSRAND#0",2026-09-26 04:51:34.754667+00:00,2026-09-26 14:25:10.204350+00:00,9.56
-25.812477,28.2545501,ERASMUSRAND,SCHOONGEZICHT,TSH,79900042,https://powerfailure.tshwane.gov.za/Tshwanesms/Map.aspx,"-25.8125,28.2546|ERASMUSRAND#0",2026-09-26 04:51:34.754667+00:00,2026-09-26 14:25:10.204350+00:00,9.56
-25.8116479,28.2551576,ERASMUSRAND,ALBERTUS AVENUE,TSH,79900042,https://powerfailure.tshwane.gov.za/Tshwanesms/Map.aspx,"-25.8116,28.2552|ERASMUSRAND#0",2026-09-26 14:25:10.204350+00:00,2026-09-26 14:25:10.204350+00:00,0.0
-25.8122525,28.2560566,ERASMUSRAND,WYNANDSKRAAL STREET,TSH,79900042,https://powerfailure.tshwane.gov.za/Tshwanesms/Map.aspx,"-25.8123,28.2561|ERASMUSRAND#0",2026-09-26 04:51:34.754667+00:00,2026-09-26 14:25:10.204350+00:00,9.56
-25.7550987,28.1959469,PRETORIA,JEFF MASEMOLA  STREET,TSH,79900080,https://powerfailure.tshwane.gov.za/Tshwanesms/Map.aspx,"-25.7551,28.1959|PRETORIA#0",2026-09-23 15:54:26.696532+00:00,2026-09-26 14:25:10.204350+00:00,70.51
-25.7424538,28.1699948,PRETORIA,VOM HAGEN STREET,TSH,79900058,https://powerfailure.tshwane.gov.za/Tshwanesms/Map.aspx,"-25.7425,28.1700|PRETORIA#0",2026-09-24 11:52:55.215094+00:00,2026-09-26 14:25:10.204350+00:00,50.54
-25.7479431,28.1824821,PRETORIA,PRETORIUS STREET,TSH,79900058,https://powerfailure.tshwane.gov.za/Tshwanesms/Map.aspx,"-25.7479,28.1825|PRETORIA#0",2026-09-23 15:54:26.696532+00:00,2026-09-26 14:25:10.204350+00:00,70.51
-25.7520032,28.187997,PRETORIA,VISAGIE STREET,TSH,79900058,https://powerfailure.tshwane.gov.za/Tshwanesms/Map.aspx,"-25.7520,28.1880|PRETORIA#0",2026-09-23 15:54:26.696532+00:00,2026-09-26 14:25:10.204350+00:00,70.51
-25.7287502,28.2856739,SILVERTON,KRISTAL STREET,TSH,79900046,https://powerfailure.tshwane.gov.za/Tshwanesms/Map.aspx,"-25.7288,28.2857|SILVERTON#0",2026-09-23 15:54:26.696532+00:00,2026-09-26 14:25:10.204350+00:00,70.51
-25.7287533,28.2851183,SILVERTON,KRISTAL STREET,TSH,79900046,https://powerfailure.tshwane.gov.za/Tshwanesms/Map.aspx,"-25.7288,28.2851|SILVERTON#0",2026-09-23 15:54:26.696532+00:00,2026-09-26 14:25:10.204350+00:00,70.51
-25.7257179,28.2262108,VILLIERIA,EBEN ROUX STREET,TSH,79900084,https://powerfailure.tshwane.gov.za/Tshwanesms/Map.aspx,"-25.7257,28.2262|VILLIERIA#0",2026-09-26 14:25:10.204350+00:00,2026-09-26 14:25:10.204350+00:00,0.0
-25.7208693,28.7185591,RETHABISENG X03,RETHABISENG,TSH,79900103,https://powerfailure.tshwane.gov.za/Tshwanesms/Map.aspx,"-25.7209,28.7186|RETHABISENG X03#0",2026-09-23 15:54:26.696532+00:00,2026-09-26 14:25:10.204350+00:00,70.51
-25.8181635,28.7310715,VERSTERPARK AH,VERSTERPARK AH,TSH,79900105,https://powerfailure.tshwane.gov.za/Tshwanesms/Map.aspx,"-25.8182,28.7311|VERSTERPARK AH#0",2026-09-23 15:54:26.696532+00:00,2026-09-26 14:25:10.204350+00:00,70.51
-25.462804,28.090784,SOSHANGUVE-GG,STAND 646,TSH,79900094,https://powerfailure.tshwane.gov.za/Tshwanesms/Map.aspx,"-25.4628,28.0908|SOSHANGUVE-GG#0",2026-09-23 15:54:26.696532+00:00,2026-09-26 14:25:10.204350+00:00,70.51
-25.5230362,28.1013101,SOSHANGUVE-H,STAND 1568,TSH,79900034,https://powerfailure.tshwane.gov.za/Tshwanesms/Map.aspx,"-25.5230,28.1013|SOSHANGUVE-H#0",2026-09-23 15:54:26.696532+00:00,2026-09-26 14:25:10.204350+00:00,70.51
-25.5253247,28.1151494,SOSHANGUVE-H,STAND 2189,TSH,79900034,https://powerfailure.tshwane.gov.za/Tshwanesms/Map.aspx,"-25.5253,28.1151|SOSHANGUVE-H#0",2026-09-23 15:54:26.696532+00:00,2026-09-26 14:25:10.204350+00:00,70.51
-25.4474937,28.0877214,SOSHANGUVE-HH,STAND 358,TSH,79900011,https://powerfailure.tshwane.gov.za/Tshwanesms/Map.aspx,"-25.4475,28.0877|SOSHANGUVE-HH#0",2026-09-23 15:54:26.696532+00:00,2026-09-26 14:25:10.204350+00:00,70.51
-25.722024,28.1366223,CLAREMONT,SCHURMANNS AVENUE,TSH,79900055,https://powerfailure.tshwane.gov.za/Tshwanesms/Map.aspx,"-25.7220,28.1366|CLAREMONT#0",2026-09-25 10:58:56.127220+00:00,2026-09-26 14:25:10.204350+00:00,27.44
-25.4958599,28.1051479,SOSHANGUVE-BB,STAND 1122,TSH,79900033,https://powerfailure.tshwane.gov.za/Tshwanesms/Map.aspx,"-25.4959,28.1051|SOSHANGUVE-BB#0",2026-09-24 11:52:55.215094+00:00,2026-09-26 14:25:10.204350+00:00,50.54
-25.7045659,28.3080681,EERSTERUST X06,FLORRIE TATE STREET,TSH,79900043,https://powerfailure.tshwane.gov.za/Tshwanesms/Map.aspx,"-25.7046,28.3081|EERSTERUST X06#0",2026-09-23 15:54:26.696532+00:00,2026-09-26 14:25:10.204350+00:00,70.51
-25.7535285,27.9344888,RIETFONTEIN 485 JQ,PL MVS-165-74W-4S (PORTION 139),NW372,63702030,https://powerfailure.tshwane.gov.za/Tshwanesms/Map.aspx,"-25.7535,27.9345|RIETFONTEIN 485 JQ#0",2026-09-25 17:15:35.006199+00:00,2026-09-26 14:25:10.204350+00:00,21.16
-25.7830282,28.0917992,LAUDIUM X02,MENDHI STREET,TSH,79900061,https://powerfailure.tshwane.gov.za/Tshwanesms/Map.aspx,"-25.7830,28.0918|LAUDIUM X02#0",2026-09-23 15:54:26.696532+00:00,2026-09-26 14:25:10.204350+00:00,70.51
-25.7005019,28.3982663,MAMELODI X05,MMUTLANA STREET,TSH,79900016,https://powerfailure.tshwane.gov.za/Tshwanesms/Map.aspx,"-25.7005,28.3983|MAMELODI X05#0",2026-09-24 11:52:55.215094+00:00,2026-09-26 14:25:10.204350+00:00,50.54
-25.7006316,28.3983323,MAMELODI X05,MMUTLANA STREET,TSH,79900016,https://powerfailure.tshwane.gov.za/Tshwanesms/Map.aspx,"-25.7006,28.3983|MAMELODI X05#0",2026-09-24 11:52:55.215094+00:00,2026-09-26 14:25:10.204350+00:00,50.54
-25.7366654,28.3626689,NELLMAPIUS X04,MODIRO ROAD,TSH,79900086,https://powerfailure.tshwane.gov.za/Tshwanesms/Map.aspx,"-25.7367,28.3627|NELLMAPIUS X04#0",2026-09-23 15:54:26.696532+00:00,2026-09-26 14:25:10.204350+00:00,70.51
-25.7416851,28.3638013,NELLMAPIUS X04,ODIRILE STREET,TSH,79900086,https://powerfailure.tshwane.gov.za/Tshwanesms/Map.aspx,"-25.7417,28.3638|NELLMAPIUS X04#0",2026-09-23 15:54:26.696532+00:00,2026-09-26 14:25:10.204350+00:00,70.51
-25.7437654,28.3614745,NELLMAPIUS X04,SAAMROEP STREET,TSH,79900086,https://powerfailure.tshwane.gov.za/Tshwanesms/Map.aspx,"-25.7438,28.3615|NELLMAPIUS X04#0",2026-09-23 15:54:26.696532+00:00,2026-09-26 14:25:10.204350+00:00,70.51
-25.7439605,28.362035,NELLMAPIUS X04,SAAMROEP STREET,TSH,79900086,https://powerfailure.tshwane.gov.za/Tshwanesms/Map.aspx,"-25.7440,28.3620|NELLMAPIUS X04#0",2026-09-23 15:54:26.696532+00:00,2026-09-26 14:25:10.204350+00:00,70.51
-25.7444765,28.3577398,NELLMAPIUS X04,LOKILE STREET,TSH,79900086,https://powerfailure.tshwane.gov.za/Tshwanesms/Map.aspx,"-25.7445,28.3577|NELLMAPIUS X04#0",2026-09-23 15:54:26.696532+00:00,2026-09-26 14:25:10.204350+00:00,70.51
-25.7303239,28.3757456,NELLMAPIUS X06,IODINE STREET,TSH,79900015,https://powerfailure.tshwane.gov.za/Tshwanesms/Map.aspx,"-25.7303,28.3757|NELLMAPIUS X06#0",2026-09-23 15:54:26.696532+00:00,2026-09-26 14:25:10.204350+00:00,70.51
-25.7394932,28.3877252,NELLMAPIUS X08,XENON STREET,TSH,79900015,https://powerfailure.tshwane.gov.za/Tshwanesms/Map.aspx,"-25.7395,28.3877|NELLMAPIUS X08#0",2026-09-23 15:54:26.696532+00:00,2026-09-26 14:25:10.204350+00:00,70.51
-25.7395852,28.3867742,NELLMAPIUS X08,XENON STREET,TSH,79900015,https://powerfailure.tshwane.gov.za/Tshwanesms/Map.aspx,"-25.7396,28.3868|NELLMAPIUS X08#0",2026-09-23 15:54:26.696532+00:00,2026-09-26 14:25:10.204350+00:00,70.51
-25.8454479,28.3315216,RIETFONTEIN 375-JR,SPACE WALK STREET,TSH,79900091,https://powerfailure.tshwane.gov.za/Tshwanesms/Map.aspx,"-25.8454,28.3315|RIETFONTEIN 375-JR#0",2026-09-23 15:54:26.696532+00:00,2026-09-26 14:25:10.204350+00:00,70.51
-25.8537158,28.336846,RIETFONTEIN 375-JR,KING WILLOW AVENUE,TSH,79900091,https://powerfailure.tshwane.gov.za/Tshwanesms/Map.aspx,"-25.8537,28.3368|RIETFONTEIN 375-JR#0",2026-09-23 15:54:26.696532+00:00,2026-09-26 14:25:10.204350+00:00,70.51
-25.7303631,28.2221856,RIETONDALE,DALE ROAD,TSH,79900084,https://powerfailure.tshwane.gov.za/Tshwanesms/Map.aspx,"-25.7304,28.2222|RIETONDALE#0",2026-09-26 14:25:10.204350+00:00,2026-09-26 14:25:10.204350+00:00,0.0
-25.7303718,28.2254433,RIETONDALE,NORTH STREET,TSH,79900084,https://powerfailure.tshwane.gov.za/Tshwanesms/Map.aspx,"-25.7304,28.2254|RIETONDALE#0",2026-09-26 14:25:10.204350+00:00,2026-09-26 14:25:10.204350+00:00,0.0
-25.7291845,28.2282297,RIETONDALE,LYS STREET,TSH,79900084,https://powerfailure.tshwane.gov.za/Tshwanesms/Map.aspx,"-25.7292,28.2282|RIETONDALE#0",2026-09-26 14:25:10.204350+00:00,2026-09-26 14:25:10.204350+00:00,0.0
-25.7276983,28.2216401,RIETONDALE,BUFFELS ROAD,TSH,79900084,https://powerfailure.tshwane.gov.za/Tshwanesms/Map.aspx,"-25.7277,28.2216|RIETONDALE#0",2026-09-26 14:25:10.204350+00:00,2026-09-26 14:25:10.204350+00:00,0.0
-25.7272138,28.2212351,RIETONDALE,BUFFELS ROAD,TSH,79900084,https://powerfailure.tshwane.gov.za/Tshwanesms/Map.aspx,"-25.7272,28.2212|RIETONDALE#0",2026-09-26 14:25:10.204350+00:00,2026-09-26 14:25:10.204350+00:00,0.0
-25.727572,28.2245127,RIETONDALE,MORRISON AVENUE,TSH,79900084,https://powerfailure.tshwane.gov.za/Tshwanesms/Map.aspx,"-25.7276,28.2245|RIETONDALE#0",2026-09-26 14:25:10.204350+00:00,2026-09-26 14:25:10.204350+00:00,0.0
-25.7285764,28.2212356,RIETONDALE,BUFFELS ROAD,TSH,79900084,https://powerfailure.tshwane.gov.za/Tshwanesms/Map.aspx,"-25.7286,28.2212|RIETONDALE#0",2026-09-26 14:25:10.204350+00:00,2026-09-26 14:25:10.204350+00:00,0.0
-25.7283181,28.2272119,RIETONDALE,BUFFELS ROAD,TSH,79900084,https://powerfailure.tshwane.gov.za/Tshwanesms/Map.aspx,"-25.7283,28.2272|RIETONDALE#0",2026-09-26 14:25:10.204350+00:00,2026-09-26 14:25:10.204350+00:00,0.0
-25.7352163,28.2231854,RIETONDALE,RUSSEL STREET,TSH,79900084,https://powerfailure.tshwane.gov.za/Tshwanesms/Map.aspx,"-25.7352,28.2232|RIETONDALE#0",2026-09-26 14:25:10.204350+00:00,2026-09-26 14:25:10.204350+00:00,0.0
-25.7295421,28.2114952,RIVIERA,MALAN STREET,TSH,79900053,https://powerfailure.tshwane.gov.za/Tshwanesms/Map.aspx,"-25.7295,28.2115|RIVIERA#0",2026-09-26 14:25:10.204350+00:00,2026-09-26 14:25:10.204350+00:00,0.0
-25.7309061,28.213476,RIVIERA,ROSE STREET,TSH,79900053,https://powerfailure.tshwane.gov.za/Tshwanesms/Map.aspx,"-25.7309,28.2135|RIVIERA#0",2026-09-26 14:25:10.204350+00:00,2026-09-26 14:25:10.204350+00:00,0.0
-25.7318513,28.211439,RIVIERA,ROSE STREET,TSH,79900053,https://powerfailure.tshwane.gov.za/Tshwanesms/Map.aspx,"-25.7319,28.2114|RIVIERA#0",2026-09-26 14:25:10.204350+00:00,2026-09-26 14:25:10.204350+00:00,0.0
-25.7323903,28.2133735,RIVIERA,ANNIE BOTHA AVENUE,TSH,79900053,https://powerfailure.tshwane.gov.za/Tshwanesms/Map.aspx,"-25.7324,28.2134|RIVIERA#0",2026-09-26 14:25:10.204350+00:00,2026-09-26 14:25:10.204350+00:00,0.0
-25.733319,28.211703,RIVIERA,ANNIE BOTHA AVENUE,TSH,79900053,https://powerfailure.tshwane.gov.za/Tshwanesms/Map.aspx,"-25.7333,28.2117|RIVIERA#0",2026-09-26 14:25:10.204350+00:00,2026-09-26 14:25:10.204350+00:00,0.0
-25.732302,28.2103227,RIVIERA,VILJOEN STREET,TSH,79900053,https://powerfailure.tshwane.gov.za/Tshwanesms/Map.aspx,"-25.7323,28.2103|RIVIERA#0",2026-09-26 14:25:10.204350+00:00,2026-09-26 14:25:10.204350+00:00,0.0
-25.7308486,28.2161071,RIVIERA,KLARADYN STREET,TSH,79900053,https://powerfailure.tshwane.gov.za/Tshwanesms/Map.aspx,"-25.7308,28.2161|RIVIERA#0",2026-09-26 04:51:34.754667+00:00,2026-09-26 14:25:10.204350+00:00,9.56
-25.7350147,28.2201414,RIVIERA,BETTY STREET,TSH,79900084,https://powerfailure.tshwane.gov.za/Tshwanesms/Map.aspx,"-25.7350,28.2201|RIVIERA#0",2026-09-26 14:25:10.204350+00:00,2026-09-26 14:25:10.204350+00:00,0.0
-25.7364106,28.2139359,RIVIERA,PIETER BOUWER STREET,TSH,79900053,https://powerfailure.tshwane.gov.za/Tshwanesms/Map.aspx,"-25.7364,28.2139|RIVIERA#0",2026-09-26 14:25:10.204350+00:00,2026-09-26 14:25:10.204350+00:00,0.0
-25.7110506,28.1739448,ROSEVILLE,FRANZINA STREET,TSH,79900001,https://powerfailure.tshwane.gov.za/Tshwanesms/Map.aspx,"-25.7111,28.1739|ROSEVILLE#0",2026-09-23 15:54:26.696532+00:00,2026-09-26 14:25:10.204350+00:00,70.51
-25.7068585,28.1733691,ROSEVILLE,SOPHIA STREET,TSH,79900001,https://powerfailure.tshwane.gov.za/Tshwanesms/Map.aspx,"-25.7069,28.1734|ROSEVILLE#0",2026-09-23 15:54:26.696532+00:00,2026-09-26 14:25:10.204350+00:00,70.51
-25.8991081,28.1341906,THE REEDS X15,VICTOR STREET,TSH,79900064,https://powerfailure.tshwane.gov.za/Tshwanesms/Map.aspx,"-25.8991,28.1342|THE REEDS X15#0",2026-09-26 04:51:34.754667+00:00,2026-09-26 14:25:10.204350+00:00,9.56
-25.8969457,28.1271402,THE REEDS X05,BOET ERASMUS STREET,TSH,79900064,https://powerfailure.tshwane.gov.za/Tshwanesms/Map.aspx,"-25.8969,28.1271|THE REEDS X05#0",2026-09-26 04:51:34.754667+00:00,2026-09-26 14:25:10.204350+00:00,9.56
-25.8990984,28.1311479,THE REEDS X05,JAN ELLIS STREET,TSH,79900064,https://powerfailure.tshwane.gov.za/Tshwanesms/Map.aspx,"-25.8991,28.1311|THE REEDS X05#0",2026-09-26 14:25:10.204350+00:00,2026-09-26 14:25:10.204350+00:00,0.0
-25.9002567,28.1302172,THE REEDS X05,ROB LOUW STREET,TSH,79900064,https://powerfailure.tshwane.gov.za/Tshwanesms/Map.aspx,"-25.9003,28.1302|THE REEDS X05#0",2026-09-26 04:51:34.754667+00:00,2026-09-26 14:25:10.204350+00:00,9.56
-25.9022642,28.1298772,THE REEDS X05,JAN ELLIS STREET,TSH,79900064,https://powerfailure.tshwane.gov.za/Tshwanesms/Map.aspx,"-25.9023,28.1299|THE REEDS X05#0",2026-09-26 14:25:10.204350+00:00,2026-09-26 14:25:10.204350+00:00,0.0
-25.6481499,28.1086884,THE ORCHARDS X10,SEYMORE ROAD,TSH,79900004,https://powerfailure.tshwane.gov.za/Tshwanesms/Map.aspx,"-25.6481,28.1087|THE ORCHARDS X10#0",2026-09-23 15:54:26.696532+00:00,2026-09-26 14:25:10.204350+00:00,70.51
-25.6492526,28.1107923,THE ORCHARDS X10,NIC OOSTHUIZEN STREET,TSH,79900004,https://powerfailure.tshwane.gov.za/Tshwanesms/Map.aspx,"-25.6493,28.1108|THE ORCHARDS X10#0",2026-09-23 15:54:26.696532+00:00,2026-09-26 14:25:10.204350+00:00,70.51
-25.7117092,28.1510167,DASPOORT,MOOT STREET,TSH,79900001,https://powerfailure.tshwane.gov.za/Tshwanesms/Map.aspx,"-25.7117,28.1510|DASPOORT#0",2026-09-24 11:52:55.215094+00:00,2026-09-26 14:25:10.204350+00:00,50.54
-25.7141666,28.1506613,DASPOORT,VAN RIEBEEK ROAD,TSH,79900001,https://powerfailure.tshwane.gov.za/Tshwanesms/Map.aspx,"-25.7142,28.1507|DASPOORT#0",2026-09-26 04:51:34.754667+00:00,2026-09-26 14:25:10.204350+00:00,9.56
-25.5089469,28.1140463,SOSHANGUVE-G,STAND 1112,TSH,79900033,https://powerfailure.tshwane.gov.za/Tshwanesms/Map.aspx,"-25.5089,28.1140|SOSHANGUVE-G#0",2026-09-23 15:54:26.696532+00:00,2026-09-26 14:25:10.204350+00:00,70.51
-25.5314287,28.094821,SOSHANGUVE-M,STAND 367,TSH,79900035,https://powerfailure.tshwane.gov.za/Tshwanesms/Map.aspx,"-25.5314,28.0948|SOSHANGUVE-M#0",2026-09-23 15:54:26.696532+00:00,2026-09-26 14:25:10.204350+00:00,70.51
-25.5316851,28.0955136,SOSHANGUVE-M,STAND 397,TSH,79900035,https://powerfailure.tshwane.gov.za/Tshwanesms/Map.aspx,"-25.5317,28.0955|SOSHANGUVE-M#0",2026-09-23 15:54:26.696532+00:00,2026-09-26 14:25:10.204350+00:00,70.51
-25.551154,28.0916685,SOSHANGUVE-M X01,STAND 2687,TSH,79900036,https://powerfailure.tshwane.gov.za/Tshwanesms/Map.aspx,"-25.5512,28.0917|SOSHANGUVE-M X01#0",2026-09-23 15:54:26.696532+00:00,2026-09-26 14:25:10.204350+00:00,70.51
-25.7035764,28.2902636,JAN NIEMANDPARK,SUIKERBEKKIE STREET,TSH,79900087,https://powerfailure.tshwane.gov.za/Tshwanesms/Map.aspx,"-25.7036,28.2903|JAN NIEMANDPARK#0",2026-09-23 15:54:26.696532+00:00,2026-09-26 14:25:10.204350+00:00,70.51
-25.8130955,27.8907468,BROEDERSTROOM 481 JQ,BR-016-24S,NW372,63702029,https://powerfailure.tshwane.gov.za/Tshwanesms/Map.aspx,"-25.8131,27.8907|BROEDERSTROOM 481 JQ#0",2026-09-25 17:15:35.006199+00:00,2026-09-26 14:25:10.204350+00:00,21.16
-25.9207262,28.1037664,OLIEVENHOUTBOS X22,STAND,TSH,79900077,https://powerfailure.tshwane.gov.za/Tshwanesms/Map.aspx,"-25.9207,28.1038|OLIEVENHOUTBOS X22#0",2026-09-26 04:51:34.754667+00:00,2026-09-26 14:25:10.204350+00:00,9.56
-25.9215154,28.1004763,OLIEVENHOUTBOS X22,UNKNOWN,TSH,79900077,https://powerfailure.tshwane.gov.za/Tshwanesms/Map.aspx,"-25.9215,28.1005|OLIEVENHOUTBOS X22#0",2026-09-26 14:25:10.204350+00:00,2026-09-26 14:25:10.204350+00:00,0.0
-25.5784116,28.2770908,WATERVAL 273-JR,PL P-074-54-02N (STAND 149),TSH,79900096,https://powerfailure.tshwane.gov.za/Tshwanesms/Map.aspx,"-25.5784,28.2771|WATERVAL 273-JR#0",2026-09-25 10:58:56.127220+00:00,2026-09-26 14:25:10.204350+00:00,27.44
-25.5634115,28.2528518,WATERVAL 273-JR,PL P-74-06-15-03 (STAND 179),TSH,79900096,https://powerfailure.tshwane.gov.za/Tshwanesms/Map.aspx,"-25.5634,28.2529|WATERVAL 273-JR#0",2026-09-25 10:58:56.127220+00:00,2026-09-26 14:25:10.204350+00:00,27.44
-25.5709524,28.2453618,WATERVAL 273-JR,PL P-74-06-07,TSH,79900096,https://powerfailure.tshwane.gov.za/Tshwanesms/Map.aspx,"-25.5710,28.2454|WATERVAL 273-JR#0",2026-09-24 04:53:01.668402+00:00,2026-09-26 14:25:10.204350+00:00,57.54
-25.5806699,28.2550007,WATERVAL 273-JR,PL P-74-27-01,TSH,79900096,https://powerfailure.tshwane.gov.za/Tshwanesms/Map.aspx,"-25.5807,28.2550|WATERVAL 273-JR#0",2026-09-25 05:01:45.026219+00:00,2026-09-26 14:25:10.204350+00:00,33.39
-25.7107383,28.0378337,KAMEELDRIFT 313-JR,PL MVN-092-06S-06E-15S,TSH,79900055,https://powerfailure.tshwane.gov.za/Tshwanesms/Map.aspx,"-25.7107,28.0378|KAMEELDRIFT 313-JR#0",2026-09-23 15:54:26.696532+00:00,2026-09-26 14:25:10.204350+00:00,70.51
-25.6884437,28.032497,KAMEELDRIFT 313-JR,MVN-088C-02-18,TSH,79900055,https://powerfailure.tshwane.gov.za/Tshwanesms/Map.aspx,"-25.6884,28.0325|KAMEELDRIFT 313-JR#0",2026-09-23 15:54:26.696532+00:00,2026-09-26 14:25:10.204350+00:00,70.51
-25.7309158,27.9756939,KAMEELDRIFT 313-JR,348,TSH,79900055,https://powerfailure.tshwane.gov.za/Tshwanesms/Map.aspx,"-25.7309,27.9757|KAMEELDRIFT 313-JR#0",2026-09-26 14:25:10.204350+00:00,2026-09-26 14:25:10.204350+00:00,0.0
-25.6929318,28.0190412,KAMEELDRIFT 313-JR,PL MVN-100-09N,TSH,79900055,https://powerfailure.tshwane.gov.za/Tshwanesms/Map.aspx,"-25.6929,28.0190|KAMEELDRIFT 313-JR#0",2026-09-23 15:54:26.696532+00:00,2026-09-26 14:25:10.204350+00:00,70.51
-25.6967611,27.9696699,KAMEELDRIFT 313-JR,PL MVN-166-07,TSH,79900055,https://powerfailure.tshwane.gov.za/Tshwanesms/Map.aspx,"-25.6968,27.9697|KAMEELDRIFT 313-JR#0",2026-09-23 15:54:26.696532+00:00,2026-09-26 14:25:10.204350+00:00,70.51
-25.7047708,28.0262545,KAMEELDRIFT 313-JR,PL MVN-092-08S-03W,TSH,79900055,https://powerfailure.tshwane.gov.za/Tshwanesms/Map.aspx,"-25.7048,28.0263|KAMEELDRIFT 313-JR#0",2026-09-25 17:15:35.006199+00:00,2026-09-26 14:25:10.204350+00:00,21.16
-25.7117286,28.0269747,KAMEELDRIFT 313-JR,PL MVN-092-12S-08W,TSH,79900055,https://powerfailure.tshwane.gov.za/Tshwanesms/Map.aspx,"-25.7117,28.0270|KAMEELDRIFT 313-JR#0",2026-09-25 17:15:35.006199+00:00,2026-09-26 14:25:10.204350+00:00,21.16
-25.7280726,27.9759291,KAMEELDRIFT 313-JR,73/R,TSH,79900055,https://powerfailure.tshwane.gov.za/Tshwanesms/Map.aspx,"-25.7281,27.9759|KAMEELDRIFT 313-JR#0",2026-09-24 11:52:55.215094+00:00,2026-09-26 14:25:10.204350+00:00,50.54
-25.864335,28.1530969,ELDORAIGNE X09,PIET HUGO AVENUE,TSH,79900069,https://powerfailure.tshwane.gov.za/Tshwanesms/Map.aspx,"-25.8643,28.1531|ELDORAIGNE X09#0",2026-09-23 15:54:26.696532+00:00,2026-09-26 14:25:10.204350+00:00,70.51
-25.8582654,28.1545082,ELDORAIGNE X27,JUSTIN CRESCENT,TSH,79900069,https://powerfailure.tshwane.gov.za/Tshwanesms/Map.aspx,"-25.8583,28.1545|ELDORAIGNE X27#0",2026-09-23 15:54:26.696532+00:00,2026-09-26 14:25:10.204350+00:00,70.51
-25.8574629,28.1544445,ELDORAIGNE X27,JUSTIN CRESCENT,TSH,79900069,https://powerfailure.tshwane.gov.za/Tshwanesms/Map.aspx,"-25.8575,28.1544|ELDORAIGNE X27#0",2026-09-23 15:54:26.696532+00:00,2026-09-26 14:25:10.204350+00:00,70.51
-25.8878895,28.1103174,HEUWELOORD X03,RHODESIAN TEAK AVENUE,TSH,79900048,https://powerfailure.tshwane.gov.za/Tshwanesms/Map.aspx,"-25.8879,28.1103|HEUWELOORD X03#0",2026-09-26 04:51:34.754667+00:00,2026-09-26 14:25:10.204350+00:00,9.56
-25.8869547,28.1101002,HEUWELOORD X03,MINGERHOUT AVENUE,TSH,79900048,https://powerfailure.tshwane.gov.za/Tshwanesms/Map.aspx,"-25.8870,28.1101|HEUWELOORD X03#0",2026-09-26 04:51:34.754667+00:00,2026-09-26 14:25:10.204350+00:00,9.56
-25.8846327,28.1108859,HEUWELOORD X03,SILWER EIKE AVENUE,TSH,79900048,https://powerfailure.tshwane.gov.za/Tshwanesms/Map.aspx,"-25.8846,28.1109|HEUWELOORD X03#0",2026-09-26 04:51:34.754667+00:00,2026-09-26 14:25:10.204350+00:00,9.56
-25.8678325,28.216076,IRENE,QUEEN STREET,TSH,79900065,https://powerfailure.tshwane.gov.za/Tshwanesms/Map.aspx,"-25.8678,28.2161|IRENE#0",2026-09-23 15:54:26.696532+00:00,2026-09-26 14:25:10.204350+00:00,70.51
-25.7751891,28.2827824,LYNNWOOD GLEN,CLEARWATER ROAD,TSH,79900046,https://powerfailure.tshwane.gov.za/Tshwanesms/Map.aspx,"-25.7752,28.2828|LYNNWOOD GLEN#0",2026-09-23 15:54:26.696532+00:00,2026-09-26 14:25:10.204350+00:00,70.51
-25.7782507,28.2908609,LYNNWOOD PARK,EDNA STREET,TSH,79900046,https://powerfailure.tshwane.gov.za/Tshwanesms/Map.aspx,"-25.7783,28.2909|LYNNWOOD PARK#0",2026-09-23 15:54:26.696532+00:00,2026-09-26 14:25:10.204350+00:00,70.51
-25.7789445,28.2917059,LYNNWOOD PARK,EDNA STREET,TSH,79900046,https://powerfailure.tshwane.gov.za/Tshwanesms/Map.aspx,"-25.7789,28.2917|LYNNWOOD PARK#0",2026-09-23 15:54:26.696532+00:00,2026-09-26 14:25:10.204350+00:00,70.51
-25.8177999,28.1972759,LYTTELTON MANOR X01,RETIEF AVENUE,TSH,79900057,https://powerfailure.tshwane.gov.za/Tshwanesms/Map.aspx,"-25.8178,28.1973|LYTTELTON MANOR X01#0",2026-09-26 14:25:10.204350+00:00,2026-09-26 14:25:10.204350+00:00,0.0
-25.8476203,28.2149536,LYTTELTON MANOR X11,GOLD CIRCLE,TSH,79900057,https://powerfailure.tshwane.gov.za/Tshwanesms/Map.aspx,"-25.8476,28.2150|LYTTELTON MANOR X11#0",2026-09-23 15:54:26.696532+00:00,2026-09-26 14:25:10.204350+00:00,70.51
-25.7093121,28.2000993,MAYVILLE,FRED NICHOLSON STREET,TSH,79900053,https://powerfailure.tshwane.gov.za/Tshwanesms/Map.aspx,"-25.7093,28.2001|MAYVILLE#0",2026-09-25 11:54:53.380939+00:00,2026-09-26 14:25:10.204350+00:00,26.5
-25.7711015,28.2663701,MENLO PARK,KAY AVENUE,TSH,79900082,https://powerfailure.tshwane.gov.za/Tshwanesms/Map.aspx,"-25.7711,28.2664|MENLO PARK#0",2026-09-23 15:54:26.696532+00:00,2026-09-26 14:25:10.204350+00:00,70.51
-25.7707285,28.2650953,MENLO PARK,KAY AVENUE,TSH,79900082,https://powerfailure.tshwane.gov.za/Tshwanesms/Map.aspx,"-25.7707,28.2651|MENLO PARK#0",2026-09-23 15:54:26.696532+00:00,2026-09-26 14:25:10.204350+00:00,70.51
-25.9088508,28.0848483,OLIEVENHOUTBOS X37,STAND,TSH,79900106,https://powerfailure.tshwane.gov.za/Tshwanesms/Map.aspx,"-25.9089,28.0848|OLIEVENHOUTBOS X37#0",2026-09-26 14:25:10.204350+00:00,2026-09-26 14:25:10.204350+00:00,0.0
-25.7379381,28.5356698,RAYTON,NAUDE,TSH,79900100,https://powerfailure.tshwane.gov.za/Tshwanesms/Map.aspx,"-25.7379,28.5357|RAYTON#0",2026-09-23 21:32:43.518437+00:00,2026-09-26 14:25:10.204350+00:00,64.87
-25.5645363,28.1313805,ONDERSTEPOORT 266-JR,STAND 46,TSH,79900096,https://powerfailure.tshwane.gov.za/Tshwanesms/Map.aspx,"-25.5645,28.1314|ONDERSTEPOORT 266-JR#0",2026-09-23 15:54:26.696532+00:00,2026-09-26 14:25:10.204350+00:00,70.51
-25.5888159,28.171004,HAAKDOORNBOOM 267-JR,PL SP-088-02,TSH,79900096,https://powerfailure.tshwane.gov.za/Tshwanesms/Map.aspx,"-25.5888,28.1710|HAAKDOORNBOOM 267-JR#0",2026-09-23 15:54:26.696532+00:00,2026-09-26 14:25:10.204350+00:00,70.51
-25.8116743,28.7329428,HONDSRIVIER 508-JR,CATHIE STREET,TSH,79900105,https://powerfailure.tshwane.gov.za/Tshwanesms/Map.aspx,"-25.8117,28.7329|HONDSRIVIER 508-JR#0",2026-09-23 15:54:26.696532+00:00,2026-09-26 14:25:10.204350+00:00,70.51
-25.7109402,28.1228232,BOOYSENS,THEO SLABBERT AVENUE,TSH,79900055,https://powerfailure.tshwane.gov.za/Tshwanesms/Map.aspx,"-25.7109,28.1228|BOOYSENS#0",2026-09-25 10:58:56.127220+00:00,2026-09-26 14:25:10.204350+00:00,27.44
-25.4541245,28.0932713,SOSHANGUVE-HH,HLANGANANI STREET,TSH,79900094,https://powerfailure.tshwane.gov.za/Tshwanesms/Map.aspx,"-25.4541,28.0933|SOSHANGUVE-HH#0",2026-09-23 15:54:26.696532+00:00,2026-09-26 14:25:10.204350+00:00,70.51
-25.7104369,28.1553982,DASPOORT ESTATE,FRIEDA STREET,TSH,79900001,https://powerfailure.tshwane.gov.za/Tshwanesms/Map.aspx,"-25.7104,28.1554|DASPOORT ESTATE#0",2026-09-23 15:54:26.696532+00:00,2026-09-26 14:25:10.204350+00:00,70.51
-25.7092672,28.1556266,DASPOORT ESTATE,KEYTER STREET,TSH,79900001,https://powerfailure.tshwane.gov.za/Tshwanesms/Map.aspx,"-25.7093,28.1556|DASPOORT ESTATE#0",2026-09-23 15:54:26.696532+00:00,2026-09-26 14:25:10.204350+00:00,70.51
-25.4594886,28.0820347,SOSHANGUVE-JJ,STAND 749,TSH,79900011,https://powerfailure.tshwane.gov.za/Tshwanesms/Map.aspx,"-25.4595,28.0820|SOSHANGUVE-JJ#0",2026-09-23 15:54:26.696532+00:00,2026-09-26 14:25:10.204350+00:00,70.51
-25.5254999,28.104682,SOSHANGUVE-K,STAND 518,TSH,79900034,https://powerfailure.tshwane.gov.za/Tshwanesms/Map.aspx,"-25.5255,28.1047|SOSHANGUVE-K#0",2026-09-25 17:15:35.006199+00:00,2026-09-26 14:25:10.204350+00:00,21.16
-25.4671191,28.1171261,SOSHANGUVE-R,STAND 18,TSH,79900026,https://powerfailure.tshwane.gov.za/Tshwanesms/Map.aspx,"-25.4671,28.1171|SOSHANGUVE-R#0",2026-09-23 15:54:26.696532+00:00,2026-09-26 14:25:10.204350+00:00,70.51
-25.8086293,28.2479783,ERASMUSRAND,EMUS ERASMUS AVENUE,TSH,79900042,https://powerfailure.tshwane.gov.za/Tshwanesms/Map.aspx,"-25.8086,28.2480|ERASMUSRAND#0",2026-09-26 14:25:10.204350+00:00,2026-09-26 14:25:10.204350+00:00,0.0
-25.8080514,28.2517265,ERASMUSRAND,RIGEL AVENUE,TSH,79900042,https://powerfailure.tshwane.gov.za/Tshwanesms/Map.aspx,"-25.8081,28.2517|ERASMUSRAND#0",2026-09-26 04:51:34.754667+00:00,2026-09-26 14:25:10.204350+00:00,9.56
-25.8098769,28.2535399,ERASMUSRAND,SCHOONGEZICHT SCHOONGEZICHT,TSH,79900042,https://powerfailure.tshwane.gov.za/Tshwanesms/Map.aspx,"-25.8099,28.2535|ERASMUSRAND#0",2026-09-26 04:51:34.754667+00:00,2026-09-26 14:25:10.204350+00:00,9.56
-25.8165853,28.2538486,ERASMUSRAND,BOSHOEK STREET,TSH,79900042,https://powerfailure.tshwane.gov.za/Tshwanesms/Map.aspx,"-25.8166,28.2538|ERASMUSRAND#0",2026-09-26 14:25:10.204350+00:00,2026-09-26 14:25:10.204350+00:00,0.0
-25.4402272,28.1148183,SOSHANGUVE-T,STAND,TSH,79900025,https://powerfailure.tshwane.gov.za/Tshwanesms/Map.aspx,"-25.4402,28.1148|SOSHANGUVE-T#0",2026-09-25 17:15:35.006199+00:00,2026-09-26 14:25:10.204350+00:00,21.16
-25.7149973,28.3445128,MAMELODI,STAND  7091,TSH,79900038,https://powerfailure.tshwane.gov.za/Tshwanesms/Map.aspx,"-25.7150,28.3445|MAMELODI#0",2026-09-23 15:54:26.696532+00:00,2026-09-26 14:25:10.204350+00:00,70.51
-25.7130188,28.388606,MAMELODI X02,MUZI STREET,TSH,79900018,https://powerfailure.tshwane.gov.za/Tshwanesms/Map.aspx,"-25.7130,28.3886|MAMELODI X02#0",2026-09-23 15:54:26.696532+00:00,2026-09-26 14:25:10.204350+00:00,70.51
-25.7219505,28.1405118,PRETORIA GARDENS,TUIN STREET,TSH,79900055,https://powerfailure.tshwane.gov.za/Tshwanesms/Map.aspx,"-25.7220,28.1405|PRETORIA GARDENS#0",2026-09-25 05:01:45.026219+00:00,2026-09-26 14:25:10.204350+00:00,33.39
-25.7240338,28.1602397,PRETORIA GARDENS,VAN DER HOFF ROAD,TSH,79900001,https://powerfailure.tshwane.gov.za/Tshwanesms/Map.aspx,"-25.7240,28.1602|PRETORIA GARDENS#0",2026-09-25 10:58:56.127220+00:00,2026-09-26 14:25:10.204350+00:00,27.44
-25.7232197,28.2186909,VILLIERIA,18TH AVENUE,TSH,79900053,https://powerfailure.tshwane.gov.za/Tshwanesms/Map.aspx,"-25.7232,28.2187|VILLIERIA#0",2026-09-23 15:54:26.696532+00:00,2026-09-26 14:25:10.204350+00:00,70.51
-25.6725931,27.9403694,SCHIETFONTEIN 437-JQ,PL ZN-116-7,NW372,63702019,https://powerfailure.tshwane.gov.za/Tshwanesms/Map.aspx,"-25.6726,27.9404|SCHIETFONTEIN 437-JQ#0",2026-09-24 17:14:48.543546+00:00,2026-09-26 14:25:10.204350+00:00,45.17
-25.5803687,28.0765377,SOSHANGUVE SOUTH X04,STAND 4609,TSH,79900089,https://powerfailure.tshwane.gov.za/Tshwanesms/Map.aspx,"-25.5804,28.0765|SOSHANGUVE SOUTH X04#0",2026-09-25 10:58:56.127220+00:00,2026-09-26 14:25:10.204350+00:00,27.44
-25.4457614,28.0827924,SOSHANGUVE-HH,STAND 142,TSH,79900011,https://powerfailure.tshwane.gov.za/Tshwanesms/Map.aspx,"-25.4458,28.0828|SOSHANGUVE-HH#0",2026-09-23 15:54:26.696532+00:00,2026-09-26 14:25:10.204350+00:00,70.51
-25.4468312,28.0850075,SOSHANGUVE-HH,STAND 210,TSH,79900011,https://powerfailure.tshwane.gov.za/Tshwanesms/Map.aspx,"-25.4468,28.0850|SOSHANGUVE-HH#0",2026-09-23 15:54:26.696532+00:00,2026-09-26 14:25:10.204350+00:00,70.51
-25.553757,28.1009665,SOSHANGUVE-M X01,STAND 3214,TSH,79900036,https://powerfailure.tshwane.gov.za/Tshwanesms/Map.aspx,"-25.5538,28.1010|SOSHANGUVE-M X01#0",2026-09-25 17:15:35.006199+00:00,2026-09-26 14:25:10.204350+00:00,21.16
-25.6631257,28.2356447,MONTANA X85,JAN BANTJIES ROAD,TSH,79900096,https://powerfailure.tshwane.gov.za/Tshwanesms/Map.aspx,"-25.6631,28.2356|MONTANA X85#0",2026-09-25 10:58:56.127220+00:00,2026-09-26 14:25:10.204350+00:00,27.44
-25.675452,28.1808899,PRETORIA NORTH,GERRIT MARITZ STREET,TSH,79900002,https://powerfailure.tshwane.gov.za/Tshwanesms/Map.aspx,"-25.6755,28.1809|PRETORIA NORTH#0",2026-09-23 15:54:26.696532+00:00,2026-09-26 14:25:10.204350+00:00,70.51
-25.6764596,28.1775611,PRETORIA NORTH,GENL BEYERS STREET,TSH,79900002,https://powerfailure.tshwane.gov.za/Tshwanesms/Map.aspx,"-25.6765,28.1776|PRETORIA NORTH#0",2026-09-25 17:15:35.006199+00:00,2026-09-26 14:25:10.204350+00:00,21.16
-25.6855598,28.1800311,PRETORIA NORTH,KOOS DE LA REY STREET,TSH,79900002,https://powerfailure.tshwane.gov.za/Tshwanesms/Map.aspx,"-25.6856,28.1800|PRETORIA NORTH#0",2026-09-25 17:15:35.006199+00:00,2026-09-26 14:25:10.204350+00:00,21.16
-25.858299,28.1511807,WIERDAPARK,PIET HUGO AVENUE,TSH,79900070,https://powerfailure.tshwane.gov.za/Tshwanesms/Map.aspx,"-25.8583,28.1512|WIERDAPARK#0",2026-09-23 15:54:26.696532+00:00,2026-09-26 14:25:10.204350+00:00,70.51
-25.8598013,28.1444137,WIERDAPARK,CHRIS HOUGAARD STREET,TSH,79900070,https://powerfailure.tshwane.gov.za/Tshwanesms/Map.aspx,"-25.8598,28.1444|WIERDAPARK#0",2026-09-23 15:54:26.696532+00:00,2026-09-26 14:25:10.204350+00:00,70.51
-25.8587433,28.1457375,WIERDAPARK,WILLEM BOTHA STREET,TSH,79900070,https://powerfailure.tshwane.gov.za/Tshwanesms/Map.aspx,"-25.8587,28.1457|WIERDAPARK#0",2026-09-23 15:54:26.696532+00:00,2026-09-26 14:25:10.204350+00:00,70.51
-25.8619019,28.1392715,WIERDAPARK,KOEDOE STREET,TSH,79900070,https://powerfailure.tshwane.gov.za/Tshwanesms/Map.aspx,"-25.8619,28.1393|WIERDAPARK#0",2026-09-23 15:54:26.696532+00:00,2026-09-26 14:25:10.204350+00:00,70.51
-25.8629222,28.1422026,WIERDAPARK,GEMSBOK STREET,TSH,79900070,https://powerfailure.tshwane.gov.za/Tshwanesms/Map.aspx,"-25.8629,28.1422|WIERDAPARK#0",2026-09-23 15:54:26.696532+00:00,2026-09-26 14:25:10.204350+00:00,70.51
-25.8668958,28.149183,WIERDAPARK,DU TOIT STREET,TSH,79900070,https://powerfailure.tshwane.gov.za/Tshwanesms/Map.aspx,"-25.8669,28.1492|WIERDAPARK#0",2026-09-23 15:54:26.696532+00:00,2026-09-26 14:25:10.204350+00:00,70.51
-25.4994405,28.0950285,SOSHANGUVE-AA,STAND 97,TSH,79900094,https://powerfailure.tshwane.gov.za/Tshwanesms/Map.aspx,"-25.4994,28.0950|SOSHANGUVE-AA#0",2026-09-23 15:54:26.696532+00:00,2026-09-26 14:25:10.204350+00:00,70.51
-25.596304,28.1116902,SOSHANGUVE-B,BAFANA BAFANA STREET,TSH,79900090,https://powerfailure.tshwane.gov.za/Tshwanesms/Map.aspx,"-25.5963,28.1117|SOSHANGUVE-B#0",2026-09-25 17:15:35.006199+00:00,2026-09-26 14:25:10.204350+00:00,21.16
-25.71238,28.2003932,GEZINA,8TH AVENUE,TSH,79900053,https://powerfailure.tshwane.gov.za/Tshwanesms/Map.aspx,"-25.7124,28.2004|GEZINA#0",2026-09-23 15:54:26.696532+00:00,2026-09-26 14:25:10.204350+00:00,70.51
-25.7217681,27.9485143,RIETFONTEIN 485 JQ,MVS 189-13N,NW372,63702030,https://powerfailure.tshwane.gov.za/Tshwanesms/Map.aspx,"-25.7218,27.9485|RIETFONTEIN 485 JQ#0",2026-09-25 17:15:35.006199+00:00,2026-09-26 14:25:10.204350+00:00,21.16
-25.7541355,27.9166427,RIETFONTEIN 485 JQ,MVS-165-98W,NW372,63702030,https://powerfailure.tshwane.gov.za/Tshwanesms/Map.aspx,"-25.7541,27.9166|RIETFONTEIN 485 JQ#0",2026-09-25 17:15:35.006199+00:00,2026-09-26 14:25:10.204350+00:00,21.16
-25.700566,28.3981602,MAMELODI X05,MMUTLANA STREET,TSH,79900016,https://powerfailure.tshwane.gov.za/Tshwanesms/Map.aspx,"-25.7006,28.3982|MAMELODI X05#0",2026-09-24 11:52:55.215094+00:00,2026-09-26 14:25:10.204350+00:00,50.54
-25.7390389,28.3647315,NELLMAPIUS,ELETSEGA STREET,TSH,79900086,https://powerfailure.tshwane.gov.za/Tshwanesms/Map.aspx,"-25.7390,28.3647|NELLMAPIUS#0",2026-09-26 04:51:34.754667+00:00,2026-09-26 14:25:10.204350+00:00,9.56
-25.7366615,28.3641038,NELLMAPIUS X04,ELETSEGA STREET,TSH,79900086,https://powerfailure.tshwane.gov.za/Tshwanesms/Map.aspx,"-25.7367,28.3641|NELLMAPIUS X04#0",2026-09-23 15:54:26.696532+00:00,2026-09-26 14:25:10.204350+00:00,70.51
-25.7374888,28.3629443,NELLMAPIUS X04,THETO STREET,TSH,79900086,https://powerfailure.tshwane.gov.za/Tshwanesms/Map.aspx,"-25.7375,28.3629|NELLMAPIUS X04#0",2026-09-23 15:54:26.696532+00:00,2026-09-26 14:25:10.204350+00:00,70.51
-25.7463978,28.3633326,NELLMAPIUS X04,PHEDISANA STREET,TSH,79900086,https://powerfailure.tshwane.gov.za/Tshwanesms/Map.aspx,"-25.7464,28.3633|NELLMAPIUS X04#0",2026-09-23 15:54:26.696532+00:00,2026-09-26 14:25:10.204350+00:00,70.51
-25.7425325,28.3589396,NELLMAPIUS X04,LOKILE STREET,TSH,79900086,https://powerfailure.tshwane.gov.za/Tshwanesms/Map.aspx,"-25.7425,28.3589|NELLMAPIUS X04#0",2026-09-23 15:54:26.696532+00:00,2026-09-26 14:25:10.204350+00:00,70.51
-25.7419071,28.3532137,NELLMAPIUS X04,LESEDI ROAD,TSH,79900086,https://powerfailure.tshwane.gov.za/Tshwanesms/Map.aspx,"-25.7419,28.3532|NELLMAPIUS X04#0",2026-09-26 14:25:10.204350+00:00,2026-09-26 14:25:10.204350+00:00,0.0
-25.7433444,28.3513214,NELLMAPIUS X04,LEBISA STREET,TSH,79900086,https://powerfailure.tshwane.gov.za/Tshwanesms/Map.aspx,"-25.7433,28.3513|NELLMAPIUS X04#0",2026-09-26 14:25:10.204350+00:00,2026-09-26 14:25:10.204350+00:00,0.0
-25.7419953,28.3506126,NELLMAPIUS X04,LESEKO STREET,TSH,79900086,https://powerfailure.tshwane.gov.za/Tshwanesms/Map.aspx,"-25.7420,28.3506|NELLMAPIUS X04#0",2026-09-23 15:54:26.696532+00:00,2026-09-26 14:25:10.204350+00:00,70.51
-25.7362303,28.345135,NELLMAPIUS X10,IGEMFE STREET,TSH,79900086,https://powerfailure.tshwane.gov.za/Tshwanesms/Map.aspx,"-25.7362,28.3451|NELLMAPIUS X10#0",2026-09-26 14:25:10.204350+00:00,2026-09-26 14:25:10.204350+00:00,0.0
-25.8310921,28.3280373,RIETFONTEIN 375-JR,BEAU ART CRESCENT,TSH,79900091,https://powerfailure.tshwane.gov.za/Tshwanesms/Map.aspx,"-25.8311,28.3280|RIETFONTEIN 375-JR#0",2026-09-23 15:54:26.696532+00:00,2026-09-26 14:25:10.204350+00:00,70.51
-25.8452822,28.3287894,RIETFONTEIN 375-JR,DANCING DUEL CRESCENT,TSH,79900091,https://powerfailure.tshwane.gov.za/Tshwanesms/Map.aspx,"-25.8453,28.3288|RIETFONTEIN 375-JR#0",2026-09-23 15:54:26.696532+00:00,2026-09-26 14:25:10.204350+00:00,70.51
-25.8481101,28.3339782,RIETFONTEIN 375-JR,DEVON AIR STREET,TSH,79900091,https://powerfailure.tshwane.gov.za/Tshwanesms/Map.aspx,"-25.8481,28.3340|RIETFONTEIN 375-JR#0",2026-09-23 15:54:26.696532+00:00,2026-09-26 14:25:10.204350+00:00,70.51
-25.7280531,28.2216587,RIETONDALE,BUFFELS ROAD,TSH,79900084,https://powerfailure.tshwane.gov.za/Tshwanesms/Map.aspx,"-25.7281,28.2217|RIETONDALE#0",2026-09-26 14:25:10.204350+00:00,2026-09-26 14:25:10.204350+00:00,0.0
-25.7279865,28.2223777,RIETONDALE,BUFFELS ROAD,TSH,79900084,https://powerfailure.tshwane.gov.za/Tshwanesms/Map.aspx,"-25.7280,28.2224|RIETONDALE#0",2026-09-26 14:25:10.204350+00:00,2026-09-26 14:25:10.204350+00:00,0.0
-25.7273719,28.2245021,RIETONDALE,MORRISON AVENUE,TSH,79900084,https://powerfailure.tshwane.gov.za/Tshwanesms/Map.aspx,"-25.7274,28.2245|RIETONDALE#0",2026-09-26 14:25:10.204350+00:00,2026-09-26 14:25:10.204350+00:00,0.0
-25.7267328,28.22465,RIETONDALE,MORRISON AVENUE,TSH,79900084,https://powerfailure.tshwane.gov.za/Tshwanesms/Map.aspx,"-25.7267,28.2246|RIETONDALE#0",2026-09-26 14:25:10.204350+00:00,2026-09-26 14:25:10.204350+00:00,0.0
-25.7285469,28.2181562,RIETONDALE,18TH AVENUE,TSH,79900084,https://powerfailure.tshwane.gov.za/Tshwanesms/Map.aspx,"-25.7285,28.2182|RIETONDALE#0",2026-09-26 14:25:10.204350+00:00,2026-09-26 14:25:10.204350+00:00,0.0
-25.7355272,28.2229922,RIETONDALE,RUSSEL STREET,TSH,79900084,https://powerfailure.tshwane.gov.za/Tshwanesms/Map.aspx,"-25.7355,28.2230|RIETONDALE#0",2026-09-26 14:25:10.204350+00:00,2026-09-26 14:25:10.204350+00:00,0.0
-25.7356333,28.2208907,RIETONDALE,RUSSEL STREET,TSH,79900084,https://powerfailure.tshwane.gov.za/Tshwanesms/Map.aspx,"-25.7356,28.2209|RIETONDALE#0",2026-09-26 14:25:10.204350+00:00,2026-09-26 14:25:10.204350+00:00,0.0
-25.7312909,28.2083998,RIVIERA,ROSE STREET,TSH,79900053,https://powerfailure.tshwane.gov.za/Tshwanesms/Map.aspx,"-25.7313,28.2084|RIVIERA#0",2026-09-26 14:25:10.204350+00:00,2026-09-26 14:25:10.204350+00:00,0.0
-25.7314708,28.2164229,RIVIERA,ROSE STREET,TSH,79900053,https://powerfailure.tshwane.gov.za/Tshwanesms/Map.aspx,"-25.7315,28.2164|RIVIERA#0",2026-09-26 14:25:10.204350+00:00,2026-09-26 14:25:10.204350+00:00,0.0
-25.7351419,28.215033,RIVIERA,PARKER SOUTH PARKER SOUTH,TSH,79900053,https://powerfailure.tshwane.gov.za/Tshwanesms/Map.aspx,"-25.7351,28.2150|RIVIERA#0",2026-09-26 14:25:10.204350+00:00,2026-09-26 14:25:10.204350+00:00,0.0
-25.7362129,28.215656,RIVIERA,PARKER SOUTH PARKER SOUTH,TSH,79900053,https://powerfailure.tshwane.gov.za/Tshwanesms/Map.aspx,"-25.7362,28.2157|RIVIERA#0",2026-09-26 14:25:10.204350+00:00,2026-09-26 14:25:10.204350+00:00,0.0
-25.7351431,28.2111596,RIVIERA,AUGUST STREET,TSH,79900053,https://powerfailure.tshwane.gov.za/Tshwanesms/Map.aspx,"-25.7351,28.2112|RIVIERA#0",2026-09-26 14:25:10.204350+00:00,2026-09-26 14:25:10.204350+00:00,0.0
-25.7355094,28.218994,RIVIERA,HADLEY STREET,TSH,79900053,https://powerfailure.tshwane.gov.za/Tshwanesms/Map.aspx,"-25.7355,28.2190|RIVIERA#0",2026-09-26 14:25:10.204350+00:00,2026-09-26 14:25:10.204350+00:00,0.0
-25.7346735,28.2138837,RIVIERA,SOUTPANSBERG ROAD,TSH,79900053,https://powerfailure.tshwane.gov.za/Tshwanesms/Map.aspx,"-25.7347,28.2139|RIVIERA#0",2026-09-26 14:25:10.204350+00:00,2026-09-26 14:25:10.204350+00:00,0.0
-25.710752,28.176683,ROSEVILLE,BRUYNS AVENUE,TSH,79900001,https://powerfailure.tshwane.gov.za/Tshwanesms/Map.aspx,"-25.7108,28.1767|ROSEVILLE#0",2026-09-26 04:51:34.754667+00:00,2026-09-26 14:25:10.204350+00:00,9.56
-25.8997381,28.1391838,THE REEDS X15,JACQUELINE STREET,TSH,79900064,https://powerfailure.tshwane.gov.za/Tshwanesms/Map.aspx,"-25.8997,28.1392|THE REEDS X15#0",2026-09-26 04:51:34.754667+00:00,2026-09-26 14:25:10.204350+00:00,9.56
-25.9013357,28.13899,THE REEDS X14,BERNARDIE STREET,TSH,79900064,https://powerfailure.tshwane.gov.za/Tshwanesms/Map.aspx,"-25.9013,28.1390|THE REEDS X14#0",2026-09-26 04:51:34.754667+00:00,2026-09-26 14:25:10.204350+00:00,9.56
-25.896262,28.1248052,THE REEDS X05,OSLER STREET,TSH,79900064,https://powerfailure.tshwane.gov.za/Tshwanesms/Map.aspx,"-25.8963,28.1248|THE REEDS X05#0",2026-09-26 04:51:34.754667+00:00,2026-09-26 14:25:10.204350+00:00,9.56
-25.8992843,28.1223664,THE REEDS X05,DORMEHL STREET,TSH,79900064,https://powerfailure.tshwane.gov.za/Tshwanesms/Map.aspx,"-25.8993,28.1224|THE REEDS X05#0",2026-09-26 04:51:34.754667+00:00,2026-09-26 14:25:10.204350+00:00,9.56
-25.9002052,28.1227438,THE REEDS X05,MARKOTTER STREET,TSH,79900064,https://powerfailure.tshwane.gov.za/Tshwanesms/Map.aspx,"-25.9002,28.1227|THE REEDS X05#0",2026-09-26 04:51:34.754667+00:00,2026-09-26 14:25:10.204350+00:00,9.56
-25.8968839,28.1230052,THE REEDS X05,MARKOTTER STREET,TSH,79900064,https://powerfailure.tshwane.gov.za/Tshwanesms/Map.aspx,"-25.8969,28.1230|THE REEDS X05#0",2026-09-26 04:51:34.754667+00:00,2026-09-26 14:25:10.204350+00:00,9.56
-25.9034738,28.1294933,THE REEDS X05,JAN ELLIS STREET,TSH,79900064,https://powerfailure.tshwane.gov.za/Tshwanesms/Map.aspx,"-25.9035,28.1295|THE REEDS X05#0",2026-09-26 14:25:10.204350+00:00,2026-09-26 14:25:10.204350+00:00,0.0
-25.8671236,28.1849487,ZWARTKOP X04,BLACKBERRY STREET,TSH,79900078,https://powerfailure.tshwane.gov.za/Tshwanesms/Map.aspx,"-25.8671,28.1849|ZWARTKOP X04#0",2026-09-23 15:54:26.696532+00:00,2026-09-26 14:25:10.204350+00:00,70.51
-25.5644194,28.0613455,SOSHANGUVE SOUTH,STAND 384,TSH,79900039,https://powerfailure.tshwane.gov.za/Tshwanesms/Map.aspx,"-25.5644,28.0613|SOSHANGUVE SOUTH#0",2026-09-23 15:54:26.696532+00:00,2026-09-26 14:25:10.204350+00:00,70.51
-25.5153581,28.1151638,SOSHANGUVE-G,STAND 1666,TSH,79900033,https://powerfailure.tshwane.gov.za/Tshwanesms/Map.aspx,"-25.5154,28.1152|SOSHANGUVE-G#0",2026-09-23 15:54:26.696532+00:00,2026-09-26 14:25:10.204350+00:00,70.51
-25.7608555,28.2707605,LYNNWOOD,SAPPERS CONTOUR STREET,TSH,79900082,https://powerfailure.tshwane.gov.za/Tshwanesms/Map.aspx,"-25.7609,28.2708|LYNNWOOD#0",2026-09-23 15:54:26.696532+00:00,2026-09-26 14:25:10.204350+00:00,70.51
-25.9214535,28.1020743,OLIEVENHOUTBOS X22,UNKNOWN,TSH,79900077,https://powerfailure.tshwane.gov.za/Tshwanesms/Map.aspx,"-25.9215,28.1021|OLIEVENHOUTBOS X22#0",2026-09-26 14:25:10.204350+00:00,2026-09-26 14:25:10.204350+00:00,0.0
-25.7163234,28.0515399,SWACINA PARK AH,PL MVS-084-34,TSH,79900055,https://powerfailure.tshwane.gov.za/Tshwanesms/Map.aspx,"-25.7163,28.0515|SWACINA PARK AH#0",2026-09-25 17:15:35.006199+00:00,2026-09-26 14:25:10.204350+00:00,21.16
-25.5733401,28.2462786,WATERVAL 273-JR,PL- P- 74- 06- 05-02,TSH,79900096,https://powerfailure.tshwane.gov.za/Tshwanesms/Map.aspx,"-25.5733,28.2463|WATERVAL 273-JR#0",2026-09-25 05:01:45.026219+00:00,2026-09-26 14:25:10.204350+00:00,33.39
-25.5733401,28.2462786,WATERVAL 273-JR,PL- P- 74- 06- 05-02,TSH,79900096,https://powerfailure.tshwane.gov.za/Tshwanesms/Map.aspx,"-25.5733,28.2463|WATERVAL 273-JR#1",2026-09-25 05:01:45.026219+00:00,2026-09-26 14:25:10.204350+00:00,33.39
-25.5737478,28.2650265,WATERVAL 273-JR,PL P-074-38-07-01W (STAND 223),TSH,79900096,https://powerfailure.tshwane.gov.za/Tshwanesms/Map.aspx,"-25.5737,28.2650|WATERVAL 273-JR#0",2026-09-25 05:01:45.026219+00:00,2026-09-26 14:25:10.204350+00:00,33.39
-25.7043354,28.0365843,KAMEELDRIFT 313-JR,PL MVN-092-06-08,TSH,79900055,https://powerfailure.tshwane.gov.za/Tshwanesms/Map.aspx,"-25.7043,28.0366|KAMEELDRIFT 313-JR#0",2026-09-23 15:54:26.696532+00:00,2026-09-26 14:25:10.204350+00:00,70.51
-25.7037191,28.0102743,KAMEELDRIFT 313-JR,PL MVN-115-05S (PORTION 172),TSH,79900055,https://powerfailure.tshwane.gov.za/Tshwanesms/Map.aspx,"-25.7037,28.0103|KAMEELDRIFT 313-JR#0",2026-09-23 15:54:26.696532+00:00,2026-09-26 14:25:10.204350+00:00,70.51
-25.7040174,27.972047,KAMEELDRIFT 313-JR,PL MVN-164-02N,TSH,79900055,https://powerfailure.tshwane.gov.za/Tshwanesms/Map.aspx,"-25.7040,27.9720|KAMEELDRIFT 313-JR#0",2026-09-23 15:54:26.696532+00:00,2026-09-26 14:25:10.204350+00:00,70.51
-25.7035249,27.9581764,KAMEELDRIFT 313-JR,PL MVN-184-04,TSH,79900055,https://powerfailure.tshwane.gov.za/Tshwanesms/Map.aspx,"-25.7035,27.9582|KAMEELDRIFT 313-JR#0",2026-09-25 17:15:35.006199+00:00,2026-09-26 14:25:10.204350+00:00,21.16
-25.7022166,28.0299241,KAMEELDRIFT 313-JR,PORTION 377,TSH,79900055,https://powerfailure.tshwane.gov.za/Tshwanesms/Map.aspx,"-25.7022,28.0299|KAMEELDRIFT 313-JR#0",2026-09-23 15:54:26.696532+00:00,2026-09-26 14:25:10.204350+00:00,70.51
-25.6986579,28.0116233,KAMEELDRIFT 313-JR,PL MVN-115-04-01E  (391),TSH,79900055,https://powerfailure.tshwane.gov.za/Tshwanesms/Map.aspx,"-25.6987,28.0116|KAMEELDRIFT 313-JR#0",2026-09-25 17:15:35.006199+00:00,2026-09-26 14:25:10.204350+00:00,21.16
-25.6917364,28.0161244,KAMEELDRIFT 313-JR,PL MVN-115-19-2,TSH,79900055,https://powerfailure.tshwane.gov.za/Tshwanesms/Map.aspx,"-25.6917,28.0161|KAMEELDRIFT 313-JR#0",2026-09-23 15:54:26.696532+00:00,2026-09-26 14:25:10.204350+00:00,70.51
-25.6860395,28.01752,KAMEELDRIFT 313-JR,PL MVN-100-15,TSH,79900055,https://powerfailure.tshwane.gov.za/Tshwanesms/Map.aspx,"-25.6860,28.0175|KAMEELDRIFT 313-JR#0",2026-09-23 15:54:26.696532+00:00,2026-09-26 14:25:10.204350+00:00,70.51
-25.7007498,28.0399008,BOEKENHOUTKLOOF 315-JR,PL MVN-088C-01,TSH,79900055,https://powerfailure.tshwane.gov.za/Tshwanesms/Map.aspx,"-25.7007,28.0399|BOEKENHOUTKLOOF 315-JR#0",2026-09-23 15:54:26.696532+00:00,2026-09-26 14:25:10.204350+00:00,70.51
-25.5131719,28.0965336,SOSHANGUVE-F,STAND 2175,TSH,79900029,https://powerfailure.tshwane.gov.za/Tshwanesms/Map.aspx,"-25.5132,28.0965|SOSHANGUVE-F#0",2026-09-23 15:54:26.696532+00:00,2026-09-26 14:25:10.204350+00:00,70.51
-25.7441231,28.1316674,DANVILLE,JAN ELLIS AVENUE,TSH,79900060,https://powerfailure.tshwane.gov.za/Tshwanesms/Map.aspx,"-25.7441,28.1317|DANVILLE#0",2026-09-23 15:54:26.696532+00:00,2026-09-26 14:25:10.204350+00:00,70.51
-25.7461247,28.1085949,DANVILLE X15,M LLOYD STREET,TSH,79900060,https://powerfailure.tshwane.gov.za/Tshwanesms/Map.aspx,"-25.7461,28.1086|DANVILLE X15#0",2026-09-24 21:33:51.861461+00:00,2026-09-26 14:25:10.204350+00:00,40.86
-25.863236,28.1555978,ELDORAIGNE X09,BARRY HERTZOG STREET,TSH,79900069,https://powerfailure.tshwane.gov.za/Tshwanesms/Map.aspx,"-25.8632,28.1556|ELDORAIGNE X09#0",2026-09-23 15:54:26.696532+00:00,2026-09-26 14:25:10.204350+00:00,70.51
-25.8610781,28.152402,ELDORAIGNE X06,BRINK STREET,TSH,79900069,https://powerfailure.tshwane.gov.za/Tshwanesms/Map.aspx,"-25.8611,28.1524|ELDORAIGNE X06#0",2026-09-23 15:54:26.696532+00:00,2026-09-26 14:25:10.204350+00:00,70.51
-25.8520564,28.1518045,ELDORAIGNE X11,BOABAB STREET,TSH,79900069,https://powerfailure.tshwane.gov.za/Tshwanesms/Map.aspx,"-25.8521,28.1518|ELDORAIGNE X11#0",2026-09-23 15:54:26.696532+00:00,2026-09-26 14:25:10.204350+00:00,70.51
-25.8563498,28.1527569,ELDORAIGNE X27,KORT STREET,TSH,79900069,https://powerfailure.tshwane.gov.za/Tshwanesms/Map.aspx,"-25.8563,28.1528|ELDORAIGNE X27#0",2026-09-23 15:54:26.696532+00:00,2026-09-26 14:25:10.204350+00:00,70.51
-25.8532611,28.1548216,ELDORAIGNE X31,MARDINE PARK,TSH,79900069,https://powerfailure.tshwane.gov.za/Tshwanesms/Map.aspx,"-25.8533,28.1548|ELDORAIGNE X31#0",2026-09-23 15:54:26.696532+00:00,2026-09-26 14:25:10.204350+00:00,70.51
-25.8830613,28.1137602,HEUWELOORD X02,SILWER EIKE AVENUE,TSH,79900048,https://powerfailure.tshwane.gov.za/Tshwanesms/Map.aspx,"-25.8831,28.1138|HEUWELOORD X02#0",2026-09-26 04:51:34.754667+00:00,2026-09-26 14:25:10.204350+00:00,9.56
-25.8757917,28.1169207,HEUWELOORD X02,SPEKHOUT AVENUE,TSH,79900048,https://powerfailure.tshwane.gov.za/Tshwanesms/Map.aspx,"-25.8758,28.1169|HEUWELOORD X02#0",2026-09-26 04:51:34.754667+00:00,2026-09-26 14:25:10.204350+00:00,9.56
-25.8882928,28.1155917,HEUWELOORD X03,CAPE BEECH AVENUE,TSH,79900048,https://powerfailure.tshwane.gov.za/Tshwanesms/Map.aspx,"-25.8883,28.1156|HEUWELOORD X03#0",2026-09-26 04:51:34.754667+00:00,2026-09-26 14:25:10.204350+00:00,9.56
-25.8847677,28.1106737,HEUWELOORD X03,SILWER EIKE AVENUE,TSH,79900048,https://powerfailure.tshwane.gov.za/Tshwanesms/Map.aspx,"-25.8848,28.1107|HEUWELOORD X03#0",2026-09-26 04:51:34.754667+00:00,2026-09-26 14:25:10.204350+00:00,9.56
-25.8838653,28.1148975,HEUWELOORD X04,SYRINGA AVENUE,TSH,79900048,https://powerfailure.tshwane.gov.za/Tshwanesms/Map.aspx,"-25.8839,28.1149|HEUWELOORD X04#0",2026-09-26 14:25:10.204350+00:00,2026-09-26 14:25:10.204350+00:00,0.0
-25.8798128,28.1178444,HEUWELOORD X04,APIESDORING DRIVE,TSH,79900048,https://powerfailure.tshwane.gov.za/Tshwanesms/Map.aspx,"-25.8798,28.1178|HEUWELOORD X04#0",2026-09-26 14:25:10.204350+00:00,2026-09-26 14:25:10.204350+00:00,0.0
-25.8873075,28.1100138,HEUWELOORD X03,RHODESIAN TEAK AVENUE,TSH,79900048,https://powerfailure.tshwane.gov.za/Tshwanesms/Map.aspx,"-25.8873,28.1100|HEUWELOORD X03#0",2026-09-26 04:51:34.754667+00:00,2026-09-26 14:25:10.204350+00:00,9.56
-25.8873075,28.1100138,HEUWELOORD X03,RHODESIAN TEAK AVENUE,TSH,79900048,https://powerfailure.tshwane.gov.za/Tshwanesms/Map.aspx,"-25.8873,28.1100|HEUWELOORD X03#1",2026-09-26 14:25:10.204350+00:00,2026-09-26 14:25:10.204350+00:00,0.0
-25.8676576,28.218604,IRENE,KING STREET,TSH,79900065,https://powerfailure.tshwane.gov.za/Tshwanesms/Map.aspx,"-25.8677,28.2186|IRENE#0",2026-09-23 15:54:26.696532+00:00,2026-09-26 14:25:10.204350+00:00,70.51
-25.7789824,28.2923323,LYNNWOOD PARK,EDNA STREET,TSH,79900046,https://powerfailure.tshwane.gov.za/Tshwanesms/Map.aspx,"-25.7790,28.2923|LYNNWOOD PARK#0",2026-09-23 15:54:26.696532+00:00,2026-09-26 14:25:10.204350+00:00,70.51
-25.8123206,28.199488,LYTTELTON MANOR X01,KLOOF AVENUE,TSH,79900057,https://powerfailure.tshwane.gov.za/Tshwanesms/Map.aspx,"-25.8123,28.1995|LYTTELTON MANOR X01#0",2026-09-26 04:51:34.754667+00:00,2026-09-26 14:25:10.204350+00:00,9.56
-25.8437744,28.2118646,LYTTELTON MANOR X03,AMKOR ROAD,TSH,79900057,https://powerfailure.tshwane.gov.za/Tshwanesms/Map.aspx,"-25.8438,28.2119|LYTTELTON MANOR X03#0",2026-09-23 15:54:26.696532+00:00,2026-09-26 14:25:10.204350+00:00,70.51
-25.8275323,28.2099977,Centurion,Olievenhoutbos avenue,TSH,79900079,https://powerfailure.tshwane.gov.za/Tshwanesms/Map.aspx,"-25.8275,28.2100|CENTURION#0",2026-09-26 14:25:10.204350+00:00,2026-09-26 14:25:10.204350+00:00,0.0
-25.7627895,28.2846663,LYNNWOOD MANOR,LYNBURN ROAD,TSH,79900046,https://powerfailure.tshwane.gov.za/Tshwanesms/Map.aspx,"-25.7628,28.2847|LYNNWOOD MANOR#0",2026-09-23 15:54:26.696532+00:00,2026-09-26 14:25:10.204350+00:00,70.51
-25.7115861,28.199648,MAYVILLE,BOOYSEN STREET,TSH,79900053,https://powerfailure.tshwane.gov.za/Tshwanesms/Map.aspx,"-25.7116,28.1996|MAYVILLE#0",2026-09-26 14:25:10.204350+00:00,2026-09-26 14:25:10.204350+00:00,0.0
-25.7740799,28.2577596,MENLO PARK,18TH STREET,TSH,79900082,https://powerfailure.tshwane.gov.za/Tshwanesms/Map.aspx,"-25.7741,28.2578|MENLO PARK#0",2026-09-25 11:54:53.380939+00:00,2026-09-26 14:25:10.204350+00:00,26.5
-25.7381807,28.5360775,RAYTON,NAUDEE STREET,TSH,79900100,https://powerfailure.tshwane.gov.za/Tshwanesms/Map.aspx,"-25.7382,28.5361|RAYTON#0",2026-09-23 21:32:43.518437+00:00,2026-09-26 14:25:10.204350+00:00,64.87
-25.7152805,27.9996409,MULDERIA AH,PL MVN-128-32-7W,TSH,79900055,https://powerfailure.tshwane.gov.za/Tshwanesms/Map.aspx,"-25.7153,27.9996|MULDERIA AH#0",2026-09-25 17:15:35.006199+00:00,2026-09-26 14:25:10.204350+00:00,21.16
-25.7122195,28.1274787,BOOYSENS,LUDERITZ STREET,TSH,79900055,https://powerfailure.tshwane.gov.za/Tshwanesms/Map.aspx,"-25.7122,28.1275|BOOYSENS#0",2026-09-26 04:51:34.754667+00:00,2026-09-26 14:25:10.204350+00:00,9.56
-25.7098372,28.1554378,DASPOORT ESTATE,KEYTER STREET,TSH,79900001,https://powerfailure.tshwane.gov.za/Tshwanesms/Map.aspx,"-25.7098,28.1554|DASPOORT ESTATE#0",2026-09-23 15:54:26.696532+00:00,2026-09-26 14:25:10.204350+00:00,70.51
-25.4762794,28.0936038,SOSHANGUVE-IA,KGALEMELA STREET,TSH,79900029,https://powerfailure.tshwane.gov.za/Tshwanesms/Map.aspx,"-25.4763,28.0936|SOSHANGUVE-IA#0",2026-09-23 15:54:26.696532+00:00,2026-09-26 14:25:10.204350+00:00,70.51
-25.450667,28.0808695,SOSHANGUVE-JJ,BATHABILE STREET,TSH,79900011,https://powerfailure.tshwane.gov.za/Tshwanesms/Map.aspx,"-25.4507,28.0809|SOSHANGUVE-JJ#0",2026-09-23 15:54:26.696532+00:00,2026-09-26 14:25:10.204350+00:00,70.51
-25.4533941,28.0808074,SOSHANGUVE-JJ,STAND 310,TSH,79900011,https://powerfailure.tshwane.gov.za/Tshwanesms/Map.aspx,"-25.4534,28.0808|SOSHANGUVE-JJ#0",2026-09-23 15:54:26.696532+00:00,2026-09-26 14:25:10.204350+00:00,70.51
-25.4592107,28.0819225,SOSHANGUVE-JJ,STAND 747,TSH,79900011,https://powerfailure.tshwane.gov.za/Tshwanesms/Map.aspx,"-25.4592,28.0819|SOSHANGUVE-JJ#0",2026-09-23 15:54:26.696532+00:00,2026-09-26 14:25:10.204350+00:00,70.51
-25.529331,28.1029774,SOSHANGUVE-K,STAND 795,TSH,79900034,https://powerfailure.tshwane.gov.za/Tshwanesms/Map.aspx,"-25.5293,28.1030|SOSHANGUVE-K#0",2026-09-23 15:54:26.696532+00:00,2026-09-26 14:25:10.204350+00:00,70.51
-25.820896,28.2582859,ERASMUSKLOOF X04,.,TSH,79900083,https://powerfailure.tshwane.gov.za/Tshwanesms/Map.aspx,"-25.8209,28.2583|ERASMUSKLOOF X04#0",2026-09-23 15:54:26.696532+00:00,2026-09-26 14:25:10.204350+00:00,70.51
-25.8109087,28.2491029,ERASMUSRAND,EMUS ERASMUS AVENUE,TSH,79900042,https://powerfailure.tshwane.gov.za/Tshwanesms/Map.aspx,"-25.8109,28.2491|ERASMUSRAND#0",2026-09-26 04:51:34.754667+00:00,2026-09-26 14:25:10.204350+00:00,9.56
-25.8145007,28.2507694,ERASMUSRAND,EMUS ERASMUS AVENUE,TSH,79900042,https://powerfailure.tshwane.gov.za/Tshwanesms/Map.aspx,"-25.8145,28.2508|ERASMUSRAND#0",2026-09-26 14:25:10.204350+00:00,2026-09-26 14:25:10.204350+00:00,0.0
-25.8094961,28.2530999,ERASMUSRAND,RIGEL AVENUE,TSH,79900042,https://powerfailure.tshwane.gov.za/Tshwanesms/Map.aspx,"-25.8095,28.2531|ERASMUSRAND#0",2026-09-26 04:51:34.754667+00:00,2026-09-26 14:25:10.204350+00:00,9.56
-25.8091863,28.2497933,ERASMUSRAND,OOM JOCHEMS' PLACE,TSH,79900042,https://powerfailure.tshwane.gov.za/Tshwanesms/Map.aspx,"-25.8092,28.2498|ERASMUSRAND#0",2026-09-26 04:51:34.754667+00:00,2026-09-26 14:25:10.204350+00:00,9.56
-25.8132948,28.2534023,ERASMUSRAND,PAT DYER AVENUE,TSH,79900042,https://powerfailure.tshwane.gov.za/Tshwanesms/Map.aspx,"-25.8133,28.2534|ERASMUSRAND#0",2026-09-26 04:51:34.754667+00:00,2026-09-26 14:25:10.204350+00:00,9.56
-25.8131487,28.2538653,ERASMUSRAND,PAT DYER AVENUE,TSH,79900042,https://powerfailure.tshwane.gov.za/Tshwanesms/Map.aspx,"-25.8131,28.2539|ERASMUSRAND#0",2026-09-26 04:51:34.754667+00:00,2026-09-26 14:25:10.204350+00:00,9.56
-25.812848,28.2553957,ERASMUSRAND,MAMANTHANE STREET,TSH,79900042,https://powerfailure.tshwane.gov.za/Tshwanesms/Map.aspx,"-25.8128,28.2554|ERASMUSRAND#0",2026-09-26 14:25:10.204350+00:00,2026-09-26 14:25:10.204350+00:00,0.0
-25.7183452,28.3618972,MAMELODI,MITLWAWA STREET,TSH,79900028,https://powerfailure.tshwane.gov.za/Tshwanesms/Map.aspx,"-25.7183,28.3619|MAMELODI#0",2026-09-23 15:54:26.696532+00:00,2026-09-26 14:25:10.204350+00:00,70.51
-25.7241679,28.3010099,SILVERTONDALE x   2,HOOGOOND STREET,TSH,79900041,https://powerfailure.tshwane.gov.za/Tshwanesms/Map.aspx,"-25.7242,28.3010|SILVERTONDALE X 2#0",2026-09-25 17:15:35.006199+00:00,2026-09-26 14:25:10.204350+00:00,21.16
-25.7097512,28.229837,VILLIERIA,26TH AVENUE,TSH,79900053,https://powerfailure.tshwane.gov.za/Tshwanesms/Map.aspx,"-25.7098,28.2298|VILLIERIA#0",2026-09-25 17:15:35.006199+00:00,2026-09-26 14:25:10.204350+00:00,21.16
-25.7198165,28.7212591,RETHABISENG X03,RETHABISENG,TSH,79900103,https://powerfailure.tshwane.gov.za/Tshwanesms/Map.aspx,"-25.7198,28.7213|RETHABISENG X03#0",2026-09-23 15:54:26.696532+00:00,2026-09-26 14:25:10.204350+00:00,70.51
-25.5804273,28.0859857,SOSHANGUVE SOUTH X04,STAND 4745,TSH,79900089,https://powerfailure.tshwane.gov.za/Tshwanesms/Map.aspx,"-25.5804,28.0860|SOSHANGUVE SOUTH X04#0",2026-09-23 15:54:26.696532+00:00,2026-09-26 14:25:10.204350+00:00,70.51
-25.5895218,28.0806673,SOSHANGUVE SOUTH X05,STAND 9813,TSH,79900090,https://powerfailure.tshwane.gov.za/Tshwanesms/Map.aspx,"-25.5895,28.0807|SOSHANGUVE SOUTH X05#0",2026-09-23 15:54:26.696532+00:00,2026-09-26 14:25:10.204350+00:00,70.51
-25.5864015,28.2391542,PYRAMID ESTATE AH,LUIPERD AVENUE,TSH,79900096,https://powerfailure.tshwane.gov.za/Tshwanesms/Map.aspx,"-25.5864,28.2392|PYRAMID ESTATE AH#0",2026-09-24 11:52:55.215094+00:00,2026-09-26 14:25:10.204350+00:00,50.54
-25.8902088,28.1055905,MONAVONI AH,VENTER STREET,TSH,79900048,https://powerfailure.tshwane.gov.za/Tshwanesms/Map.aspx,"-25.8902,28.1056|MONAVONI AH#0",2026-09-26 04:51:34.754667+00:00,2026-09-26 14:25:10.204350+00:00,9.56
-25.680142,28.17426,PRETORIA NORTH,BRITS ROAD,TSH,79900002,https://powerfailure.tshwane.gov.za/Tshwanesms/Map.aspx,"-25.6801,28.1743|PRETORIA NORTH#0",2026-09-23 15:54:26.696532+00:00,2026-09-26 14:25:10.204350+00:00,70.51
-25.6809691,28.1684128,PRETORIA NORTH,EEUFEES STREET,TSH,79900002,https://powerfailure.tshwane.gov.za/Tshwanesms/Map.aspx,"-25.6810,28.1684|PRETORIA NORTH#0",2026-09-24 21:33:51.861461+00:00,2026-09-26 14:25:10.204350+00:00,40.86
-25.7020673,28.2623087,WAVERLEY,DICKENSON AVENUE,TSH,79900052,https://powerfailure.tshwane.gov.za/Tshwanesms/Map.aspx,"-25.7021,28.2623|WAVERLEY#0",2026-09-25 10:58:56.127220+00:00,2026-09-26 14:25:10.204350+00:00,27.44
-25.8532932,28.1435695,WIERDAPARK,MEYER STREET,TSH,79900070,https://powerfailure.tshwane.gov.za/Tshwanesms/Map.aspx,"-25.8533,28.1436|WIERDAPARK#0",2026-09-23 15:54:26.696532+00:00,2026-09-26 14:25:10.204350+00:00,70.51
-25.8562913,28.146105,WIERDAPARK,KOEDOE STREET,TSH,79900070,https://powerfailure.tshwane.gov.za/Tshwanesms/Map.aspx,"-25.8563,28.1461|WIERDAPARK#0",2026-09-23 15:54:26.696532+00:00,2026-09-26 14:25:10.204350+00:00,70.51
-25.855315,28.150638,WIERDAPARK,PIET HUGO AVENUE,TSH,79900070,https://powerfailure.tshwane.gov.za/Tshwanesms/Map.aspx,"-25.8553,28.1506|WIERDAPARK#0",2026-09-23 15:54:26.696532+00:00,2026-09-26 14:25:10.204350+00:00,70.51
-25.8587379,28.1498327,WIERDAPARK,SUSAN STREET,TSH,79900070,https://powerfailure.tshwane.gov.za/Tshwanesms/Map.aspx,"-25.8587,28.1498|WIERDAPARK#0",2026-09-23 15:54:26.696532+00:00,2026-09-26 14:25:10.204350+00:00,70.51
-25.861312,28.1457933,WIERDAPARK,HENDRIK STREET,TSH,79900070,https://powerfailure.tshwane.gov.za/Tshwanesms/Map.aspx,"-25.8613,28.1458|WIERDAPARK#0",2026-09-23 15:54:26.696532+00:00,2026-09-26 14:25:10.204350+00:00,70.51
-25.8607791,28.1509518,WIERDAPARK,SUSAN STREET,TSH,79900070,https://powerfailure.tshwane.gov.za/Tshwanesms/Map.aspx,"-25.8608,28.1510|WIERDAPARK#0",2026-09-23 15:54:26.696532+00:00,2026-09-26 14:25:10.204350+00:00,70.51
-25.8533439,28.1383355,WIERDAPARK,CHRIS HOUGAARD STREET,TSH,79900070,https://powerfailure.tshwane.gov.za/Tshwanesms/Map.aspx,"-25.8533,28.1383|WIERDAPARK#0",2026-09-23 15:54:26.696532+00:00,2026-09-26 14:25:10.204350+00:00,70.51
-25.7109377,28.1350581,CLAREMONT,PAFF STREET,TSH,79900001,https://powerfailure.tshwane.gov.za/Tshwanesms/Map.aspx,"-25.7109,28.1351|CLAREMONT#0",2026-09-24 21:33:51.861461+00:00,2026-09-26 14:25:10.204350+00:00,40.86
-25.7217227,28.1399765,CLAREMONT,SCHURMANNS AVENUE,TSH,79900055,https://powerfailure.tshwane.gov.za/Tshwanesms/Map.aspx,"-25.7217,28.1400|CLAREMONT#0",2026-09-25 10:58:56.127220+00:00,2026-09-26 14:25:10.204350+00:00,27.44
-25.4564067,28.1250613,SOSHANGUVE-W,STAND,TSH,79900027,https://powerfailure.tshwane.gov.za/Tshwanesms/Map.aspx,"-25.4564,28.1251|SOSHANGUVE-W#0",2026-09-23 15:54:26.696532+00:00,2026-09-26 14:25:10.204350+00:00,70.51
-25.725762,27.9550725,RIETFONTEIN 485 JQ,.,NW372,63702030,https://powerfailure.tshwane.gov.za/Tshwanesms/Map.aspx,"-25.7258,27.9551|RIETFONTEIN 485 JQ#0",2026-09-25 17:15:35.006199+00:00,2026-09-26 14:25:10.204350+00:00,21.16
-25.7414557,27.9101356,RIETFONTEIN 485 JQ,MVS-165-02S-90W-01,NW372,63702030,https://powerfailure.tshwane.gov.za/Tshwanesms/Map.aspx,"-25.7415,27.9101|RIETFONTEIN 485 JQ#0",2026-09-26 14:25:10.204350+00:00,2026-09-26 14:25:10.204350+00:00,0.0
-25.7856826,28.0774449,LAUDIUM X03,BENGAL STREET,TSH,79900061,https://powerfailure.tshwane.gov.za/Tshwanesms/Map.aspx,"-25.7857,28.0774|LAUDIUM X03#0",2026-09-25 17:15:35.006199+00:00,2026-09-26 14:25:10.204350+00:00,21.16
-25.7403999,28.3643333,NELLMAPIUS X04,PHETHA STREET,TSH,79900086,https://powerfailure.tshwane.gov.za/Tshwanesms/Map.aspx,"-25.7404,28.3643|NELLMAPIUS X04#0",2026-09-23 15:54:26.696532+00:00,2026-09-26 14:25:10.204350+00:00,70.51
-25.7418441,28.3576767,NELLMAPIUS X04,LOVE DRIVE,TSH,79900086,https://powerfailure.tshwane.gov.za/Tshwanesms/Map.aspx,"-25.7418,28.3577|NELLMAPIUS X04#0",2026-09-26 14:25:10.204350+00:00,2026-09-26 14:25:10.204350+00:00,0.0
-25.7418832,28.3610319,NELLMAPIUS X04,MOTLOTLEGI STREET,TSH,79900086,https://powerfailure.tshwane.gov.za/Tshwanesms/Map.aspx,"-25.7419,28.3610|NELLMAPIUS X04#0",2026-09-23 15:54:26.696532+00:00,2026-09-26 14:25:10.204350+00:00,70.51
-25.7437625,28.3638099,NELLMAPIUS X04,MOKWADI STREET,TSH,79900086,https://powerfailure.tshwane.gov.za/Tshwanesms/Map.aspx,"-25.7438,28.3638|NELLMAPIUS X04#0",2026-09-23 15:54:26.696532+00:00,2026-09-26 14:25:10.204350+00:00,70.51
-25.7352723,28.3458796,NELLMAPIUS X10,DEUDE STREET,TSH,79900086,https://powerfailure.tshwane.gov.za/Tshwanesms/Map.aspx,"-25.7353,28.3459|NELLMAPIUS X10#0",2026-09-23 15:54:26.696532+00:00,2026-09-26 14:25:10.204350+00:00,70.51
-25.8322607,28.3308074,RIETFONTEIN 375-JR,SPANISH GALLIARD AVENUE,TSH,79900091,https://powerfailure.tshwane.gov.za/Tshwanesms/Map.aspx,"-25.8323,28.3308|RIETFONTEIN 375-JR#0",2026-09-23 15:54:26.696532+00:00,2026-09-26 14:25:10.204350+00:00,70.51
-25.8399261,28.3359194,RIETFONTEIN 375-JR,JAMAICAN MUSIC AVENUE,TSH,79900091,https://powerfailure.tshwane.gov.za/Tshwanesms/Map.aspx,"-25.8399,28.3359|RIETFONTEIN 375-JR#0",2026-09-26 14:25:10.204350+00:00,2026-09-26 14:25:10.204350+00:00,0.0
-25.835318,28.3345792,RIETFONTEIN 375-JR,SPANISH GALLIARD AVENUE,TSH,79900091,https://powerfailure.tshwane.gov.za/Tshwanesms/Map.aspx,"-25.8353,28.3346|RIETFONTEIN 375-JR#0",2026-09-23 15:54:26.696532+00:00,2026-09-26 14:25:10.204350+00:00,70.51
-25.7301747,28.2269773,RIETONDALE,VAN DER MERWE STREET,TSH,79900084,https://powerfailure.tshwane.gov.za/Tshwanesms/Map.aspx,"-25.7302,28.2270|RIETONDALE#0",2026-09-26 14:25:10.204350+00:00,2026-09-26 14:25:10.204350+00:00,0.0
-25.7354503,28.227252,RIETONDALE,VAN DER MERWE STREET,TSH,79900084,https://powerfailure.tshwane.gov.za/Tshwanesms/Map.aspx,"-25.7355,28.2273|RIETONDALE#0",2026-09-26 14:25:10.204350+00:00,2026-09-26 14:25:10.204350+00:00,0.0
-25.7280677,28.2204973,RIETONDALE,BUFFELS ROAD,TSH,79900084,https://powerfailure.tshwane.gov.za/Tshwanesms/Map.aspx,"-25.7281,28.2205|RIETONDALE#0",2026-09-26 14:25:10.204350+00:00,2026-09-26 14:25:10.204350+00:00,0.0
-25.7288886,28.221252,RIETONDALE,LYS STREET,TSH,79900084,https://powerfailure.tshwane.gov.za/Tshwanesms/Map.aspx,"-25.7289,28.2213|RIETONDALE#0",2026-09-26 14:25:10.204350+00:00,2026-09-26 14:25:10.204350+00:00,0.0
-25.7283187,28.2278741,RIETONDALE,BUFFELS ROAD,TSH,79900084,https://powerfailure.tshwane.gov.za/Tshwanesms/Map.aspx,"-25.7283,28.2279|RIETONDALE#0",2026-09-26 14:25:10.204350+00:00,2026-09-26 14:25:10.204350+00:00,0.0
-25.7277189,28.2261014,RIETONDALE,VAN DER MERWE STREET,TSH,79900084,https://powerfailure.tshwane.gov.za/Tshwanesms/Map.aspx,"-25.7277,28.2261|RIETONDALE#0",2026-09-26 14:25:10.204350+00:00,2026-09-26 14:25:10.204350+00:00,0.0
-25.7295983,28.2125841,RIVIERA,MALAN STREET,TSH,79900053,https://powerfailure.tshwane.gov.za/Tshwanesms/Map.aspx,"-25.7296,28.2126|RIVIERA#0",2026-09-26 14:25:10.204350+00:00,2026-09-26 14:25:10.204350+00:00,0.0
-25.7303754,28.211358,RIVIERA,MALAN STREET,TSH,79900053,https://powerfailure.tshwane.gov.za/Tshwanesms/Map.aspx,"-25.7304,28.2114|RIVIERA#0",2026-09-26 14:25:10.204350+00:00,2026-09-26 14:25:10.204350+00:00,0.0
-25.730392,28.2152612,RIVIERA,PARKER STREET,TSH,79900053,https://powerfailure.tshwane.gov.za/Tshwanesms/Map.aspx,"-25.7304,28.2153|RIVIERA#0",2026-09-23 15:54:26.696532+00:00,2026-09-26 14:25:10.204350+00:00,70.51
-25.7331505,28.2119694,RIVIERA,ANNIE BOTHA AVENUE,TSH,79900053,https://powerfailure.tshwane.gov.za/Tshwanesms/Map.aspx,"-25.7332,28.2120|RIVIERA#0",2026-09-26 14:25:10.204350+00:00,2026-09-26 14:25:10.204350+00:00,0.0
-25.7337792,28.2101661,RIVIERA,VILJOEN STREET,TSH,79900053,https://powerfailure.tshwane.gov.za/Tshwanesms/Map.aspx,"-25.7338,28.2102|RIVIERA#0",2026-09-26 14:25:10.204350+00:00,2026-09-26 14:25:10.204350+00:00,0.0
-25.7301541,28.2155446,RIVIERA,PARKER STREET,TSH,79900053,https://powerfailure.tshwane.gov.za/Tshwanesms/Map.aspx,"-25.7302,28.2155|RIVIERA#0",2026-09-23 15:54:26.696532+00:00,2026-09-26 14:25:10.204350+00:00,70.51
-25.7351191,28.2189726,RIVIERA,HADLEY STREET,TSH,79900053,https://powerfailure.tshwane.gov.za/Tshwanesms/Map.aspx,"-25.7351,28.2190|RIVIERA#0",2026-09-26 14:25:10.204350+00:00,2026-09-26 14:25:10.204350+00:00,0.0
-25.7586725,28.2174449,SUNNYSIDE,COMPANY STREET,TSH,79900092,https://powerfailure.tshwane.gov.za/Tshwanesms/Map.aspx,"-25.7587,28.2174|SUNNYSIDE#0",2026-09-23 15:54:26.696532+00:00,2026-09-26 14:25:10.204350+00:00,70.51
-25.9076274,28.143869,THE REEDS X06,FRANS STREET,TSH,79900064,https://powerfailure.tshwane.gov.za/Tshwanesms/Map.aspx,"-25.9076,28.1439|THE REEDS X06#0",2026-09-26 04:51:34.754667+00:00,2026-09-26 14:25:10.204350+00:00,9.56
-25.9093429,28.1434326,THE REEDS X06,DIEDERICHS STREET,TSH,79900064,https://powerfailure.tshwane.gov.za/Tshwanesms/Map.aspx,"-25.9093,28.1434|THE REEDS X06#0",2026-09-26 04:51:34.754667+00:00,2026-09-26 14:25:10.204350+00:00,9.56
-25.8944923,28.132278,THE REEDS,PANORAMA ROAD,TSH,79900064,https://powerfailure.tshwane.gov.za/Tshwanesms/Map.aspx,"-25.8945,28.1323|THE REEDS#0",2026-09-26 04:51:34.754667+00:00,2026-09-26 14:25:10.204350+00:00,9.56
-25.9024842,28.1411565,THE REEDS X14,DAWID STREET,TSH,79900064,https://powerfailure.tshwane.gov.za/Tshwanesms/Map.aspx,"-25.9025,28.1412|THE REEDS X14#0",2026-09-26 14:25:10.204350+00:00,2026-09-26 14:25:10.204350+00:00,0.0
-25.8980293,28.1256584,THE REEDS X05,BLAIR STREET,TSH,79900064,https://powerfailure.tshwane.gov.za/Tshwanesms/Map.aspx,"-25.8980,28.1257|THE REEDS X05#0",2026-09-26 04:51:34.754667+00:00,2026-09-26 14:25:10.204350+00:00,9.56
-25.6465064,28.1103851,THE ORCHARDS X10,SCOTT STREET,TSH,79900004,https://powerfailure.tshwane.gov.za/Tshwanesms/Map.aspx,"-25.6465,28.1104|THE ORCHARDS X10#0",2026-09-23 15:54:26.696532+00:00,2026-09-26 14:25:10.204350+00:00,70.51
-25.6543686,28.0999264,THE ORCHARDS X13,DE BEER STREET,TSH,79900004,https://powerfailure.tshwane.gov.za/Tshwanesms/Map.aspx,"-25.6544,28.0999|THE ORCHARDS X13#0",2026-09-23 15:54:26.696532+00:00,2026-09-26 14:25:10.204350+00:00,70.51
-25.6535822,28.1047056,THE ORCHARDS X16,DORFLING STREET,TSH,79900004,https://powerfailure.tshwane.gov.za/Tshwanesms/Map.aspx,"-25.6536,28.1047|THE ORCHARDS X16#0",2026-09-23 15:54:26.696532+00:00,2026-09-26 14:25:10.204350+00:00,70.51
-25.5099383,28.1106914,SOSHANGUVE-G,STAND 46,TSH,79900033,https://powerfailure.tshwane.gov.za/Tshwanesms/Map.aspx,"-25.5099,28.1107|SOSHANGUVE-G#0",2026-09-23 15:54:26.696532+00:00,2026-09-26 14:25:10.204350+00:00,70.51
-25.5092943,28.1089925,SOSHANGUVE-G,STAND 253,TSH,79900033,https://powerfailure.tshwane.gov.za/Tshwanesms/Map.aspx,"-25.5093,28.1090|SOSHANGUVE-G#0",2026-09-23 15:54:26.696532+00:00,2026-09-26 14:25:10.204350+00:00,70.51
-25.5493524,28.1050962,SOSHANGUVE-L,STAND,TSH,79900035,https://powerfailure.tshwane.gov.za/Tshwanesms/Map.aspx,"-25.5494,28.1051|SOSHANGUVE-L#0",2026-09-23 15:54:26.696532+00:00,2026-09-26 14:25:10.204350+00:00,70.51
-25.883896,28.1035213,OLIEVENHOUTBOSCH 389-JR,THERON ROAD,TSH,79900048,https://powerfailure.tshwane.gov.za/Tshwanesms/Map.aspx,"-25.8839,28.1035|OLIEVENHOUTBOSCH 389-JR#0",2026-09-26 04:51:34.754667+00:00,2026-09-26 14:25:10.204350+00:00,9.56
-25.8112747,28.2049065,KLOOFZICHT,UNION AVENUE,TSH,79900079,https://powerfailure.tshwane.gov.za/Tshwanesms/Map.aspx,"-25.8113,28.2049|KLOOFZICHT#0",2026-09-26 14:25:10.204350+00:00,2026-09-26 14:25:10.204350+00:00,0.0
-25.794522,27.8926177,BROEDERSTROOM 481 JQ,BR-016-05-02E,NW372,63702029,https://powerfailure.tshwane.gov.za/Tshwanesms/Map.aspx,"-25.7945,27.8926|BROEDERSTROOM 481 JQ#0",2026-09-25 11:54:53.380939+00:00,2026-09-26 14:25:10.204350+00:00,26.5
-25.7040598,28.3753411,MAMELODI,STAND,TSH,79900023,https://powerfailure.tshwane.gov.za/Tshwanesms/Map.aspx,"-25.7041,28.3753|MAMELODI#0",2026-09-23 15:54:26.696532+00:00,2026-09-26 14:25:10.204350+00:00,70.51
-25.6927932,28.4165651,MAHUBE VALLEY X01,STAND  2526,TSH,79900093,https://powerfailure.tshwane.gov.za/Tshwanesms/Map.aspx,"-25.6928,28.4166|MAHUBE VALLEY X01#0",2026-09-23 15:54:26.696532+00:00,2026-09-26 14:25:10.204350+00:00,70.51
-25.7095513,28.4225038,MAHUBE VALLEY X21,STAND,TSH,79900097,https://powerfailure.tshwane.gov.za/Tshwanesms/Map.aspx,"-25.7096,28.4225|MAHUBE VALLEY X21#0",2026-09-25 10:58:56.127220+00:00,2026-09-26 14:25:10.204350+00:00,27.44
-25.443827,28.0795405,SOSHANGUVE-PP X01,STAND,TSH,79900025,https://powerfailure.tshwane.gov.za/Tshwanesms/Map.aspx,"-25.4438,28.0795|SOSHANGUVE-PP X01#0",2026-09-23 15:54:26.696532+00:00,2026-09-26 14:25:10.204350+00:00,70.51
-25.44454,28.0906827,SOSHANGUVE-PP X02,STAND,TSH,79900025,https://powerfailure.tshwane.gov.za/Tshwanesms/Map.aspx,"-25.4445,28.0907|SOSHANGUVE-PP X02#0",2026-09-23 15:54:26.696532+00:00,2026-09-26 14:25:10.204350+00:00,70.51
-25.5703297,28.2482865,WATERVAL 273-JR,PL P-74-06-08,TSH,79900096,https://powerfailure.tshwane.gov.za/Tshwanesms/Map.aspx,"-25.5703,28.2483|WATERVAL 273-JR#0",2026-09-25 05:01:45.026219+00:00,2026-09-26 14:25:10.204350+00:00,33.39
-25.7187276,27.9960187,KAMEELDRIFT 313-JR,PL MVN-128-32-22W-4S (POTION 123),TSH,79900055,https://powerfailure.tshwane.gov.za/Tshwanesms/Map.aspx,"-25.7187,27.9960|KAMEELDRIFT 313-JR#0",2026-09-25 17:15:35.006199+00:00,2026-09-26 14:25:10.204350+00:00,21.16
-25.7108687,27.9603764,KAMEELDRIFT 313-JR,PL MVN-183-1,TSH,79900055,https://powerfailure.tshwane.gov.za/Tshwanesms/Map.aspx,"-25.7109,27.9604|KAMEELDRIFT 313-JR#0",2026-09-23 15:54:26.696532+00:00,2026-09-26 14:25:10.204350+00:00,70.51
-25.6960192,28.0375176,KAMEELDRIFT 313-JR,PL MVN-88C-2-5,TSH,79900055,https://powerfailure.tshwane.gov.za/Tshwanesms/Map.aspx,"-25.6960,28.0375|KAMEELDRIFT 313-JR#0",2026-09-23 15:54:26.696532+00:00,2026-09-26 14:25:10.204350+00:00,70.51
-25.6863309,28.0278122,KAMEELDRIFT 313-JR,PL MVN-88E-19N,TSH,79900055,https://powerfailure.tshwane.gov.za/Tshwanesms/Map.aspx,"-25.6863,28.0278|KAMEELDRIFT 313-JR#0",2026-09-23 15:54:26.696532+00:00,2026-09-26 14:25:10.204350+00:00,70.51
-25.725536,28.0729709,BOEKENHOUTKLOOF 315-JR,PL MVS-030-011-07W,TSH,79900055,https://powerfailure.tshwane.gov.za/Tshwanesms/Map.aspx,"-25.7255,28.0730|BOEKENHOUTKLOOF 315-JR#0",2026-09-25 17:15:35.006199+00:00,2026-09-26 14:25:10.204350+00:00,21.16
-25.5036091,28.1063352,SOSHANGUVE-F,KGWELE STREET,TSH,79900033,https://powerfailure.tshwane.gov.za/Tshwanesms/Map.aspx,"-25.5036,28.1063|SOSHANGUVE-F#0",2026-09-23 15:54:26.696532+00:00,2026-09-26 14:25:10.204350+00:00,70.51
-25.5197465,28.0961788,SOSHANGUVE-F,STAND 2269,TSH,79900029,https://powerfailure.tshwane.gov.za/Tshwanesms/Map.aspx,"-25.5197,28.0962|SOSHANGUVE-F#0",2026-09-23 15:54:26.696532+00:00,2026-09-26 14:25:10.204350+00:00,70.51
-25.8584792,28.1568646,ELDORAIGNE X06,FITZGERALD STREET,TSH,79900069,https://powerfailure.tshwane.gov.za/Tshwanesms/Map.aspx,"-25.8585,28.1569|ELDORAIGNE X06#0",2026-09-23 15:54:26.696532+00:00,2026-09-26 14:25:10.204350+00:00,70.51
-25.8563101,28.1529962,ELDORAIGNE X27,KORT STREET,TSH,79900069,https://powerfailure.tshwane.gov.za/Tshwanesms/Map.aspx,"-25.8563,28.1530|ELDORAIGNE X27#0",2026-09-23 15:54:26.696532+00:00,2026-09-26 14:25:10.204350+00:00,70.51
-25.877754,28.1148604,HEUWELOORD X02,MAHOGANY AVENUE,TSH,79900048,https://powerfailure.tshwane.gov.za/Tshwanesms/Map.aspx,"-25.8778,28.1149|HEUWELOORD X02#0",2026-09-26 14:25:10.204350+00:00,2026-09-26 14:25:10.204350+00:00,0.0
-25.8818346,28.109103,HEUWELOORD X02,ROOSHOUT AVENUE,TSH,79900048,https://powerfailure.tshwane.gov.za/Tshwanesms/Map.aspx,"-25.8818,28.1091|HEUWELOORD X02#0",2026-09-26 04:51:34.754667+00:00,2026-09-26 14:25:10.204350+00:00,9.56
-25.881454,28.1138425,HEUWELOORD X02,SPRINGBARK AVENUE,TSH,79900048,https://powerfailure.tshwane.gov.za/Tshwanesms/Map.aspx,"-25.8815,28.1138|HEUWELOORD X02#0",2026-09-26 14:25:10.204350+00:00,2026-09-26 14:25:10.204350+00:00,0.0
-25.8887317,28.112718,HEUWELOORD X03,WILDEKASTAIING AVENUE,TSH,79900048,https://powerfailure.tshwane.gov.za/Tshwanesms/Map.aspx,"-25.8887,28.1127|HEUWELOORD X03#0",2026-09-26 04:51:34.754667+00:00,2026-09-26 14:25:10.204350+00:00,9.56
-25.888447,28.1115655,HEUWELOORD X03,WILDEKASTAIING AVENUE,TSH,79900048,https://powerfailure.tshwane.gov.za/Tshwanesms/Map.aspx,"-25.8884,28.1116|HEUWELOORD X03#0",2026-09-26 04:51:34.754667+00:00,2026-09-26 14:25:10.204350+00:00,9.56
-25.8855048,28.1143877,HEUWELOORD X03,CAPE BEECH AVENUE,TSH,79900048,https://powerfailure.tshwane.gov.za/Tshwanesms/Map.aspx,"-25.8855,28.1144|HEUWELOORD X03#0",2026-09-26 14:25:10.204350+00:00,2026-09-26 14:25:10.204350+00:00,0.0
-25.868505,28.2138741,IRENE,STANLEY ROAD,TSH,79900065,https://powerfailure.tshwane.gov.za/Tshwanesms/Map.aspx,"-25.8685,28.2139|IRENE#0",2026-09-23 15:54:26.696532+00:00,2026-09-26 14:25:10.204350+00:00,70.51
-25.7739628,28.2792315,LYNNWOOD GLEN,FLORESTA STREET,TSH,79900046,https://powerfailure.tshwane.gov.za/Tshwanesms/Map.aspx,"-25.7740,28.2792|LYNNWOOD GLEN#0",2026-09-23 15:54:26.696532+00:00,2026-09-26 14:25:10.204350+00:00,70.51
-25.8468145,28.2037842,LYTTELTON MANOR X03,AMETHUST AVENUE,TSH,79900057,https://powerfailure.tshwane.gov.za/Tshwanesms/Map.aspx,"-25.8468,28.2038|LYTTELTON MANOR X03#0",2026-09-23 15:54:26.696532+00:00,2026-09-26 14:25:10.204350+00:00,70.51
-25.8477915,28.2040058,LYTTELTON MANOR X03,AMETHUST AVENUE,TSH,79900057,https://powerfailure.tshwane.gov.za/Tshwanesms/Map.aspx,"-25.8478,28.2040|LYTTELTON MANOR X03#0",2026-09-23 15:54:26.696532+00:00,2026-09-26 14:25:10.204350+00:00,70.51
-25.8456832,28.2086173,LYTTELTON MANOR,AMKOR ROAD,TSH,79900057,https://powerfailure.tshwane.gov.za/Tshwanesms/Map.aspx,"-25.8457,28.2086|LYTTELTON MANOR#0",2026-09-23 15:54:26.696532+00:00,2026-09-26 14:25:10.204350+00:00,70.51
-25.8487858,28.2148548,LYTTELTON MANOR,GOLD CIRCLE,TSH,79900057,https://powerfailure.tshwane.gov.za/Tshwanesms/Map.aspx,"-25.8488,28.2149|LYTTELTON MANOR#0",2026-09-23 15:54:26.696532+00:00,2026-09-26 14:25:10.204350+00:00,70.51
-25.5567029,28.1426803,ONDERSTEPOORT 266-JR,STAND 28,TSH,79900096,https://powerfailure.tshwane.gov.za/Tshwanesms/Map.aspx,"-25.5567,28.1427|ONDERSTEPOORT 266-JR#0",2026-09-23 15:54:26.696532+00:00,2026-09-26 14:25:10.204350+00:00,70.51
-25.8138634,28.733101,HONDSRIVIER 508-JR,CATHIE STREET,TSH,79900105,https://powerfailure.tshwane.gov.za/Tshwanesms/Map.aspx,"-25.8139,28.7331|HONDSRIVIER 508-JR#0",2026-09-23 15:54:26.696532+00:00,2026-09-26 14:25:10.204350+00:00,70.51
-25.5894345,28.0565934,SOSHANGUVE SOUTH X12,STAND,TSH,79900037,https://powerfailure.tshwane.gov.za/Tshwanesms/Map.aspx,"-25.5894,28.0566|SOSHANGUVE SOUTH X12#0",2026-09-25 10:58:56.127220+00:00,2026-09-26 14:25:10.204350+00:00,27.44
-25.8079739,28.2482188,ERASMUSRAND,RIGEL AVENUE,TSH,79900042,https://powerfailure.tshwane.gov.za/Tshwanesms/Map.aspx,"-25.8080,28.2482|ERASMUSRAND#0",2026-09-26 14:25:10.204350+00:00,2026-09-26 14:25:10.204350+00:00,0.0
-25.812926,28.2500266,ERASMUSRAND,EMUS ERASMUS AVENUE,TSH,79900042,https://powerfailure.tshwane.gov.za/Tshwanesms/Map.aspx,"-25.8129,28.2500|ERASMUSRAND#0",2026-09-26 04:51:34.754667+00:00,2026-09-26 14:25:10.204350+00:00,9.56
-25.8176558,28.2522457,ERASMUSRAND,EMUS ERASMUS AVENUE,TSH,79900042,https://powerfailure.tshwane.gov.za/Tshwanesms/Map.aspx,"-25.8177,28.2522|ERASMUSRAND#0",2026-09-26 04:51:34.754667+00:00,2026-09-26 14:25:10.204350+00:00,9.56
-25.8107299,28.2530953,ERASMUSRAND,OOM JOCHEMS PLACE,TSH,79900042,https://powerfailure.tshwane.gov.za/Tshwanesms/Map.aspx,"-25.8107,28.2531|ERASMUSRAND#0",2026-09-26 04:51:34.754667+00:00,2026-09-26 14:25:10.204350+00:00,9.56
-25.8107299,28.2530953,ERASMUSRAND,OOM JOCHEMS PLACE,TSH,79900042,https://powerfailure.tshwane.gov.za/Tshwanesms/Map.aspx,"-25.8107,28.2531|ERASMUSRAND#1",2026-09-26 04:51:34.754667+00:00,2026-09-26 14:25:10.204350+00:00,9.56
-25.8115884,28.2506481,ERASMUSRAND,CARELSBERG STREET,TSH,79900042,https://powerfailure.tshwane.gov.za/Tshwanesms/Map.aspx,"-25.8116,28.2506|ERASMUSRAND#0",2026-09-26 14:25:10.204350+00:00,2026-09-26 14:25:10.204350+00:00,0.0
-25.817281,28.2528343,ERASMUSRAND,EMUS ERASMUS AVENUE,TSH,79900042,https://powerfailure.tshwane.gov.za/Tshwanesms/Map.aspx,"-25.8173,28.2528|ERASMUSRAND#0",2026-09-26 14:25:10.204350+00:00,2026-09-26 14:25:10.204350+00:00,0.0
-25.8126477,28.2565277,ERASMUSRAND,WYNANDSKRAAL WYNANDSKRAAL,TSH,79900042,https://powerfailure.tshwane.gov.za/Tshwanesms/Map.aspx,"-25.8126,28.2565|ERASMUSRAND#0",2026-09-26 14:25:10.204350+00:00,2026-09-26 14:25:10.204350+00:00,0.0
-25.8112085,28.2560522,ERASMUSRAND,ALBERTUS AVENUE,TSH,79900042,https://powerfailure.tshwane.gov.za/Tshwanesms/Map.aspx,"-25.8112,28.2561|ERASMUSRAND#0",2026-09-26 04:51:34.754667+00:00,2026-09-26 14:25:10.204350+00:00,9.56
-25.4756105,28.049847,WINTERVELD,STAND,TSH,79900019,https://powerfailure.tshwane.gov.za/Tshwanesms/Map.aspx,"-25.4756,28.0498|WINTERVELD#0",2026-09-23 15:54:26.696532+00:00,2026-09-26 14:25:10.204350+00:00,70.51
-25.7488928,28.1787459,PRETORIA,PRETORIUS STREET,TSH,79900058,https://powerfailure.tshwane.gov.za/Tshwanesms/Map.aspx,"-25.7489,28.1787|PRETORIA#0",2026-09-23 15:54:26.696532+00:00,2026-09-26 14:25:10.204350+00:00,70.51
-25.7551414,28.1666827,PRETORIA WEST,STAATSARTILLERIE,TSH,79900003,https://powerfailure.tshwane.gov.za/Tshwanesms/Map.aspx,"-25.7551,28.1667|PRETORIA WEST#0",2026-09-23 15:54:26.696532+00:00,2026-09-26 14:25:10.204350+00:00,70.51
-25.7186039,28.1407717,PRETORIA GARDENS,TUIN STREET,TSH,79900055,https://powerfailure.tshwane.gov.za/Tshwanesms/Map.aspx,"-25.7186,28.1408|PRETORIA GARDENS#0",2026-09-25 10:58:56.127220+00:00,2026-09-26 14:25:10.204350+00:00,27.44
-25.7205089,28.1439707,PRETORIA GARDENS,ERNEST STREET,TSH,79900055,https://powerfailure.tshwane.gov.za/Tshwanesms/Map.aspx,"-25.7205,28.1440|PRETORIA GARDENS#0",2026-09-23 15:54:26.696532+00:00,2026-09-26 14:25:10.204350+00:00,70.51
-25.6992272,28.2364969,VILLIERIA,30TH AVENUE,TSH,79900052,https://powerfailure.tshwane.gov.za/Tshwanesms/Map.aspx,"-25.6992,28.2365|VILLIERIA#0",2026-09-24 11:52:55.215094+00:00,2026-09-26 14:25:10.204350+00:00,50.54
-25.6452475,28.1308333,KLERKSOORD AH,CNR DIAMANT & WILLEM CRUYWAGEN,TSH,79900098,https://powerfailure.tshwane.gov.za/Tshwanesms/Map.aspx,"-25.6452,28.1308|KLERKSOORD AH#0",2026-09-23 15:54:26.696532+00:00,2026-09-26 14:25:10.204350+00:00,70.51
-25.520831,28.1031557,SOSHANGUVE-H,STAND 1354,TSH,79900034,https://powerfailure.tshwane.gov.za/Tshwanesms/Map.aspx,"-25.5208,28.1032|SOSHANGUVE-H#0",2026-09-23 15:54:26.696532+00:00,2026-09-26 14:25:10.204350+00:00,70.51
-25.4454397,28.0829699,SOSHANGUVE-HH,STAND 162,TSH,79900011,https://powerfailure.tshwane.gov.za/Tshwanesms/Map.aspx,"-25.4454,28.0830|SOSHANGUVE-HH#0",2026-09-23 15:54:26.696532+00:00,2026-09-26 14:25:10.204350+00:00,70.51
-25.4459788,28.0878664,SOSHANGUVE-HH,STAND 269,TSH,79900011,https://powerfailure.tshwane.gov.za/Tshwanesms/Map.aspx,"-25.4460,28.0879|SOSHANGUVE-HH#0",2026-09-23 15:54:26.696532+00:00,2026-09-26 14:25:10.204350+00:00,70.51
-25.444966,28.0871955,SOSHANGUVE-HH,STAND 317,TSH,79900011,https://powerfailure.tshwane.gov.za/Tshwanesms/Map.aspx,"-25.4450,28.0872|SOSHANGUVE-HH#0",2026-09-23 15:54:26.696532+00:00,2026-09-26 14:25:10.204350+00:00,70.51
-25.4478714,28.091084,SOSHANGUVE-HH,STAND 510,TSH,79900011,https://powerfailure.tshwane.gov.za/Tshwanesms/Map.aspx,"-25.4479,28.0911|SOSHANGUVE-HH#0",2026-09-23 15:54:26.696532+00:00,2026-09-26 14:25:10.204350+00:00,70.51
-25.4489402,28.0899384,SOSHANGUVE-HH,MOPUDI DRIVE,TSH,79900011,https://powerfailure.tshwane.gov.za/Tshwanesms/Map.aspx,"-25.4489,28.0899|SOSHANGUVE-HH#0",2026-09-23 15:54:26.696532+00:00,2026-09-26 14:25:10.204350+00:00,70.51
-25.4745305,28.0847815,SOSHANGUVE-NN,STAND 1301,TSH,79900011,https://powerfailure.tshwane.gov.za/Tshwanesms/Map.aspx,"-25.4745,28.0848|SOSHANGUVE-NN#0",2026-09-23 15:54:26.696532+00:00,2026-09-26 14:25:10.204350+00:00,70.51
-25.4760835,28.0853604,SOSHANGUVE-NN,STAND 1419,TSH,79900011,https://powerfailure.tshwane.gov.za/Tshwanesms/Map.aspx,"-25.4761,28.0854|SOSHANGUVE-NN#0",2026-09-23 15:54:26.696532+00:00,2026-09-26 14:25:10.204350+00:00,70.51
-25.6669744,28.2452967,MONTANA X124,"THIRD RD, LISA'S PLACE HOLDING 18",TSH,79900096,https://powerfailure.tshwane.gov.za/Tshwanesms/Map.aspx,"-25.6670,28.2453|MONTANA X124#0",2026-09-25 10:58:56.127220+00:00,2026-09-26 14:25:10.204350+00:00,27.44
-25.8046104,28.2526814,WATERKLOOF RIDGE,LYNDA PLACE,TSH,79900042,https://powerfailure.tshwane.gov.za/Tshwanesms/Map.aspx,"-25.8046,28.2527|WATERKLOOF RIDGE#0",2026-09-26 14:25:10.204350+00:00,2026-09-26 14:25:10.204350+00:00,0.0
-25.8526848,28.143266,WIERDAPARK,MEYER STREET,TSH,79900070,https://powerfailure.tshwane.gov.za/Tshwanesms/Map.aspx,"-25.8527,28.1433|WIERDAPARK#0",2026-09-23 15:54:26.696532+00:00,2026-09-26 14:25:10.204350+00:00,70.51
-25.8538766,28.1503451,WIERDAPARK,PIET HUGO AVENUE,TSH,79900070,https://powerfailure.tshwane.gov.za/Tshwanesms/Map.aspx,"-25.8539,28.1503|WIERDAPARK#0",2026-09-23 15:54:26.696532+00:00,2026-09-26 14:25:10.204350+00:00,70.51
-25.8598032,28.1475665,WIERDAPARK,FRIEDERICHE STREET,TSH,79900070,https://powerfailure.tshwane.gov.za/Tshwanesms/Map.aspx,"-25.8598,28.1476|WIERDAPARK#0",2026-09-23 15:54:26.696532+00:00,2026-09-26 14:25:10.204350+00:00,70.51
-25.8533534,28.1397948,WIERDAPARK,MEYER STREET,TSH,79900070,https://powerfailure.tshwane.gov.za/Tshwanesms/Map.aspx,"-25.8534,28.1398|WIERDAPARK#0",2026-09-23 15:54:26.696532+00:00,2026-09-26 14:25:10.204350+00:00,70.51
-25.8606119,28.1451562,WIERDAPARK,GEMSBOK STREET,TSH,79900070,https://powerfailure.tshwane.gov.za/Tshwanesms/Map.aspx,"-25.8606,28.1452|WIERDAPARK#0",2026-09-23 15:54:26.696532+00:00,2026-09-26 14:25:10.204350+00:00,70.51
-25.8612189,28.150335,WIERDAPARK,SUSAN STREET,TSH,79900070,https://powerfailure.tshwane.gov.za/Tshwanesms/Map.aspx,"-25.8612,28.1503|WIERDAPARK#0",2026-09-23 15:54:26.696532+00:00,2026-09-26 14:25:10.204350+00:00,70.51
-25.8576801,28.1381515,WIERDAPARK,THEUNS VAN NIEKERK STREET,TSH,79900070,https://powerfailure.tshwane.gov.za/Tshwanesms/Map.aspx,"-25.8577,28.1382|WIERDAPARK#0",2026-09-23 15:54:26.696532+00:00,2026-09-26 14:25:10.204350+00:00,70.51
-25.8666503,28.1451146,WIERDAPARK,THEUNISSEN STREET,TSH,79900070,https://powerfailure.tshwane.gov.za/Tshwanesms/Map.aspx,"-25.8667,28.1451|WIERDAPARK#0",2026-09-23 15:54:26.696532+00:00,2026-09-26 14:25:10.204350+00:00,70.51
-25.8660503,28.1441412,WIERDAPARK,THEUNISSEN STREET,TSH,79900070,https://powerfailure.tshwane.gov.za/Tshwanesms/Map.aspx,"-25.8661,28.1441|WIERDAPARK#0",2026-09-23 15:54:26.696532+00:00,2026-09-26 14:25:10.204350+00:00,70.51
-25.8673628,28.1483863,WIERDAPARK,DU TOIT STREET,TSH,79900070,https://powerfailure.tshwane.gov.za/Tshwanesms/Map.aspx,"-25.8674,28.1484|WIERDAPARK#0",2026-09-23 15:54:26.696532+00:00,2026-09-26 14:25:10.204350+00:00,70.51
-25.852671,28.1369263,WIERDAPARK X01,THEO STREET,TSH,79900070,https://powerfailure.tshwane.gov.za/Tshwanesms/Map.aspx,"-25.8527,28.1369|WIERDAPARK X01#0",2026-09-23 15:54:26.696532+00:00,2026-09-26 14:25:10.204350+00:00,70.51
-25.7391117,28.1398501,PHILIP NEL PARK,WYNAND SMIT STREET,TSH,79900060,https://powerfailure.tshwane.gov.za/Tshwanesms/Map.aspx,"-25.7391,28.1399|PHILIP NEL PARK#0",2026-09-23 15:54:26.696532+00:00,2026-09-26 14:25:10.204350+00:00,70.51
-25.6743791,28.1151194,KARENPARK,CYCLAMEN,TSH,79900004,https://powerfailure.tshwane.gov.za/Tshwanesms/Map.aspx,"-25.6744,28.1151|KARENPARK#0",2026-09-23 15:54:26.696532+00:00,2026-09-26 14:25:10.204350+00:00,70.51
-25.6432154,28.2357891,DOORNPOORT,PEERBOOM STREET,TSH,79900096,https://powerfailure.tshwane.gov.za/Tshwanesms/Map.aspx,"-25.6432,28.2358|DOORNPOORT#0",2026-09-25 10:58:56.127220+00:00,2026-09-26 14:25:10.204350+00:00,27.44
-25.6455646,28.2382972,DOORNPOORT,POPLAR STREET,TSH,79900096,https://powerfailure.tshwane.gov.za/Tshwanesms/Map.aspx,"-25.6456,28.2383|DOORNPOORT#0",2026-09-25 10:58:56.127220+00:00,2026-09-26 14:25:10.204350+00:00,27.44
-25.6441275,28.2352889,DOORNPOORT,VIOOLTJIE STREET,TSH,79900096,https://powerfailure.tshwane.gov.za/Tshwanesms/Map.aspx,"-25.6441,28.2353|DOORNPOORT#0",2026-09-25 10:58:56.127220+00:00,2026-09-26 14:25:10.204350+00:00,27.44
-25.6510813,28.2420292,DOORNPOORT,KERSIEBOOM ROAD,TSH,79900096,https://powerfailure.tshwane.gov.za/Tshwanesms/Map.aspx,"-25.6511,28.2420|DOORNPOORT#0",2026-09-25 10:58:56.127220+00:00,2026-09-26 14:25:10.204350+00:00,27.44
-25.6545067,28.2432788,DOORNPOORT,AMANDELBOOM ROAD,TSH,79900096,https://powerfailure.tshwane.gov.za/Tshwanesms/Map.aspx,"-25.6545,28.2433|DOORNPOORT#0",2026-09-25 10:58:56.127220+00:00,2026-09-26 14:25:10.204350+00:00,27.44
-25.651971,28.2451797,DOORNPOORT X01,GAMBRY AVENUE,TSH,79900096,https://powerfailure.tshwane.gov.za/Tshwanesms/Map.aspx,"-25.6520,28.2452|DOORNPOORT X01#0",2026-09-25 10:58:56.127220+00:00,2026-09-26 14:25:10.204350+00:00,27.44
-25.6574705,28.2461564,DOORNPOORT X01,MELIA-OORD,TSH,79900096,https://powerfailure.tshwane.gov.za/Tshwanesms/Map.aspx,"-25.6575,28.2462|DOORNPOORT X01#0",2026-09-23 15:54:26.696532+00:00,2026-09-26 14:25:10.204350+00:00,70.51
-25.7158847,27.9515809,RIETFONTEIN 485JQ,PL MVN-201,NW372,63702030,https://powerfailure.tshwane.gov.za/Tshwanesms/Map.aspx,"-25.7159,27.9516|RIETFONTEIN 485JQ#0",2026-09-23 15:54:26.696532+00:00,2026-09-26 14:25:10.204350+00:00,70.51
-25.7812108,28.1138537,LAUDIUM X02,TAJ STREET,TSH,79900061,https://powerfailure.tshwane.gov.za/Tshwanesms/Map.aspx,"-25.7812,28.1139|LAUDIUM X02#0",2026-09-23 15:54:26.696532+00:00,2026-09-26 14:25:10.204350+00:00,70.51
-25.7332808,28.359771,NELLMAPIUS X04,POELANO STREET,TSH,79900028,https://powerfailure.tshwane.gov.za/Tshwanesms/Map.aspx,"-25.7333,28.3598|NELLMAPIUS X04#0",2026-09-23 15:54:26.696532+00:00,2026-09-26 14:25:10.204350+00:00,70.51
-25.7372709,28.3634362,NELLMAPIUS X04,MODIRO ROAD,TSH,79900086,https://powerfailure.tshwane.gov.za/Tshwanesms/Map.aspx,"-25.7373,28.3634|NELLMAPIUS X04#0",2026-09-23 15:54:26.696532+00:00,2026-09-26 14:25:10.204350+00:00,70.51
-25.744466,28.3629002,NELLMAPIUS X04,SAAMROEP STREET,TSH,79900086,https://powerfailure.tshwane.gov.za/Tshwanesms/Map.aspx,"-25.7445,28.3629|NELLMAPIUS X04#0",2026-09-23 15:54:26.696532+00:00,2026-09-26 14:25:10.204350+00:00,70.51
-25.7463265,28.3631583,NELLMAPIUS X04,PHEDISANA STREET,TSH,79900086,https://powerfailure.tshwane.gov.za/Tshwanesms/Map.aspx,"-25.7463,28.3632|NELLMAPIUS X04#0",2026-09-23 15:54:26.696532+00:00,2026-09-26 14:25:10.204350+00:00,70.51
-25.7432069,28.3582751,NELLMAPIUS X04,LOKILE STREET,TSH,79900086,https://powerfailure.tshwane.gov.za/Tshwanesms/Map.aspx,"-25.7432,28.3583|NELLMAPIUS X04#0",2026-09-23 15:54:26.696532+00:00,2026-09-26 14:25:10.204350+00:00,70.51
-25.7431285,28.3564862,NELLMAPIUS X04,GAUGELA STREET,TSH,79900086,https://powerfailure.tshwane.gov.za/Tshwanesms/Map.aspx,"-25.7431,28.3565|NELLMAPIUS X04#0",2026-09-26 14:25:10.204350+00:00,2026-09-26 14:25:10.204350+00:00,0.0
-25.7441844,28.3495944,NELLMAPIUS X04,LESEKO STREET,TSH,79900086,https://powerfailure.tshwane.gov.za/Tshwanesms/Map.aspx,"-25.7442,28.3496|NELLMAPIUS X04#0",2026-09-23 15:54:26.696532+00:00,2026-09-26 14:25:10.204350+00:00,70.51
-25.7425479,28.3521932,NELLMAPIUS X04,BOLENG STREET,TSH,79900086,https://powerfailure.tshwane.gov.za/Tshwanesms/Map.aspx,"-25.7425,28.3522|NELLMAPIUS X04#0",2026-09-23 15:54:26.696532+00:00,2026-09-26 14:25:10.204350+00:00,70.51
-25.7415104,28.3509115,NELLMAPIUS X04,LESEKO STREET,TSH,79900086,https://powerfailure.tshwane.gov.za/Tshwanesms/Map.aspx,"-25.7415,28.3509|NELLMAPIUS X04#0",2026-09-23 15:54:26.696532+00:00,2026-09-26 14:25:10.204350+00:00,70.51
-25.7336103,28.3812362,NELLMAPIUS X7,CRYSTAL STREET,TSH,79900015,https://powerfailure.tshwane.gov.za/Tshwanesms/Map.aspx,"-25.7336,28.3812|NELLMAPIUS X7#0",2026-09-23 15:54:26.696532+00:00,2026-09-26 14:25:10.204350+00:00,70.51
-25.8334159,28.3285788,RIETFONTEIN 375-JR,JOLLIFY MAIN ROAD,TSH,79900091,https://powerfailure.tshwane.gov.za/Tshwanesms/Map.aspx,"-25.8334,28.3286|RIETFONTEIN 375-JR#0",2026-09-23 15:54:26.696532+00:00,2026-09-26 14:25:10.204350+00:00,70.51
-25.8443517,28.3363854,RIETFONTEIN 375-JR,JOLLIFY RING ROAD,TSH,79900091,https://powerfailure.tshwane.gov.za/Tshwanesms/Map.aspx,"-25.8444,28.3364|RIETFONTEIN 375-JR#0",2026-09-23 15:54:26.696532+00:00,2026-09-26 14:25:10.204350+00:00,70.51
-25.7302004,28.2216714,RIETONDALE,DALE ROAD,TSH,79900084,https://powerfailure.tshwane.gov.za/Tshwanesms/Map.aspx,"-25.7302,28.2217|RIETONDALE#0",2026-09-26 14:25:10.204350+00:00,2026-09-26 14:25:10.204350+00:00,0.0
-25.7296469,28.2216422,RIETONDALE,DALE ROAD,TSH,79900084,https://powerfailure.tshwane.gov.za/Tshwanesms/Map.aspx,"-25.7296,28.2216|RIETONDALE#0",2026-09-26 14:25:10.204350+00:00,2026-09-26 14:25:10.204350+00:00,0.0
-25.7341037,28.2263183,RIETONDALE,SOUTPANSBERG ROAD,TSH,79900084,https://powerfailure.tshwane.gov.za/Tshwanesms/Map.aspx,"-25.7341,28.2263|RIETONDALE#0",2026-09-26 14:25:10.204350+00:00,2026-09-26 14:25:10.204350+00:00,0.0
-25.7356165,28.2214271,RIETONDALE,RUSSEL STREET,TSH,79900084,https://powerfailure.tshwane.gov.za/Tshwanesms/Map.aspx,"-25.7356,28.2214|RIETONDALE#0",2026-09-26 14:25:10.204350+00:00,2026-09-26 14:25:10.204350+00:00,0.0
-25.7353019,28.224002,RIETONDALE,RUSSEL STREET,TSH,79900084,https://powerfailure.tshwane.gov.za/Tshwanesms/Map.aspx,"-25.7353,28.2240|RIETONDALE#0",2026-09-26 14:25:10.204350+00:00,2026-09-26 14:25:10.204350+00:00,0.0
-25.7295274,28.2089227,RIVIERA,MALAN STREET,TSH,79900053,https://powerfailure.tshwane.gov.za/Tshwanesms/Map.aspx,"-25.7295,28.2089|RIVIERA#0",2026-09-26 14:25:10.204350+00:00,2026-09-26 14:25:10.204350+00:00,0.0
-25.7294774,28.2092101,RIVIERA,MALAN STREET,TSH,79900053,https://powerfailure.tshwane.gov.za/Tshwanesms/Map.aspx,"-25.7295,28.2092|RIVIERA#0",2026-09-26 14:25:10.204350+00:00,2026-09-26 14:25:10.204350+00:00,0.0
-25.7313262,28.2079548,RIVIERA,ROSE STREET,TSH,79900053,https://powerfailure.tshwane.gov.za/Tshwanesms/Map.aspx,"-25.7313,28.2080|RIVIERA#0",2026-09-26 14:25:10.204350+00:00,2026-09-26 14:25:10.204350+00:00,0.0
-25.7310245,28.2108422,RIVIERA,ROSE STREET,TSH,79900053,https://powerfailure.tshwane.gov.za/Tshwanesms/Map.aspx,"-25.7310,28.2108|RIVIERA#0",2026-09-26 14:25:10.204350+00:00,2026-09-26 14:25:10.204350+00:00,0.0
-25.7309998,28.2113922,RIVIERA,ROSE STREET,TSH,79900053,https://powerfailure.tshwane.gov.za/Tshwanesms/Map.aspx,"-25.7310,28.2114|RIVIERA#0",2026-09-26 14:25:10.204350+00:00,2026-09-26 14:25:10.204350+00:00,0.0
-25.7309144,28.2132927,RIVIERA,ROSE STREET,TSH,79900053,https://powerfailure.tshwane.gov.za/Tshwanesms/Map.aspx,"-25.7309,28.2133|RIVIERA#0",2026-09-26 14:25:10.204350+00:00,2026-09-26 14:25:10.204350+00:00,0.0
-25.7317405,28.210422,RIVIERA,ROSE STREET,TSH,79900053,https://powerfailure.tshwane.gov.za/Tshwanesms/Map.aspx,"-25.7317,28.2104|RIVIERA#0",2026-09-26 14:25:10.204350+00:00,2026-09-26 14:25:10.204350+00:00,0.0
-25.7325004,28.2109231,RIVIERA,ANNIE BOTHA AVENUE,TSH,79900053,https://powerfailure.tshwane.gov.za/Tshwanesms/Map.aspx,"-25.7325,28.2109|RIVIERA#0",2026-09-26 14:25:10.204350+00:00,2026-09-26 14:25:10.204350+00:00,0.0
-25.7324151,28.2128236,RIVIERA,ANNIE BOTHA AVENUE,TSH,79900053,https://powerfailure.tshwane.gov.za/Tshwanesms/Map.aspx,"-25.7324,28.2128|RIVIERA#0",2026-09-26 14:25:10.204350+00:00,2026-09-26 14:25:10.204350+00:00,0.0
-25.733389,28.2101447,RIVIERA,ANNIE BOTHA AVENUE,TSH,79900053,https://powerfailure.tshwane.gov.za/Tshwanesms/Map.aspx,"-25.7334,28.2101|RIVIERA#0",2026-09-26 14:25:10.204350+00:00,2026-09-26 14:25:10.204350+00:00,0.0
-25.7366405,28.2156795,RIVIERA,PARKER SOUTH PARKER SOUTH,TSH,79900053,https://powerfailure.tshwane.gov.za/Tshwanesms/Map.aspx,"-25.7366,28.2157|RIVIERA#0",2026-09-26 14:25:10.204350+00:00,2026-09-26 14:25:10.204350+00:00,0.0
-25.7351125,28.2103663,RIVIERA,AUGUST STREET,TSH,79900053,https://powerfailure.tshwane.gov.za/Tshwanesms/Map.aspx,"-25.7351,28.2104|RIVIERA#0",2026-09-26 14:25:10.204350+00:00,2026-09-26 14:25:10.204350+00:00,0.0
-25.9111347,28.1420939,THE REEDS X06,SYLVIE AVENUE,TSH,79900064,https://powerfailure.tshwane.gov.za/Tshwanesms/Map.aspx,"-25.9111,28.1421|THE REEDS X06#0",2026-09-26 04:51:34.754667+00:00,2026-09-26 14:25:10.204350+00:00,9.56
-25.9111673,28.1399387,THE REEDS X06,SYLVIE AVENUE,TSH,79900064,https://powerfailure.tshwane.gov.za/Tshwanesms/Map.aspx,"-25.9112,28.1399|THE REEDS X06#0",2026-09-26 04:51:34.754667+00:00,2026-09-26 14:25:10.204350+00:00,9.56
-25.9105939,28.1419228,THE REEDS X06,SYLVIE AVENUE,TSH,79900064,https://powerfailure.tshwane.gov.za/Tshwanesms/Map.aspx,"-25.9106,28.1419|THE REEDS X06#0",2026-09-26 04:51:34.754667+00:00,2026-09-26 14:25:10.204350+00:00,9.56
-25.8978796,28.1345057,THE REEDS X15,YELANDA STREET,TSH,79900064,https://powerfailure.tshwane.gov.za/Tshwanesms/Map.aspx,"-25.8979,28.1345|THE REEDS X15#0",2026-09-26 04:51:34.754667+00:00,2026-09-26 14:25:10.204350+00:00,9.56
-25.902234,28.1425102,THE REEDS X14,BERNARDIE STREET,TSH,79900064,https://powerfailure.tshwane.gov.za/Tshwanesms/Map.aspx,"-25.9022,28.1425|THE REEDS X14#0",2026-09-26 04:51:34.754667+00:00,2026-09-26 14:25:10.204350+00:00,9.56
-25.8980638,28.1261559,THE REEDS X05,BLAIR STREET,TSH,79900064,https://powerfailure.tshwane.gov.za/Tshwanesms/Map.aspx,"-25.8981,28.1262|THE REEDS X05#0",2026-09-26 04:51:34.754667+00:00,2026-09-26 14:25:10.204350+00:00,9.56
-25.6477562,28.0938442,THE ORCHARDS X11,LINDES STREET,TSH,79900004,https://powerfailure.tshwane.gov.za/Tshwanesms/Map.aspx,"-25.6478,28.0938|THE ORCHARDS X11#0",2026-09-23 15:54:26.696532+00:00,2026-09-26 14:25:10.204350+00:00,70.51
-25.6469873,28.0963529,THE ORCHARDS X09,TAYLOR AVENUE,TSH,79900004,https://powerfailure.tshwane.gov.za/Tshwanesms/Map.aspx,"-25.6470,28.0964|THE ORCHARDS X09#0",2026-09-23 15:54:26.696532+00:00,2026-09-26 14:25:10.204350+00:00,70.51
-25.6543575,28.1050181,THE ORCHARDS X16,DORFLING STREET,TSH,79900004,https://powerfailure.tshwane.gov.za/Tshwanesms/Map.aspx,"-25.6544,28.1050|THE ORCHARDS X16#0",2026-09-23 15:54:26.696532+00:00,2026-09-26 14:25:10.204350+00:00,70.51
-25.6392168,28.0879399,THE ORCHARDS X21,ANDRIES VAN COLLER STREET,TSH,79900004,https://powerfailure.tshwane.gov.za/Tshwanesms/Map.aspx,"-25.6392,28.0879|THE ORCHARDS X21#0",2026-09-23 15:54:26.696532+00:00,2026-09-26 14:25:10.204350+00:00,70.51
-25.5098747,28.1095419,SOSHANGUVE-G,STAND 225,TSH,79900033,https://powerfailure.tshwane.gov.za/Tshwanesms/Map.aspx,"-25.5099,28.1095|SOSHANGUVE-G#0",2026-09-23 15:54:26.696532+00:00,2026-09-26 14:25:10.204350+00:00,70.51
-25.547752,28.0971598,SOSHANGUVE-L,STAND 2585,TSH,79900035,https://powerfailure.tshwane.gov.za/Tshwanesms/Map.aspx,"-25.5478,28.0972|SOSHANGUVE-L#0",2026-09-23 15:54:26.696532+00:00,2026-09-26 14:25:10.204350+00:00,70.51
-25.8873275,28.1042914,OLIEVENHOUTBOSCH 389-JR,OB30/29W/44N/6W/90/10N/2W MONA POLE,TSH,79900048,https://powerfailure.tshwane.gov.za/Tshwanesms/Map.aspx,"-25.8873,28.1043|OLIEVENHOUTBOSCH 389-JR#0",2026-09-26 04:51:34.754667+00:00,2026-09-26 14:25:10.204350+00:00,9.56
-25.7167667,28.0814283,LEOKA VILLA AH,PL MVS-018-01-14W-03,TSH,79900055,https://powerfailure.tshwane.gov.za/Tshwanesms/Map.aspx,"-25.7168,28.0814|LEOKA VILLA AH#0",2026-09-25 17:15:35.006199+00:00,2026-09-26 14:25:10.204350+00:00,21.16
-25.5178578,28.2156,VASTFONTEIN 271-JR,STAND,TSH,79900095,https://powerfailure.tshwane.gov.za/Tshwanesms/Map.aspx,"-25.5179,28.2156|VASTFONTEIN 271-JR#0",2026-09-23 15:54:26.696532+00:00,2026-09-26 14:25:10.204350+00:00,70.51
-25.5227799,28.2095773,VASTFONTEIN 271-JR,GEELHOUT AVENUE,TSH,79900095,https://powerfailure.tshwane.gov.za/Tshwanesms/Map.aspx,"-25.5228,28.2096|VASTFONTEIN 271-JR#0",2026-09-23 15:54:26.696532+00:00,2026-09-26 14:25:10.204350+00:00,70.51
-25.525291,28.2029854,VASTFONTEIN 271-JR,STAND,TSH,79900095,https://powerfailure.tshwane.gov.za/Tshwanesms/Map.aspx,"-25.5253,28.2030|VASTFONTEIN 271-JR#0",2026-09-23 15:54:26.696532+00:00,2026-09-26 14:25:10.204350+00:00,70.51
-25.5723763,28.2517229,WATERVAL 273-JR,PL P-074-06-05-07 (PORTION 189),TSH,79900096,https://powerfailure.tshwane.gov.za/Tshwanesms/Map.aspx,"-25.5724,28.2517|WATERVAL 273-JR#0",2026-09-25 05:01:45.026219+00:00,2026-09-26 14:25:10.204350+00:00,33.39
-25.5786576,28.2464788,WATERVAL 273-JR,PL P-74-15,TSH,79900096,https://powerfailure.tshwane.gov.za/Tshwanesms/Map.aspx,"-25.5787,28.2465|WATERVAL 273-JR#0",2026-09-25 05:01:45.026219+00:00,2026-09-26 14:25:10.204350+00:00,33.39
-25.5811696,28.2485452,WATERVAL 273-JR,PL P-74-20A-02,TSH,79900096,https://powerfailure.tshwane.gov.za/Tshwanesms/Map.aspx,"-25.5812,28.2485|WATERVAL 273-JR#0",2026-09-25 05:01:45.026219+00:00,2026-09-26 14:25:10.204350+00:00,33.39
-25.5731211,28.2390961,WATERVAL 273-JR,PL P-73,TSH,79900096,https://powerfailure.tshwane.gov.za/Tshwanesms/Map.aspx,"-25.5731,28.2391|WATERVAL 273-JR#0",2026-09-25 10:58:56.127220+00:00,2026-09-26 14:25:10.204350+00:00,27.44
-25.5871413,28.2655501,WATERVAL 273-JR,PL P-74-40-06-05W,TSH,79900096,https://powerfailure.tshwane.gov.za/Tshwanesms/Map.aspx,"-25.5871,28.2656|WATERVAL 273-JR#0",2026-09-25 05:01:45.026219+00:00,2026-09-26 14:25:10.204350+00:00,33.39
-25.5725526,28.2567186,WATERVAL 273-JR,PL P-074-38-07-12-03 (STAND 92),TSH,79900096,https://powerfailure.tshwane.gov.za/Tshwanesms/Map.aspx,"-25.5726,28.2567|WATERVAL 273-JR#0",2026-09-25 10:58:56.127220+00:00,2026-09-26 14:25:10.204350+00:00,27.44
-25.588248,28.2771484,HAAKDOORNLAAGTE 277-JR,STAND,TSH,79900096,https://powerfailure.tshwane.gov.za/Tshwanesms/Map.aspx,"-25.5882,28.2771|HAAKDOORNLAAGTE 277-JR#0",2026-09-25 05:01:45.026219+00:00,2026-09-26 14:25:10.204350+00:00,33.39
-25.6007175,28.2998792,HAAKDOORNLAAGTE 277-JR,PL DW-104-34-01A-18-06 (STAND 99/R),TSH,79900096,https://powerfailure.tshwane.gov.za/Tshwanesms/Map.aspx,"-25.6007,28.2999|HAAKDOORNLAAGTE 277-JR#0",2026-09-23 15:54:26.696532+00:00,2026-09-26 14:25:10.204350+00:00,70.51
-25.7077268,27.9680372,KAMEELDRIFT 313-JR,PL MVN-171,TSH,79900055,https://powerfailure.tshwane.gov.za/Tshwanesms/Map.aspx,"-25.7077,27.9680|KAMEELDRIFT 313-JR#0",2026-09-25 17:15:35.006199+00:00,2026-09-26 14:25:10.204350+00:00,21.16
-25.6966938,28.0248921,KAMEELDRIFT 313-JR,MVN 95,TSH,79900055,https://powerfailure.tshwane.gov.za/Tshwanesms/Map.aspx,"-25.6967,28.0249|KAMEELDRIFT 313-JR#0",2026-09-23 15:54:26.696532+00:00,2026-09-26 14:25:10.204350+00:00,70.51
-25.7151628,28.0021589,KAMEELDRIFT 313-JR,MILFOIL ROAD,TSH,79900055,https://powerfailure.tshwane.gov.za/Tshwanesms/Map.aspx,"-25.7152,28.0022|KAMEELDRIFT 313-JR#0",2026-09-23 15:54:26.696532+00:00,2026-09-26 14:25:10.204350+00:00,70.51
-25.6970106,27.9682428,KAMEELDRIFT 313-JR,PL MVN-166-12,TSH,79900055,https://powerfailure.tshwane.gov.za/Tshwanesms/Map.aspx,"-25.6970,27.9682|KAMEELDRIFT 313-JR#0",2026-09-23 15:54:26.696532+00:00,2026-09-26 14:25:10.204350+00:00,70.51
-25.7296143,27.9739201,KAMEELDRIFT 313-JR,WATTE ROAD,TSH,79900055,https://powerfailure.tshwane.gov.za/Tshwanesms/Map.aspx,"-25.7296,27.9739|KAMEELDRIFT 313-JR#0",2026-09-25 10:58:56.127220+00:00,2026-09-26 14:25:10.204350+00:00,27.44
-25.7010273,28.038257,KAMEELDRIFT 313-JR,PL MVN-88C-4,TSH,79900055,https://powerfailure.tshwane.gov.za/Tshwanesms/Map.aspx,"-25.7010,28.0383|KAMEELDRIFT 313-JR#0",2026-09-25 17:15:35.006199+00:00,2026-09-26 14:25:10.204350+00:00,21.16
-25.7200893,27.9738328,KAMEELDRIFT 313-JR,434,TSH,79900055,https://powerfailure.tshwane.gov.za/Tshwanesms/Map.aspx,"-25.7201,27.9738|KAMEELDRIFT 313-JR#0",2026-09-25 17:15:35.006199+00:00,2026-09-26 14:25:10.204350+00:00,21.16
-25.7198753,27.9648609,KAMEELDRIFT 313-JR,PL MVS 162A9,TSH,79900055,https://powerfailure.tshwane.gov.za/Tshwanesms/Map.aspx,"-25.7199,27.9649|KAMEELDRIFT 313-JR#0",2026-09-25 17:15:35.006199+00:00,2026-09-26 14:25:10.204350+00:00,21.16
-25.4747784,28.0946051,SOSHANGUVE-FF,STAND 17,TSH,79900094,https://powerfailure.tshwane.gov.za/Tshwanesms/Map.aspx,"-25.4748,28.0946|SOSHANGUVE-FF#0",2026-09-24 11:52:55.215094+00:00,2026-09-26 14:25:10.204350+00:00,50.54
-25.8595648,28.1521338,ELDORAIGNE X27,PIET HUGO STREET,TSH,79900069,https://powerfailure.tshwane.gov.za/Tshwanesms/Map.aspx,"-25.8596,28.1521|ELDORAIGNE X27#0",2026-09-23 15:54:26.696532+00:00,2026-09-26 14:25:10.204350+00:00,70.51
-25.856441,28.1515006,ELDORAIGNE X27,PIET HUGO STREET,TSH,79900069,https://powerfailure.tshwane.gov.za/Tshwanesms/Map.aspx,"-25.8564,28.1515|ELDORAIGNE X27#0",2026-09-23 15:54:26.696532+00:00,2026-09-26 14:25:10.204350+00:00,70.51
-25.8530735,28.1536101,ELDORAIGNE X45,IRELAND AVENUE,TSH,79900069,https://powerfailure.tshwane.gov.za/Tshwanesms/Map.aspx,"-25.8531,28.1536|ELDORAIGNE X45#0",2026-09-23 15:54:26.696532+00:00,2026-09-26 14:25:10.204350+00:00,70.51
-25.8805584,28.1104184,HEUWELOORD X02,KOORSBOOM AVENUE,TSH,79900048,https://powerfailure.tshwane.gov.za/Tshwanesms/Map.aspx,"-25.8806,28.1104|HEUWELOORD X02#0",2026-09-26 04:51:34.754667+00:00,2026-09-26 14:25:10.204350+00:00,9.56
-25.8813599,28.1130874,HEUWELOORD X02,SPRINGBARK AVENUE,TSH,79900048,https://powerfailure.tshwane.gov.za/Tshwanesms/Map.aspx,"-25.8814,28.1131|HEUWELOORD X02#0",2026-09-26 04:51:34.754667+00:00,2026-09-26 14:25:10.204350+00:00,9.56
-25.8874932,28.112831,HEUWELOORD X03,MINGERHOUT AVENUE,TSH,79900048,https://powerfailure.tshwane.gov.za/Tshwanesms/Map.aspx,"-25.8875,28.1128|HEUWELOORD X03#0",2026-09-26 04:51:34.754667+00:00,2026-09-26 14:25:10.204350+00:00,9.56
-25.887416,28.1168576,HEUWELOORD X03,CAPE BEECH AVENUE,TSH,79900048,https://powerfailure.tshwane.gov.za/Tshwanesms/Map.aspx,"-25.8874,28.1169|HEUWELOORD X03#0",2026-09-26 04:51:34.754667+00:00,2026-09-26 14:25:10.204350+00:00,9.56
-25.8879392,28.1159508,HEUWELOORD X03,CAPE BEECH AVENUE,TSH,79900048,https://powerfailure.tshwane.gov.za/Tshwanesms/Map.aspx,"-25.8879,28.1160|HEUWELOORD X03#0",2026-09-26 14:25:10.204350+00:00,2026-09-26 14:25:10.204350+00:00,0.0
-25.8678057,28.2175938,IRENE,KRIGE LANE,TSH,79900065,https://powerfailure.tshwane.gov.za/Tshwanesms/Map.aspx,"-25.8678,28.2176|IRENE#0",2026-09-23 15:54:26.696532+00:00,2026-09-26 14:25:10.204350+00:00,70.51
-25.7762868,28.2945969,LYNNWOOD PARK,SADIE ST,TSH,79900046,https://powerfailure.tshwane.gov.za/Tshwanesms/Map.aspx,"-25.7763,28.2946|LYNNWOOD PARK#0",2026-09-23 15:54:26.696532+00:00,2026-09-26 14:25:10.204350+00:00,70.51
-25.776766,28.2920171,LYNNWOOD PARK,SADIE ST,TSH,79900046,https://powerfailure.tshwane.gov.za/Tshwanesms/Map.aspx,"-25.7768,28.2920|LYNNWOOD PARK#0",2026-09-23 15:54:26.696532+00:00,2026-09-26 14:25:10.204350+00:00,70.51
-25.8478725,28.2096609,LYTTELTON MANOR X03,SAFFIER ROAD,TSH,79900057,https://powerfailure.tshwane.gov.za/Tshwanesms/Map.aspx,"-25.8479,28.2097|LYTTELTON MANOR X03#0",2026-09-23 15:54:26.696532+00:00,2026-09-26 14:25:10.204350+00:00,70.51
-25.8485005,28.2126536,LYTTELTON MANOR X11,JASPER AVENUE,TSH,79900057,https://powerfailure.tshwane.gov.za/Tshwanesms/Map.aspx,"-25.8485,28.2127|LYTTELTON MANOR X11#0",2026-09-23 15:54:26.696532+00:00,2026-09-26 14:25:10.204350+00:00,70.51
-25.7543543,28.289904,LYNNWOOD MANOR,ASHTON STREET,TSH,79900046,https://powerfailure.tshwane.gov.za/Tshwanesms/Map.aspx,"-25.7544,28.2899|LYNNWOOD MANOR#0",2026-09-23 15:54:26.696532+00:00,2026-09-26 14:25:10.204350+00:00,70.51
-25.6029043,28.172929,ONDERSTEPOORT AH,PETRO STREET,TSH,79900096,https://powerfailure.tshwane.gov.za/Tshwanesms/Map.aspx,"-25.6029,28.1729|ONDERSTEPOORT AH#0",2026-09-23 15:54:26.696532+00:00,2026-09-26 14:25:10.204350+00:00,70.51
-25.7377411,28.5345858,RAYTON,NAUDE,TSH,79900100,https://powerfailure.tshwane.gov.za/Tshwanesms/Map.aspx,"-25.7377,28.5346|RAYTON#0",2026-09-23 21:32:43.518437+00:00,2026-09-26 14:25:10.204350+00:00,64.87
-25.7419841,28.5383334,RAYTON,JENNER,TSH,79900100,https://powerfailure.tshwane.gov.za/Tshwanesms/Map.aspx,"-25.7420,28.5383|RAYTON#0",2026-09-25 10:58:56.127220+00:00,2026-09-26 14:25:10.204350+00:00,27.44
-25.7075161,28.1223878,BOOYSENS,MARINA STREET,TSH,79900055,https://powerfailure.tshwane.gov.za/Tshwanesms/Map.aspx,"-25.7075,28.1224|BOOYSENS#0",2026-09-26 14:25:10.204350+00:00,2026-09-26 14:25:10.204350+00:00,0.0
-25.7112899,28.1242545,BOOYSENS,BOEKENHOUTKLOOF STREET,TSH,79900055,https://powerfailure.tshwane.gov.za/Tshwanesms/Map.aspx,"-25.7113,28.1243|BOOYSENS#0",2026-09-25 10:58:56.127220+00:00,2026-09-26 14:25:10.204350+00:00,27.44
-25.716603,28.1243263,BOOYSENS,ATTIE STREET,TSH,79900055,https://powerfailure.tshwane.gov.za/Tshwanesms/Map.aspx,"-25.7166,28.1243|BOOYSENS#0",2026-09-23 15:54:26.696532+00:00,2026-09-26 14:25:10.204350+00:00,70.51
-25.7348987,28.0786658,BROEKSCHEUR 318-JR,FARM BROEKSCHEUR JR 318,TSH,79900007,https://powerfailure.tshwane.gov.za/Tshwanesms/Map.aspx,"-25.7349,28.0787|BROEKSCHEUR 318-JR#0",2026-09-26 14:25:10.204350+00:00,2026-09-26 14:25:10.204350+00:00,0.0
-25.4551355,28.0856761,SOSHANGUVE-HH,STAND 743,TSH,79900011,https://powerfailure.tshwane.gov.za/Tshwanesms/Map.aspx,"-25.4551,28.0857|SOSHANGUVE-HH#0",2026-09-23 15:54:26.696532+00:00,2026-09-26 14:25:10.204350+00:00,70.51
-25.4529208,28.0848018,SOSHANGUVE-HH,STAND 761,TSH,79900011,https://powerfailure.tshwane.gov.za/Tshwanesms/Map.aspx,"-25.4529,28.0848|SOSHANGUVE-HH#0",2026-09-23 15:54:26.696532+00:00,2026-09-26 14:25:10.204350+00:00,70.51
-25.454466,28.0788607,SOSHANGUVE-JJ,STAND 578,TSH,79900011,https://powerfailure.tshwane.gov.za/Tshwanesms/Map.aspx,"-25.4545,28.0789|SOSHANGUVE-JJ#0",2026-09-23 15:54:26.696532+00:00,2026-09-26 14:25:10.204350+00:00,70.51
-25.5264525,28.1077174,SOSHANGUVE-K,STAND 1224,TSH,79900034,https://powerfailure.tshwane.gov.za/Tshwanesms/Map.aspx,"-25.5265,28.1077|SOSHANGUVE-K#0",2026-09-23 15:54:26.696532+00:00,2026-09-26 14:25:10.204350+00:00,70.51
-25.5262545,28.1074217,SOSHANGUVE-K,STAND 1226,TSH,79900034,https://powerfailure.tshwane.gov.za/Tshwanesms/Map.aspx,"-25.5263,28.1074|SOSHANGUVE-K#0",2026-09-23 15:54:26.696532+00:00,2026-09-26 14:25:10.204350+00:00,70.51
-25.8151305,28.2510667,ERASMUSRAND,EMUS ERASMUS AVENUE,TSH,79900042,https://powerfailure.tshwane.gov.za/Tshwanesms/Map.aspx,"-25.8151,28.2511|ERASMUSRAND#0",2026-09-26 04:51:34.754667+00:00,2026-09-26 14:25:10.204350+00:00,9.56
-25.8154455,28.2512152,ERASMUSRAND,EMUS ERASMUS AVENUE,TSH,79900042,https://powerfailure.tshwane.gov.za/Tshwanesms/Map.aspx,"-25.8154,28.2512|ERASMUSRAND#0",2026-09-26 04:51:34.754667+00:00,2026-09-26 14:25:10.204350+00:00,9.56
-25.8075752,28.2529512,ERASMUSRAND,BREDASDORP,TSH,79900042,https://powerfailure.tshwane.gov.za/Tshwanesms/Map.aspx,"-25.8076,28.2530|ERASMUSRAND#0",2026-09-26 04:51:34.754667+00:00,2026-09-26 14:25:10.204350+00:00,9.56
-25.8075752,28.2529512,ERASMUSRAND,BREDASDORP,TSH,79900042,https://powerfailure.tshwane.gov.za/Tshwanesms/Map.aspx,"-25.8076,28.2530|ERASMUSRAND#1",2026-09-26 04:51:34.754667+00:00,2026-09-26 14:25:10.204350+00:00,9.56
-25.8075752,28.2529512,ERASMUSRAND,BREDASDORP,TSH,79900042,https://powerfailure.tshwane.gov.za/Tshwanesms/Map.aspx,"-25.8076,28.2530|ERASMUSRAND#2",2026-09-26 04:51:34.754667+00:00,2026-09-26 14:25:10.204350+00:00,9.56
-25.808087,28.2508303,ERASMUSRAND,RIGEL AVENUE,TSH,79900042,https://powerfailure.tshwane.gov.za/Tshwanesms/Map.aspx,"-25.8081,28.2508|ERASMUSRAND#0",2026-09-26 04:51:34.754667+00:00,2026-09-26 14:25:10.204350+00:00,9.56
-25.8104636,28.2505799,ERASMUSRAND,RAMONA AVENUE,TSH,79900042,https://powerfailure.tshwane.gov.za/Tshwanesms/Map.aspx,"-25.8105,28.2506|ERASMUSRAND#0",2026-09-26 04:51:34.754667+00:00,2026-09-26 14:25:10.204350+00:00,9.56
-25.8103778,28.249793,ERASMUSRAND,RAMONA AVENUE,TSH,79900042,https://powerfailure.tshwane.gov.za/Tshwanesms/Map.aspx,"-25.8104,28.2498|ERASMUSRAND#0",2026-09-26 04:51:34.754667+00:00,2026-09-26 14:25:10.204350+00:00,9.56
-25.8123171,28.2537788,ERASMUSRAND,SCHOONGEZICHT,TSH,79900042,https://powerfailure.tshwane.gov.za/Tshwanesms/Map.aspx,"-25.8123,28.2538|ERASMUSRAND#0",2026-09-26 14:25:10.204350+00:00,2026-09-26 14:25:10.204350+00:00,0.0
-25.8143663,28.2528209,ERASMUSRAND,HAAKDOORNBULT HAAKDOORNBULT,TSH,79900042,https://powerfailure.tshwane.gov.za/Tshwanesms/Map.aspx,"-25.8144,28.2528|ERASMUSRAND#0",2026-09-26 04:51:34.754667+00:00,2026-09-26 14:25:10.204350+00:00,9.56
-25.8136642,28.2560919,ERASMUSRAND,WYNANDSKRAAL WYNANDSKRAAL,TSH,79900042,https://powerfailure.tshwane.gov.za/Tshwanesms/Map.aspx,"-25.8137,28.2561|ERASMUSRAND#0",2026-09-26 04:51:34.754667+00:00,2026-09-26 14:25:10.204350+00:00,9.56
-25.8179631,28.2526917,ERASMUSRAND,EMUS ERASMUS AVENUE,TSH,79900042,https://powerfailure.tshwane.gov.za/Tshwanesms/Map.aspx,"-25.8180,28.2527|ERASMUSRAND#0",2026-09-26 04:51:34.754667+00:00,2026-09-26 14:25:10.204350+00:00,9.56
-25.4391296,28.1128084,SOSHANGUVE-T,STAND,TSH,79900025,https://powerfailure.tshwane.gov.za/Tshwanesms/Map.aspx,"-25.4391,28.1128|SOSHANGUVE-T#0",2026-09-23 15:54:26.696532+00:00,2026-09-26 14:25:10.204350+00:00,70.51
-25.7204189,28.3897705,MAMELODI X02,BROADWAY STREET,TSH,79900018,https://powerfailure.tshwane.gov.za/Tshwanesms/Map.aspx,"-25.7204,28.3898|MAMELODI X02#0",2026-09-23 15:54:26.696532+00:00,2026-09-26 14:25:10.204350+00:00,70.51
-25.7911698,28.0765692,MOOIPLAATS 355-JR,STAND,TSH,79900061,https://powerfailure.tshwane.gov.za/Tshwanesms/Map.aspx,"-25.7912,28.0766|MOOIPLAATS 355-JR#0",2026-09-23 15:54:26.696532+00:00,2026-09-26 14:25:10.204350+00:00,70.51
-25.7491212,28.1620878,PRETORIA,MALTZAN STREET,TSH,79900003,https://powerfailure.tshwane.gov.za/Tshwanesms/Map.aspx,"-25.7491,28.1621|PRETORIA#0",2026-09-25 10:58:56.127220+00:00,2026-09-26 14:25:10.204350+00:00,27.44
-25.7539111,28.1540101,PRETORIA,SOUTTER STREET,TSH,79900003,https://powerfailure.tshwane.gov.za/Tshwanesms/Map.aspx,"-25.7539,28.1540|PRETORIA#0",2026-09-23 15:54:26.696532+00:00,2026-09-26 14:25:10.204350+00:00,70.51
-25.7215464,28.1404201,PRETORIA GARDENS,TUIN STREET,TSH,79900055,https://powerfailure.tshwane.gov.za/Tshwanesms/Map.aspx,"-25.7215,28.1404|PRETORIA GARDENS#0",2026-09-25 10:58:56.127220+00:00,2026-09-26 14:25:10.204350+00:00,27.44
-25.7229355,28.2186881,VILLIERIA,18TH AVENUE,TSH,79900053,https://powerfailure.tshwane.gov.za/Tshwanesms/Map.aspx,"-25.7229,28.2187|VILLIERIA#0",2026-09-23 15:54:26.696532+00:00,2026-09-26 14:25:10.204350+00:00,70.51
-25.6594892,28.0536693,VREDE 304-JR,STAND 13,TSH,79900004,https://powerfailure.tshwane.gov.za/Tshwanesms/Map.aspx,"-25.6595,28.0537|VREDE 304-JR#0",2026-09-23 15:54:26.696532+00:00,2026-09-26 14:25:10.204350+00:00,70.51
-25.7187012,28.7158178,RETHABISENG X02,RETHABISENG,TSH,79900103,https://powerfailure.tshwane.gov.za/Tshwanesms/Map.aspx,"-25.7187,28.7158|RETHABISENG X02#0",2026-09-23 15:54:26.696532+00:00,2026-09-26 14:25:10.204350+00:00,70.51
-25.7743131,28.0427234,ATTERIDGEVILLE X17,MOTLHOTLHO STREET,TSH,79900068,https://powerfailure.tshwane.gov.za/Tshwanesms/Map.aspx,"-25.7743,28.0427|ATTERIDGEVILLE X17#0",2026-09-26 14:25:10.204350+00:00,2026-09-26 14:25:10.204350+00:00,0.0
-25.564738,28.0644372,SOSHANGUVE SOUTH X02,STAND 8385,TSH,79900039,https://powerfailure.tshwane.gov.za/Tshwanesms/Map.aspx,"-25.5647,28.0644|SOSHANGUVE SOUTH X02#0",2026-09-23 15:54:26.696532+00:00,2026-09-26 14:25:10.204350+00:00,70.51
-25.4611409,28.0867847,SOSHANGUVE-GG,TAU STREET,TSH,79900011,https://powerfailure.tshwane.gov.za/Tshwanesms/Map.aspx,"-25.4611,28.0868|SOSHANGUVE-GG#0",2026-09-23 15:54:26.696532+00:00,2026-09-26 14:25:10.204350+00:00,70.51
-25.5811549,28.2392877,PYRAMID ESTATE AH,OLD WARMBATHS ROAD,TSH,79900096,https://powerfailure.tshwane.gov.za/Tshwanesms/Map.aspx,"-25.5812,28.2393|PYRAMID ESTATE AH#0",2026-09-24 04:53:01.668402+00:00,2026-09-26 14:25:10.204350+00:00,57.54
-25.6885328,27.9192403,ZILKAATSNEK 439-JQ,PL ZN -081-15-07,NW372,63702019,https://powerfailure.tshwane.gov.za/Tshwanesms/Map.aspx,"-25.6885,27.9192|ZILKAATSNEK 439-JQ#0",2026-09-23 15:54:26.696532+00:00,2026-09-26 14:25:10.204350+00:00,70.51
-25.4739696,28.0851019,SOSHANGUVE-NN,STAND 1296,TSH,79900011,https://powerfailure.tshwane.gov.za/Tshwanesms/Map.aspx,"-25.4740,28.0851|SOSHANGUVE-NN#0",2026-09-23 15:54:26.696532+00:00,2026-09-26 14:25:10.204350+00:00,70.51
-25.7230006,28.1877579,CAPITAL PARK,PAUL KRUGER STREET,TSH,79900053,https://powerfailure.tshwane.gov.za/Tshwanesms/Map.aspx,"-25.7230,28.1878|CAPITAL PARK#0",2026-09-23 15:54:26.696532+00:00,2026-09-26 14:25:10.204350+00:00,70.51
-25.5005432,28.0956751,SOSHANGUVE-AA,STAND 122,TSH,79900094,https://powerfailure.tshwane.gov.za/Tshwanesms/Map.aspx,"-25.5005,28.0957|SOSHANGUVE-AA#0",2026-09-23 15:54:26.696532+00:00,2026-09-26 14:25:10.204350+00:00,70.51
-25.7071116,28.1412181,CLAREMONT,GERHARDUS PLACE,TSH,79900001,https://powerfailure.tshwane.gov.za/Tshwanesms/Map.aspx,"-25.7071,28.1412|CLAREMONT#0",2026-09-24 17:14:48.543546+00:00,2026-09-26 14:25:10.204350+00:00,45.17
-25.7216586,28.139616,CLAREMONT,SCHURMANNS AVENUE,TSH,79900055,https://powerfailure.tshwane.gov.za/Tshwanesms/Map.aspx,"-25.7217,28.1396|CLAREMONT#0",2026-09-25 10:58:56.127220+00:00,2026-09-26 14:25:10.204350+00:00,27.44
-25.7223131,28.1391319,CLAREMONT,SCHURMANNS AVENUE,TSH,79900055,https://powerfailure.tshwane.gov.za/Tshwanesms/Map.aspx,"-25.7223,28.1391|CLAREMONT#0",2026-09-25 10:58:56.127220+00:00,2026-09-26 14:25:10.204350+00:00,27.44
-25.7106122,28.2063506,GEZINA,11TH AVENUE,TSH,79900053,https://powerfailure.tshwane.gov.za/Tshwanesms/Map.aspx,"-25.7106,28.2064|GEZINA#0",2026-09-26 04:51:34.754667+00:00,2026-09-26 14:25:10.204350+00:00,9.56
-25.7133293,28.1996911,GEZINA,8TH AVENUE,TSH,79900053,https://powerfailure.tshwane.gov.za/Tshwanesms/Map.aspx,"-25.7133,28.1997|GEZINA#0",2026-09-25 17:15:35.006199+00:00,2026-09-26 14:25:10.204350+00:00,21.16
-25.7038764,27.9349175,RIETFONTEIN 485 JQ,BEETHOVEN ROAD,NW372,63702030,https://powerfailure.tshwane.gov.za/Tshwanesms/Map.aspx,"-25.7039,27.9349|RIETFONTEIN 485 JQ#0",2026-09-25 17:15:35.006199+00:00,2026-09-26 14:25:10.204350+00:00,21.16
-25.7550269,27.928858,RIETFONTEIN 485 JQ,PL MVS-165-84,NW372,63702030,https://powerfailure.tshwane.gov.za/Tshwanesms/Map.aspx,"-25.7550,27.9289|RIETFONTEIN 485 JQ#0",2026-09-25 17:15:35.006199+00:00,2026-09-26 14:25:10.204350+00:00,21.16
-25.7550269,27.928858,RIETFONTEIN 485 JQ,PL MVS-165-84,NW372,63702030,https://powerfailure.tshwane.gov.za/Tshwanesms/Map.aspx,"-25.7550,27.9289|RIETFONTEIN 485 JQ#1",2026-09-26 14:25:10.204350+00:00,2026-09-26 14:25:10.204350+00:00,0.0
-25.7332695,28.3595212,NELLMAPIUS X04,POELANO STREET,TSH,79900028,https://powerfailure.tshwane.gov.za/Tshwanesms/Map.aspx,"-25.7333,28.3595|NELLMAPIUS X04#0",2026-09-23 15:54:26.696532+00:00,2026-09-26 14:25:10.204350+00:00,70.51
-25.7472341,28.3619916,NELLMAPIUS X04,HLAGISA STREET,TSH,79900086,https://powerfailure.tshwane.gov.za/Tshwanesms/Map.aspx,"-25.7472,28.3620|NELLMAPIUS X04#0",2026-09-23 15:54:26.696532+00:00,2026-09-26 14:25:10.204350+00:00,70.51
-25.7440816,28.3601459,NELLMAPIUS X04,MALEBO ROAD,TSH,79900086,https://powerfailure.tshwane.gov.za/Tshwanesms/Map.aspx,"-25.7441,28.3601|NELLMAPIUS X04#0",2026-09-23 15:54:26.696532+00:00,2026-09-26 14:25:10.204350+00:00,70.51
-25.7420427,28.3539705,NELLMAPIUS X04,LESEDI ROAD,TSH,79900086,https://powerfailure.tshwane.gov.za/Tshwanesms/Map.aspx,"-25.7420,28.3540|NELLMAPIUS X04#0",2026-09-23 15:54:26.696532+00:00,2026-09-26 14:25:10.204350+00:00,70.51
-25.7420964,28.351285,NELLMAPIUS X04,DITUMEDISO STREET,TSH,79900086,https://powerfailure.tshwane.gov.za/Tshwanesms/Map.aspx,"-25.7421,28.3513|NELLMAPIUS X04#0",2026-09-23 15:54:26.696532+00:00,2026-09-26 14:25:10.204350+00:00,70.51
-25.7415186,28.3520974,NELLMAPIUS X04,LESEDI ROAD,TSH,79900086,https://powerfailure.tshwane.gov.za/Tshwanesms/Map.aspx,"-25.7415,28.3521|NELLMAPIUS X04#0",2026-09-26 14:25:10.204350+00:00,2026-09-26 14:25:10.204350+00:00,0.0
-25.7333045,28.3785311,NELLMAPIUS X07,KGAUTA STREET,TSH,79900015,https://powerfailure.tshwane.gov.za/Tshwanesms/Map.aspx,"-25.7333,28.3785|NELLMAPIUS X07#0",2026-09-23 15:54:26.696532+00:00,2026-09-26 14:25:10.204350+00:00,70.51
-25.7362137,28.3816717,NELLMAPIUS X7,CALCIUM STREET,TSH,79900015,https://powerfailure.tshwane.gov.za/Tshwanesms/Map.aspx,"-25.7362,28.3817|NELLMAPIUS X7#0",2026-09-23 15:54:26.696532+00:00,2026-09-26 14:25:10.204350+00:00,70.51
-25.8335512,28.3317788,RIETFONTEIN 375-JR,SPANISH GALLIARD AVENUE,TSH,79900091,https://powerfailure.tshwane.gov.za/Tshwanesms/Map.aspx,"-25.8336,28.3318|RIETFONTEIN 375-JR#0",2026-09-23 15:54:26.696532+00:00,2026-09-26 14:25:10.204350+00:00,70.51
-25.8392646,28.3374042,RIETFONTEIN 375-JR,JAMAICAN MUSIC AVENUE,TSH,79900091,https://powerfailure.tshwane.gov.za/Tshwanesms/Map.aspx,"-25.8393,28.3374|RIETFONTEIN 375-JR#0",2026-09-23 15:54:26.696532+00:00,2026-09-26 14:25:10.204350+00:00,70.51
-25.7305667,28.2252075,RIETONDALE,NORTH STREET,TSH,79900084,https://powerfailure.tshwane.gov.za/Tshwanesms/Map.aspx,"-25.7306,28.2252|RIETONDALE#0",2026-09-26 14:25:10.204350+00:00,2026-09-26 14:25:10.204350+00:00,0.0
-25.7346311,28.2264591,RIETONDALE,VAN DER MERWE STREET,TSH,79900084,https://powerfailure.tshwane.gov.za/Tshwanesms/Map.aspx,"-25.7346,28.2265|RIETONDALE#0",2026-09-26 14:25:10.204350+00:00,2026-09-26 14:25:10.204350+00:00,0.0
-25.7275905,28.2223928,RIETONDALE,BUFFELS ROAD,TSH,79900084,https://powerfailure.tshwane.gov.za/Tshwanesms/Map.aspx,"-25.7276,28.2224|RIETONDALE#0",2026-09-26 14:25:10.204350+00:00,2026-09-26 14:25:10.204350+00:00,0.0
-25.7332924,28.2286335,RIETONDALE,TOM JENKINS DRIVE,TSH,79900084,https://powerfailure.tshwane.gov.za/Tshwanesms/Map.aspx,"-25.7333,28.2286|RIETONDALE#0",2026-09-26 14:25:10.204350+00:00,2026-09-26 14:25:10.204350+00:00,0.0
-25.7307607,28.221214,RIETONDALE,NORTH STREET,TSH,79900084,https://powerfailure.tshwane.gov.za/Tshwanesms/Map.aspx,"-25.7308,28.2212|RIETONDALE#0",2026-09-26 14:25:10.204350+00:00,2026-09-26 14:25:10.204350+00:00,0.0
-25.7301189,28.2124222,RIVIERA,BLAKE STREET,TSH,79900053,https://powerfailure.tshwane.gov.za/Tshwanesms/Map.aspx,"-25.7301,28.2124|RIVIERA#0",2026-09-26 14:25:10.204350+00:00,2026-09-26 14:25:10.204350+00:00,0.0
-25.7333766,28.2104197,RIVIERA,ANNIE BOTHA AVENUE,TSH,79900053,https://powerfailure.tshwane.gov.za/Tshwanesms/Map.aspx,"-25.7334,28.2104|RIVIERA#0",2026-09-26 14:25:10.204350+00:00,2026-09-26 14:25:10.204350+00:00,0.0
-25.7332583,28.2130536,RIVIERA,ANNIE BOTHA AVENUE,TSH,79900053,https://powerfailure.tshwane.gov.za/Tshwanesms/Map.aspx,"-25.7333,28.2131|RIVIERA#0",2026-09-26 14:25:10.204350+00:00,2026-09-26 14:25:10.204350+00:00,0.0
-25.7331924,28.2145201,RIVIERA,ANNIE BOTHA AVENUE,TSH,79900053,https://powerfailure.tshwane.gov.za/Tshwanesms/Map.aspx,"-25.7332,28.2145|RIVIERA#0",2026-09-26 14:25:10.204350+00:00,2026-09-26 14:25:10.204350+00:00,0.0
-25.7347842,28.2155851,RIVIERA,PARKER STREET,TSH,79900053,https://powerfailure.tshwane.gov.za/Tshwanesms/Map.aspx,"-25.7348,28.2156|RIVIERA#0",2026-09-26 14:25:10.204350+00:00,2026-09-26 14:25:10.204350+00:00,0.0
-25.7354355,28.2105395,RIVIERA,AUGUST STREET,TSH,79900053,https://powerfailure.tshwane.gov.za/Tshwanesms/Map.aspx,"-25.7354,28.2105|RIVIERA#0",2026-09-26 14:25:10.204350+00:00,2026-09-26 14:25:10.204350+00:00,0.0
-25.8905873,28.1312188,THE REEDS,LADDIER STREET,TSH,79900064,https://powerfailure.tshwane.gov.za/Tshwanesms/Map.aspx,"-25.8906,28.1312|THE REEDS#0",2026-09-26 14:25:10.204350+00:00,2026-09-26 14:25:10.204350+00:00,0.0
-25.8960713,28.1287041,THE REEDS,DOREEN STREET,TSH,79900064,https://powerfailure.tshwane.gov.za/Tshwanesms/Map.aspx,"-25.8961,28.1287|THE REEDS#0",2026-09-26 14:25:10.204350+00:00,2026-09-26 14:25:10.204350+00:00,0.0
-25.8958812,28.1322715,THE REEDS X15,CHARTER STREET,TSH,79900064,https://powerfailure.tshwane.gov.za/Tshwanesms/Map.aspx,"-25.8959,28.1323|THE REEDS X15#0",2026-09-26 04:51:34.754667+00:00,2026-09-26 14:25:10.204350+00:00,9.56
-25.8954289,28.1311901,THE REEDS X15,PANORAMA ROAD,TSH,79900064,https://powerfailure.tshwane.gov.za/Tshwanesms/Map.aspx,"-25.8954,28.1312|THE REEDS X15#0",2026-09-26 04:51:34.754667+00:00,2026-09-26 14:25:10.204350+00:00,9.56
-25.8972403,28.1374778,THE REEDS X15,YELANDA STREET,TSH,79900064,https://powerfailure.tshwane.gov.za/Tshwanesms/Map.aspx,"-25.8972,28.1375|THE REEDS X15#0",2026-09-26 14:25:10.204350+00:00,2026-09-26 14:25:10.204350+00:00,0.0
-25.899506,28.1372222,THE REEDS X15,ANNELIE STREET,TSH,79900064,https://powerfailure.tshwane.gov.za/Tshwanesms/Map.aspx,"-25.8995,28.1372|THE REEDS X15#0",2026-09-26 04:51:34.754667+00:00,2026-09-26 14:25:10.204350+00:00,9.56
-25.8972043,28.1262937,THE REEDS X05,BOET ERASMUS STREET,TSH,79900064,https://powerfailure.tshwane.gov.za/Tshwanesms/Map.aspx,"-25.8972,28.1263|THE REEDS X05#0",2026-09-26 04:51:34.754667+00:00,2026-09-26 14:25:10.204350+00:00,9.56
-25.8982276,28.1232959,THE REEDS X05,VERSVELD STREET,TSH,79900064,https://powerfailure.tshwane.gov.za/Tshwanesms/Map.aspx,"-25.8982,28.1233|THE REEDS X05#0",2026-09-26 04:51:34.754667+00:00,2026-09-26 14:25:10.204350+00:00,9.56
-25.8990593,28.1221575,THE REEDS X05,MARKOTTER STREET,TSH,79900064,https://powerfailure.tshwane.gov.za/Tshwanesms/Map.aspx,"-25.8991,28.1222|THE REEDS X05#0",2026-09-26 14:25:10.204350+00:00,2026-09-26 14:25:10.204350+00:00,0.0
-25.9005478,28.1280309,THE REEDS X05,IMMELMAN STREET,TSH,79900064,https://powerfailure.tshwane.gov.za/Tshwanesms/Map.aspx,"-25.9005,28.1280|THE REEDS X05#0",2026-09-26 04:51:34.754667+00:00,2026-09-26 14:25:10.204350+00:00,9.56
-25.6538793,28.0900326,THE ORCHARDS X11,SMITHERS ROAD,TSH,79900004,https://powerfailure.tshwane.gov.za/Tshwanesms/Map.aspx,"-25.6539,28.0900|THE ORCHARDS X11#0",2026-09-23 15:54:26.696532+00:00,2026-09-26 14:25:10.204350+00:00,70.51
-25.6470678,28.0966433,THE ORCHARDS X09,TAYLOR AVENUE,TSH,79900004,https://powerfailure.tshwane.gov.za/Tshwanesms/Map.aspx,"-25.6471,28.0966|THE ORCHARDS X09#0",2026-09-23 15:54:26.696532+00:00,2026-09-26 14:25:10.204350+00:00,70.51
-25.6591013,28.0953138,THE ORCHARDS X13,DANIE MALAN STREET,TSH,79900004,https://powerfailure.tshwane.gov.za/Tshwanesms/Map.aspx,"-25.6591,28.0953|THE ORCHARDS X13#0",2026-09-23 15:54:26.696532+00:00,2026-09-26 14:25:10.204350+00:00,70.51
-25.652642,28.1081544,THE ORCHARDS X17,DALMAN AVENUE,TSH,79900004,https://powerfailure.tshwane.gov.za/Tshwanesms/Map.aspx,"-25.6526,28.1082|THE ORCHARDS X17#0",2026-09-23 15:54:26.696532+00:00,2026-09-26 14:25:10.204350+00:00,70.51
-25.8405872,28.2465162,PIERRE VAN RYNEVELD,FURY ROAD,TSH,79900079,https://powerfailure.tshwane.gov.za/Tshwanesms/Map.aspx,"-25.8406,28.2465|PIERRE VAN RYNEVELD#0",2026-09-25 17:15:35.006199+00:00,2026-09-26 14:25:10.204350+00:00,21.16
-25.7171191,28.1432844,DASPOORT,ROSS STREET,TSH,79900001,https://powerfailure.tshwane.gov.za/Tshwanesms/Map.aspx,"-25.7171,28.1433|DASPOORT#0",2026-09-25 11:54:53.380939+00:00,2026-09-26 14:25:10.204350+00:00,26.5
-25.5490296,28.1022806,SOSHANGUVE-L,STAND 2291,TSH,79900035,https://powerfailure.tshwane.gov.za/Tshwanesms/Map.aspx,"-25.5490,28.1023|SOSHANGUVE-L#0",2026-09-23 15:54:26.696532+00:00,2026-09-26 14:25:10.204350+00:00,70.51
-25.5310621,28.1145921,SOSHANGUVE-L,STAND,TSH,79900035,https://powerfailure.tshwane.gov.za/Tshwanesms/Map.aspx,"-25.5311,28.1146|SOSHANGUVE-L#0",2026-09-23 15:54:26.696532+00:00,2026-09-26 14:25:10.204350+00:00,70.51
-25.9172867,28.1128668,OLIEVENHOUTBOSCH 389-JR,OB-030-29W-11N-26E-03N (24),TSH,79900077,https://powerfailure.tshwane.gov.za/Tshwanesms/Map.aspx,"-25.9173,28.1129|OLIEVENHOUTBOSCH 389-JR#0",2026-09-26 04:51:34.754667+00:00,2026-09-26 14:25:10.204350+00:00,9.56
-25.5841228,28.2264652,PYRAMID,GERARD BRAAK STREET,TSH,79900096,https://powerfailure.tshwane.gov.za/Tshwanesms/Map.aspx,"-25.5841,28.2265|PYRAMID#0",2026-09-24 04:53:01.668402+00:00,2026-09-26 14:25:10.204350+00:00,57.54
-25.7073072,28.2870881,JAN NIEMANDPARK,WOLMARANS STREET,TSH,79900043,https://powerfailure.tshwane.gov.za/Tshwanesms/Map.aspx,"-25.7073,28.2871|JAN NIEMANDPARK#0",2026-09-23 15:54:26.696532+00:00,2026-09-26 14:25:10.204350+00:00,70.51
-25.7591117,28.27182,LYNNWOOD,DEREKS LANE,TSH,79900082,https://powerfailure.tshwane.gov.za/Tshwanesms/Map.aspx,"-25.7591,28.2718|LYNNWOOD#0",2026-09-23 15:54:26.696532+00:00,2026-09-26 14:25:10.204350+00:00,70.51
-25.7134693,28.0548099,SWACINA PARK AH,PL MVS-084-39-04E,TSH,79900055,https://powerfailure.tshwane.gov.za/Tshwanesms/Map.aspx,"-25.7135,28.0548|SWACINA PARK AH#0",2026-09-25 17:15:35.006199+00:00,2026-09-26 14:25:10.204350+00:00,21.16
-25.5963789,28.2511229,WATERVAL 273-JR,PL P-74-22-17-05,TSH,79900096,https://powerfailure.tshwane.gov.za/Tshwanesms/Map.aspx,"-25.5964,28.2511|WATERVAL 273-JR#0",2026-09-25 05:01:45.026219+00:00,2026-09-26 14:25:10.204350+00:00,33.39
-25.5811929,28.24603,WATERVAL 273-JR,PL P-074-20A-04 (STAND 233),TSH,79900096,https://powerfailure.tshwane.gov.za/Tshwanesms/Map.aspx,"-25.5812,28.2460|WATERVAL 273-JR#0",2026-09-25 05:01:45.026219+00:00,2026-09-26 14:25:10.204350+00:00,33.39
-25.5870384,28.2665852,WATERVAL 273-JR,PL P-74-40-06-04W,TSH,79900096,https://powerfailure.tshwane.gov.za/Tshwanesms/Map.aspx,"-25.5870,28.2666|WATERVAL 273-JR#0",2026-09-25 10:58:56.127220+00:00,2026-09-26 14:25:10.204350+00:00,27.44
-25.5865596,28.2713992,WATERVAL 273-JR,PL P-74-40-06-05,TSH,79900096,https://powerfailure.tshwane.gov.za/Tshwanesms/Map.aspx,"-25.5866,28.2714|WATERVAL 273-JR#0",2026-09-25 05:01:45.026219+00:00,2026-09-26 14:25:10.204350+00:00,33.39
-25.5859677,28.2556763,WATERVAL 273-JR,STAND 74,TSH,79900096,https://powerfailure.tshwane.gov.za/Tshwanesms/Map.aspx,"-25.5860,28.2557|WATERVAL 273-JR#0",2026-09-25 05:01:45.026219+00:00,2026-09-26 14:25:10.204350+00:00,33.39
-25.7180065,27.9998246,KAMEELDRIFT 313-JR,PL MVN-128-32-7W (POTION 18/R),TSH,79900055,https://powerfailure.tshwane.gov.za/Tshwanesms/Map.aspx,"-25.7180,27.9998|KAMEELDRIFT 313-JR#0",2026-09-23 15:54:26.696532+00:00,2026-09-26 14:25:10.204350+00:00,70.51
-25.6980613,28.0317449,KAMEELDRIFT 313-JR,PL MVN-088E-02N (PORTION 217),TSH,79900055,https://powerfailure.tshwane.gov.za/Tshwanesms/Map.aspx,"-25.6981,28.0317|KAMEELDRIFT 313-JR#0",2026-09-23 15:54:26.696532+00:00,2026-09-26 14:25:10.204350+00:00,70.51
-25.7169487,28.0102966,KAMEELDRIFT 313-JR,PL MVN-109-24-06,TSH,79900055,https://powerfailure.tshwane.gov.za/Tshwanesms/Map.aspx,"-25.7169,28.0103|KAMEELDRIFT 313-JR#0",2026-09-23 15:54:26.696532+00:00,2026-09-26 14:25:10.204350+00:00,70.51
-25.6965249,28.037549,KAMEELDRIFT 313-JR,PL MVN-88C-2-4,TSH,79900055,https://powerfailure.tshwane.gov.za/Tshwanesms/Map.aspx,"-25.6965,28.0375|KAMEELDRIFT 313-JR#0",2026-09-25 17:15:35.006199+00:00,2026-09-26 14:25:10.204350+00:00,21.16
-25.7135664,28.0005818,KAMEELDRIFT 313-JR,PL MVN-128-28-01W (309),TSH,79900055,https://powerfailure.tshwane.gov.za/Tshwanesms/Map.aspx,"-25.7136,28.0006|KAMEELDRIFT 313-JR#0",2026-09-25 17:15:35.006199+00:00,2026-09-26 14:25:10.204350+00:00,21.16
-25.6955961,28.0129859,KAMEELDRIFT 313-JR,PL MVN-115-09-02,TSH,79900055,https://powerfailure.tshwane.gov.za/Tshwanesms/Map.aspx,"-25.6956,28.0130|KAMEELDRIFT 313-JR#0",2026-09-25 17:15:35.006199+00:00,2026-09-26 14:25:10.204350+00:00,21.16
-25.732241,27.9708114,KAMEELDRIFT 313-JR,PL MVS-165-10S-01E (STAND 65),TSH,79900055,https://powerfailure.tshwane.gov.za/Tshwanesms/Map.aspx,"-25.7322,27.9708|KAMEELDRIFT 313-JR#0",2026-09-26 14:25:10.204350+00:00,2026-09-26 14:25:10.204350+00:00,0.0
-25.7303057,27.9769484,KAMEELDRIFT 313-JR,WATTE ROAD,TSH,79900055,https://powerfailure.tshwane.gov.za/Tshwanesms/Map.aspx,"-25.7303,27.9769|KAMEELDRIFT 313-JR#0",2026-09-26 14:25:10.204350+00:00,2026-09-26 14:25:10.204350+00:00,0.0
-25.5568097,28.0905782,SOSHANGUVE EAST X03,STAND,TSH,79900036,https://powerfailure.tshwane.gov.za/Tshwanesms/Map.aspx,"-25.5568,28.0906|SOSHANGUVE EAST X03#0",2026-09-25 10:58:56.127220+00:00,2026-09-26 14:25:10.204350+00:00,27.44
-25.8638429,28.1569663,ELDORAIGNE X09,MILNER STREET,TSH,79900069,https://powerfailure.tshwane.gov.za/Tshwanesms/Map.aspx,"-25.8638,28.1570|ELDORAIGNE X09#0",2026-09-23 15:54:26.696532+00:00,2026-09-26 14:25:10.204350+00:00,70.51
-25.8615924,28.1561592,ELDORAIGNE X06,CLARK STREET,TSH,79900069,https://powerfailure.tshwane.gov.za/Tshwanesms/Map.aspx,"-25.8616,28.1562|ELDORAIGNE X06#0",2026-09-23 15:54:26.696532+00:00,2026-09-26 14:25:10.204350+00:00,70.51
-25.8830537,28.1102132,HEUWELOORD X02,ROOSHOUT AVENUE,TSH,79900048,https://powerfailure.tshwane.gov.za/Tshwanesms/Map.aspx,"-25.8831,28.1102|HEUWELOORD X02#0",2026-09-26 04:51:34.754667+00:00,2026-09-26 14:25:10.204350+00:00,9.56
-25.8781672,28.1137366,HEUWELOORD X02,KOORSBOOM AVENUE,TSH,79900048,https://powerfailure.tshwane.gov.za/Tshwanesms/Map.aspx,"-25.8782,28.1137|HEUWELOORD X02#0",2026-09-26 04:51:34.754667+00:00,2026-09-26 14:25:10.204350+00:00,9.56
-25.8761857,28.1185273,HEUWELOORD X02,HARDEKOOL AVENUE,TSH,79900048,https://powerfailure.tshwane.gov.za/Tshwanesms/Map.aspx,"-25.8762,28.1185|HEUWELOORD X02#0",2026-09-26 04:51:34.754667+00:00,2026-09-26 14:25:10.204350+00:00,9.56
-25.8889775,28.1149674,HEUWELOORD X03,CAPE BEECH AVENUE,TSH,79900048,https://powerfailure.tshwane.gov.za/Tshwanesms/Map.aspx,"-25.8890,28.1150|HEUWELOORD X03#0",2026-09-26 14:25:10.204350+00:00,2026-09-26 14:25:10.204350+00:00,0.0
-25.8881404,28.1164886,HEUWELOORD X03,CAPE BEECH AVENUE,TSH,79900048,https://powerfailure.tshwane.gov.za/Tshwanesms/Map.aspx,"-25.8881,28.1165|HEUWELOORD X03#0",2026-09-26 04:51:34.754667+00:00,2026-09-26 14:25:10.204350+00:00,9.56
-25.8801078,28.1169147,HEUWELOORD X04,SILKY OAK AVENUE,TSH,79900048,https://powerfailure.tshwane.gov.za/Tshwanesms/Map.aspx,"-25.8801,28.1169|HEUWELOORD X04#0",2026-09-26 04:51:34.754667+00:00,2026-09-26 14:25:10.204350+00:00,9.56
-25.7565148,28.2413826,HILLCREST,DUXBURY ROAD,TSH,79900056,https://powerfailure.tshwane.gov.za/Tshwanesms/Map.aspx,"-25.7565,28.2414|HILLCREST#0",2026-09-23 15:54:26.696532+00:00,2026-09-26 14:25:10.204350+00:00,70.51
-25.7762367,28.2936709,LYNNWOOD PARK,SADIE ST,TSH,79900046,https://powerfailure.tshwane.gov.za/Tshwanesms/Map.aspx,"-25.7762,28.2937|LYNNWOOD PARK#0",2026-09-23 15:54:26.696532+00:00,2026-09-26 14:25:10.204350+00:00,70.51
-25.7767848,28.2923281,LYNNWOOD PARK,SADIE ST,TSH,79900046,https://powerfailure.tshwane.gov.za/Tshwanesms/Map.aspx,"-25.7768,28.2923|LYNNWOOD PARK#0",2026-09-23 15:54:26.696532+00:00,2026-09-26 14:25:10.204350+00:00,70.51
-25.8461231,28.2030513,LYTTELTON MANOR X03,AMETHUST AVENUE,TSH,79900057,https://powerfailure.tshwane.gov.za/Tshwanesms/Map.aspx,"-25.8461,28.2031|LYTTELTON MANOR X03#0",2026-09-23 15:54:26.696532+00:00,2026-09-26 14:25:10.204350+00:00,70.51
-25.8465729,28.2080936,LYTTELTON MANOR X03,AMKOR ROAD,TSH,79900057,https://powerfailure.tshwane.gov.za/Tshwanesms/Map.aspx,"-25.8466,28.2081|LYTTELTON MANOR X03#0",2026-09-23 15:54:26.696532+00:00,2026-09-26 14:25:10.204350+00:00,70.51
-25.5509965,28.1449321,ONDERSTEPOORT 266-JR,PL HK-142,TSH,79900096,https://powerfailure.tshwane.gov.za/Tshwanesms/Map.aspx,"-25.5510,28.1449|ONDERSTEPOORT 266-JR#0",2026-09-23 15:54:26.696532+00:00,2026-09-26 14:25:10.204350+00:00,70.51
-25.5415067,28.1155121,ONDERSTEPOORT 266-JR,STAND 66,TSH,79900096,https://powerfailure.tshwane.gov.za/Tshwanesms/Map.aspx,"-25.5415,28.1155|ONDERSTEPOORT 266-JR#0",2026-09-23 15:54:26.696532+00:00,2026-09-26 14:25:10.204350+00:00,70.51
-25.6048979,28.142859,HAAKDOORNBOOM 267-JR,STAND 264,TSH,79900096,https://powerfailure.tshwane.gov.za/Tshwanesms/Map.aspx,"-25.6049,28.1429|HAAKDOORNBOOM 267-JR#0",2026-09-23 15:54:26.696532+00:00,2026-09-26 14:25:10.204350+00:00,70.51
-25.5242493,28.0977782,SOSHANGUVE-K,STAND 249,TSH,79900034,https://powerfailure.tshwane.gov.za/Tshwanesms/Map.aspx,"-25.5242,28.0978|SOSHANGUVE-K#0",2026-09-23 15:54:26.696532+00:00,2026-09-26 14:25:10.204350+00:00,70.51
-25.5300701,28.0998722,SOSHANGUVE-K,STAND 889,TSH,79900034,https://powerfailure.tshwane.gov.za/Tshwanesms/Map.aspx,"-25.5301,28.0999|SOSHANGUVE-K#0",2026-09-23 15:54:26.696532+00:00,2026-09-26 14:25:10.204350+00:00,70.51
-25.807462,28.2525826,ERASMUSRAND,NEPTUNE STREET,TSH,79900042,https://powerfailure.tshwane.gov.za/Tshwanesms/Map.aspx,"-25.8075,28.2526|ERASMUSRAND#0",2026-09-26 04:51:34.754667+00:00,2026-09-26 14:25:10.204350+00:00,9.56
-25.8080277,28.254558,ERASMUSRAND,BUFFELSDRIFT,TSH,79900042,https://powerfailure.tshwane.gov.za/Tshwanesms/Map.aspx,"-25.8080,28.2546|ERASMUSRAND#0",2026-09-26 14:25:10.204350+00:00,2026-09-26 14:25:10.204350+00:00,0.0
-25.809325,28.2501351,ERASMUSRAND,OOM JOCHEMS' PLACE,TSH,79900042,https://powerfailure.tshwane.gov.za/Tshwanesms/Map.aspx,"-25.8093,28.2501|ERASMUSRAND#0",2026-09-26 04:51:34.754667+00:00,2026-09-26 14:25:10.204350+00:00,9.56
-25.8094377,28.2497714,ERASMUSRAND,OOM JOCHEMS' PLACE,TSH,79900042,https://powerfailure.tshwane.gov.za/Tshwanesms/Map.aspx,"-25.8094,28.2498|ERASMUSRAND#0",2026-09-26 04:51:34.754667+00:00,2026-09-26 14:25:10.204350+00:00,9.56
-25.8126685,28.2519418,ERASMUSRAND,PAT DYER AVENUE,TSH,79900042,https://powerfailure.tshwane.gov.za/Tshwanesms/Map.aspx,"-25.8127,28.2519|ERASMUSRAND#0",2026-09-26 04:51:34.754667+00:00,2026-09-26 14:25:10.204350+00:00,9.56
-25.8148224,28.2521578,ERASMUSRAND,WAENHUISKRANS WAENHUISKRANS,TSH,79900042,https://powerfailure.tshwane.gov.za/Tshwanesms/Map.aspx,"-25.8148,28.2522|ERASMUSRAND#0",2026-09-26 04:51:34.754667+00:00,2026-09-26 14:25:10.204350+00:00,9.56
-25.8161089,28.2541375,ERASMUSRAND,SCHOONGEZICHT STREET,TSH,79900042,https://powerfailure.tshwane.gov.za/Tshwanesms/Map.aspx,"-25.8161,28.2541|ERASMUSRAND#0",2026-09-26 14:25:10.204350+00:00,2026-09-26 14:25:10.204350+00:00,0.0
-25.8137362,28.2553133,ERASMUSRAND,WYNANDSKRAAL WYNANDSKRAAL,TSH,79900042,https://powerfailure.tshwane.gov.za/Tshwanesms/Map.aspx,"-25.8137,28.2553|ERASMUSRAND#0",2026-09-26 04:51:34.754667+00:00,2026-09-26 14:25:10.204350+00:00,9.56
-25.7046252,28.3765059,MAMELODI,STAND 11038,TSH,79900023,https://powerfailure.tshwane.gov.za/Tshwanesms/Map.aspx,"-25.7046,28.3765|MAMELODI#0",2026-09-24 11:52:55.215094+00:00,2026-09-26 14:25:10.204350+00:00,50.54
-25.831912,28.2892794,MORELETAPARK X27,BURGESS AVENUE,TSH,79900047,https://powerfailure.tshwane.gov.za/Tshwanesms/Map.aspx,"-25.8319,28.2893|MORELETAPARK X27#0",2026-09-23 15:54:26.696532+00:00,2026-09-26 14:25:10.204350+00:00,70.51
-25.7424409,28.1701825,PRETORIA,VOM HAGEN STREET,TSH,79900058,https://powerfailure.tshwane.gov.za/Tshwanesms/Map.aspx,"-25.7424,28.1702|PRETORIA#0",2026-09-23 15:54:26.696532+00:00,2026-09-26 14:25:10.204350+00:00,70.51
-25.7434422,28.1688818,PRETORIA,VOM HAGEN STREET,TSH,79900058,https://powerfailure.tshwane.gov.za/Tshwanesms/Map.aspx,"-25.7434,28.1689|PRETORIA#0",2026-09-25 10:58:56.127220+00:00,2026-09-26 14:25:10.204350+00:00,27.44
-25.7217393,28.1410572,PRETORIA GARDENS,TUIN STREET,TSH,79900055,https://powerfailure.tshwane.gov.za/Tshwanesms/Map.aspx,"-25.7217,28.1411|PRETORIA GARDENS#0",2026-09-25 05:01:45.026219+00:00,2026-09-26 14:25:10.204350+00:00,33.39
-25.6984043,28.2365291,VILLIERIA,30TH AVENUE,TSH,79900052,https://powerfailure.tshwane.gov.za/Tshwanesms/Map.aspx,"-25.6984,28.2365|VILLIERIA#0",2026-09-24 04:53:01.668402+00:00,2026-09-26 14:25:10.204350+00:00,57.54
-25.5681638,28.079912,SOSHANGUVE SOUTH X03,STAND 7618,TSH,79900089,https://powerfailure.tshwane.gov.za/Tshwanesms/Map.aspx,"-25.5682,28.0799|SOSHANGUVE SOUTH X03#0",2026-09-23 15:54:26.696532+00:00,2026-09-26 14:25:10.204350+00:00,70.51
-25.4479504,28.0831508,SOSHANGUVE-HH,STAND 45,TSH,79900011,https://powerfailure.tshwane.gov.za/Tshwanesms/Map.aspx,"-25.4480,28.0832|SOSHANGUVE-HH#0",2026-09-23 15:54:26.696532+00:00,2026-09-26 14:25:10.204350+00:00,70.51
-25.6748643,27.9089708,ZILKAATSNEK 439-JQ,ZN-074-02N,NW372,63702019,https://powerfailure.tshwane.gov.za/Tshwanesms/Map.aspx,"-25.6749,27.9090|ZILKAATSNEK 439-JQ#0",2026-09-24 04:53:01.668402+00:00,2026-09-26 14:25:10.204350+00:00,57.54
-25.471964,28.0811001,SOSHANGUVE,ILIGQIBA STREET,TSH,79900011,https://powerfailure.tshwane.gov.za/Tshwanesms/Map.aspx,"-25.4720,28.0811|SOSHANGUVE#0",2026-09-23 15:54:26.696532+00:00,2026-09-26 14:25:10.204350+00:00,70.51
-25.4751883,28.0813384,SOSHANGUVE-NN,STAND 996,TSH,79900011,https://powerfailure.tshwane.gov.za/Tshwanesms/Map.aspx,"-25.4752,28.0813|SOSHANGUVE-NN#0",2026-09-23 15:54:26.696532+00:00,2026-09-26 14:25:10.204350+00:00,70.51
-25.4746778,28.0850837,SOSHANGUVE-NN,STAND 1323,TSH,79900011,https://powerfailure.tshwane.gov.za/Tshwanesms/Map.aspx,"-25.4747,28.0851|SOSHANGUVE-NN#0",2026-09-23 15:54:26.696532+00:00,2026-09-26 14:25:10.204350+00:00,70.51
-25.6607668,28.2366845,MONTANA X167,KLIPPAN ROAD,TSH,79900096,https://powerfailure.tshwane.gov.za/Tshwanesms/Map.aspx,"-25.6608,28.2367|MONTANA X167#0",2026-09-25 10:58:56.127220+00:00,2026-09-26 14:25:10.204350+00:00,27.44
-25.6857835,28.178304,PRETORIA NORTH,JAN VAN RIEBEECK STREET,TSH,79900002,https://powerfailure.tshwane.gov.za/Tshwanesms/Map.aspx,"-25.6858,28.1783|PRETORIA NORTH#0",2026-09-25 10:58:56.127220+00:00,2026-09-26 14:25:10.204350+00:00,27.44
-25.6609645,28.180672,PRETORIA NORTH,JAN VAN RIEBEECK STREET,TSH,79900002,https://powerfailure.tshwane.gov.za/Tshwanesms/Map.aspx,"-25.6610,28.1807|PRETORIA NORTH#0",2026-09-26 14:25:10.204350+00:00,2026-09-26 14:25:10.204350+00:00,0.0
-25.8251989,28.2724449,WINGATE PARK,KENDREW STREET,TSH,79900047,https://powerfailure.tshwane.gov.za/Tshwanesms/Map.aspx,"-25.8252,28.2724|WINGATE PARK#0",2026-09-23 15:54:26.696532+00:00,2026-09-26 14:25:10.204350+00:00,70.51
-25.8529182,28.1451085,WIERDAPARK,MEYER STREET,TSH,79900070,https://powerfailure.tshwane.gov.za/Tshwanesms/Map.aspx,"-25.8529,28.1451|WIERDAPARK#0",2026-09-23 15:54:26.696532+00:00,2026-09-26 14:25:10.204350+00:00,70.51
-25.8548804,28.1452379,WIERDAPARK,SPRINGBOK STREET,TSH,79900070,https://powerfailure.tshwane.gov.za/Tshwanesms/Map.aspx,"-25.8549,28.1452|WIERDAPARK#0",2026-09-23 15:54:26.696532+00:00,2026-09-26 14:25:10.204350+00:00,70.51
-25.852003,28.1481117,WIERDAPARK,RUIMTE ROAD,TSH,79900070,https://powerfailure.tshwane.gov.za/Tshwanesms/Map.aspx,"-25.8520,28.1481|WIERDAPARK#0",2026-09-23 15:54:26.696532+00:00,2026-09-26 14:25:10.204350+00:00,70.51
-25.8547361,28.1498783,WIERDAPARK,KOEDOE STREET,TSH,79900070,https://powerfailure.tshwane.gov.za/Tshwanesms/Map.aspx,"-25.8547,28.1499|WIERDAPARK#0",2026-09-23 15:54:26.696532+00:00,2026-09-26 14:25:10.204350+00:00,70.51
-25.8554587,28.1489084,WIERDAPARK,KOEDOE STREET,TSH,79900070,https://powerfailure.tshwane.gov.za/Tshwanesms/Map.aspx,"-25.8555,28.1489|WIERDAPARK#0",2026-09-23 15:54:26.696532+00:00,2026-09-26 14:25:10.204350+00:00,70.51
-25.8595764,28.1500025,WIERDAPARK,SUSAN STREET,TSH,79900070,https://powerfailure.tshwane.gov.za/Tshwanesms/Map.aspx,"-25.8596,28.1500|WIERDAPARK#0",2026-09-23 15:54:26.696532+00:00,2026-09-26 14:25:10.204350+00:00,70.51
-25.4992201,28.0950818,SOSHANGUVE-AA,STAND 86,TSH,79900094,https://powerfailure.tshwane.gov.za/Tshwanesms/Map.aspx,"-25.4992,28.0951|SOSHANGUVE-AA#0",2026-09-23 15:54:26.696532+00:00,2026-09-26 14:25:10.204350+00:00,70.51
-25.5998375,28.1097466,SOSHANGUVE-B,A12931,TSH,79900090,https://powerfailure.tshwane.gov.za/Tshwanesms/Map.aspx,"-25.5998,28.1097|SOSHANGUVE-B#0",2026-09-23 15:54:26.696532+00:00,2026-09-26 14:25:10.204350+00:00,70.51
-25.7080922,28.2745387,EAST LYNNE,VERMAAK AVENUE,TSH,79900052,https://powerfailure.tshwane.gov.za/Tshwanesms/Map.aspx,"-25.7081,28.2745|EAST LYNNE#0",2026-09-23 15:54:26.696532+00:00,2026-09-26 14:25:10.204350+00:00,70.51
-25.7122159,28.2003641,GEZINA,8TH AVENUE,TSH,79900053,https://powerfailure.tshwane.gov.za/Tshwanesms/Map.aspx,"-25.7122,28.2004|GEZINA#0",2026-09-25 10:58:56.127220+00:00,2026-09-26 14:25:10.204350+00:00,27.44
-25.7050028,27.9458826,RIETFONTEIN 485 JQ,PL MVS-189-15-01 (PORTION 146/R),NW372,63702030,https://powerfailure.tshwane.gov.za/Tshwanesms/Map.aspx,"-25.7050,27.9459|RIETFONTEIN 485 JQ#0",2026-09-25 17:15:35.006199+00:00,2026-09-26 14:25:10.204350+00:00,21.16
-25.713806,27.9461904,RIETFONTEIN 485 JQ,STAND 151,NW372,63702030,https://powerfailure.tshwane.gov.za/Tshwanesms/Map.aspx,"-25.7138,27.9462|RIETFONTEIN 485 JQ#0",2026-09-25 17:15:35.006199+00:00,2026-09-26 14:25:10.204350+00:00,21.16
-25.7160371,27.9483444,RIETFONTEIN 485 JQ,MVS-190-03S,NW372,63702030,https://powerfailure.tshwane.gov.za/Tshwanesms/Map.aspx,"-25.7160,27.9483|RIETFONTEIN 485 JQ#0",2026-09-23 15:54:26.696532+00:00,2026-09-26 14:25:10.204350+00:00,70.51
-25.7423774,28.3640673,NELLMAPIUS X04,KA-NOSI STREET,TSH,79900086,https://powerfailure.tshwane.gov.za/Tshwanesms/Map.aspx,"-25.7424,28.3641|NELLMAPIUS X04#0",2026-09-23 15:54:26.696532+00:00,2026-09-26 14:25:10.204350+00:00,70.51
-25.7438952,28.3626673,NELLMAPIUS X04,SAAMROEP STREET,TSH,79900086,https://powerfailure.tshwane.gov.za/Tshwanesms/Map.aspx,"-25.7439,28.3627|NELLMAPIUS X04#0",2026-09-23 15:54:26.696532+00:00,2026-09-26 14:25:10.204350+00:00,70.51
-25.744138,28.3614379,NELLMAPIUS X04,MALEBO ROAD,TSH,79900086,https://powerfailure.tshwane.gov.za/Tshwanesms/Map.aspx,"-25.7441,28.3614|NELLMAPIUS X04#0",2026-09-23 15:54:26.696532+00:00,2026-09-26 14:25:10.204350+00:00,70.51
-25.7453967,28.3625704,NELLMAPIUS X04,HLAGISA STREET,TSH,79900086,https://powerfailure.tshwane.gov.za/Tshwanesms/Map.aspx,"-25.7454,28.3626|NELLMAPIUS X04#0",2026-09-23 15:54:26.696532+00:00,2026-09-26 14:25:10.204350+00:00,70.51
-25.7453967,28.3625704,NELLMAPIUS X04,HLAGISA STREET,TSH,79900086,https://powerfailure.tshwane.gov.za/Tshwanesms/Map.aspx,"-25.7454,28.3626|NELLMAPIUS X04#1",2026-09-23 15:54:26.696532+00:00,2026-09-26 14:25:10.204350+00:00,70.51
-25.7427667,28.3584618,NELLMAPIUS X04,LOKILE STREET,TSH,79900086,https://powerfailure.tshwane.gov.za/Tshwanesms/Map.aspx,"-25.7428,28.3585|NELLMAPIUS X04#0",2026-09-23 15:54:26.696532+00:00,2026-09-26 14:25:10.204350+00:00,70.51
-25.7424895,28.3511503,NELLMAPIUS X04,TEBOGO STREET,TSH,79900086,https://powerfailure.tshwane.gov.za/Tshwanesms/Map.aspx,"-25.7425,28.3512|NELLMAPIUS X04#0",2026-09-26 14:25:10.204350+00:00,2026-09-26 14:25:10.204350+00:00,0.0
-25.7431171,28.3517381,NELLMAPIUS X04,LEBISA STREET,TSH,79900086,https://powerfailure.tshwane.gov.za/Tshwanesms/Map.aspx,"-25.7431,28.3517|NELLMAPIUS X04#0",2026-09-23 15:54:26.696532+00:00,2026-09-26 14:25:10.204350+00:00,70.51
-25.7350397,28.3764421,NELLMAPIUS X07,STAND,TSH,79900015,https://powerfailure.tshwane.gov.za/Tshwanesms/Map.aspx,"-25.7350,28.3764|NELLMAPIUS X07#0",2026-09-23 15:54:26.696532+00:00,2026-09-26 14:25:10.204350+00:00,70.51
-25.8345366,28.3240699,RIETFONTEIN 375-JR,BEAU ART CRESCENT,TSH,79900091,https://powerfailure.tshwane.gov.za/Tshwanesms/Map.aspx,"-25.8345,28.3241|RIETFONTEIN 375-JR#0",2026-09-23 15:54:26.696532+00:00,2026-09-26 14:25:10.204350+00:00,70.51
-25.7302746,28.2239928,RIETONDALE,NORTH STREET,TSH,79900084,https://powerfailure.tshwane.gov.za/Tshwanesms/Map.aspx,"-25.7303,28.2240|RIETONDALE#0",2026-09-26 14:25:10.204350+00:00,2026-09-26 14:25:10.204350+00:00,0.0
-25.7301662,28.2257122,RIETONDALE,NORTH STREET,TSH,79900084,https://powerfailure.tshwane.gov.za/Tshwanesms/Map.aspx,"-25.7302,28.2257|RIETONDALE#0",2026-09-26 14:25:10.204350+00:00,2026-09-26 14:25:10.204350+00:00,0.0
-25.7275442,28.2198091,RIETONDALE,NUFFIELD STREET,TSH,79900084,https://powerfailure.tshwane.gov.za/Tshwanesms/Map.aspx,"-25.7275,28.2198|RIETONDALE#0",2026-09-26 14:25:10.204350+00:00,2026-09-26 14:25:10.204350+00:00,0.0
-25.7306092,28.2199465,RIETONDALE,NUFFIELD STREET,TSH,79900084,https://powerfailure.tshwane.gov.za/Tshwanesms/Map.aspx,"-25.7306,28.2199|RIETONDALE#0",2026-09-26 14:25:10.204350+00:00,2026-09-26 14:25:10.204350+00:00,0.0
-25.7878876,28.362162,PARADISO,PARADISO,TSH,79900101,https://powerfailure.tshwane.gov.za/Tshwanesms/Map.aspx,"-25.7879,28.3622|PARADISO#0",2026-09-26 04:51:34.754667+00:00,2026-09-26 14:25:10.204350+00:00,9.56
-25.7295593,28.2113133,RIVIERA,MALAN STREET,TSH,79900053,https://powerfailure.tshwane.gov.za/Tshwanesms/Map.aspx,"-25.7296,28.2113|RIVIERA#0",2026-09-26 14:25:10.204350+00:00,2026-09-26 14:25:10.204350+00:00,0.0
-25.7311552,28.2100224,RIVIERA,VILJOEN STREET,TSH,79900053,https://powerfailure.tshwane.gov.za/Tshwanesms/Map.aspx,"-25.7312,28.2100|RIVIERA#0",2026-09-26 14:25:10.204350+00:00,2026-09-26 14:25:10.204350+00:00,0.0
-25.7310842,28.2118563,RIVIERA,ROSE STREET,TSH,79900053,https://powerfailure.tshwane.gov.za/Tshwanesms/Map.aspx,"-25.7311,28.2119|RIVIERA#0",2026-09-26 14:25:10.204350+00:00,2026-09-26 14:25:10.204350+00:00,0.0
-25.7310607,28.214679,RIVIERA,ROSE STREET,TSH,79900053,https://powerfailure.tshwane.gov.za/Tshwanesms/Map.aspx,"-25.7311,28.2147|RIVIERA#0",2026-09-26 14:25:10.204350+00:00,2026-09-26 14:25:10.204350+00:00,0.0
-25.7317577,28.2135227,RIVIERA,ROSE STREET,TSH,79900053,https://powerfailure.tshwane.gov.za/Tshwanesms/Map.aspx,"-25.7318,28.2135|RIVIERA#0",2026-09-26 14:25:10.204350+00:00,2026-09-26 14:25:10.204350+00:00,0.0
-25.7323883,28.2125448,RIVIERA,BLAKE STREET,TSH,79900053,https://powerfailure.tshwane.gov.za/Tshwanesms/Map.aspx,"-25.7324,28.2125|RIVIERA#0",2026-09-26 14:25:10.204350+00:00,2026-09-26 14:25:10.204350+00:00,0.0
-25.7323574,28.2141068,RIVIERA,ANNIE BOTHA AVENUE,TSH,79900053,https://powerfailure.tshwane.gov.za/Tshwanesms/Map.aspx,"-25.7324,28.2141|RIVIERA#0",2026-09-26 14:25:10.204350+00:00,2026-09-26 14:25:10.204350+00:00,0.0
-25.7342085,28.2101896,RIVIERA,SOUTPANSBERG ROAD,TSH,79900053,https://powerfailure.tshwane.gov.za/Tshwanesms/Map.aspx,"-25.7342,28.2102|RIVIERA#0",2026-09-26 14:25:10.204350+00:00,2026-09-26 14:25:10.204350+00:00,0.0
-25.7338543,28.213643,RIVIERA,SOUTPANSBERG ROAD,TSH,79900053,https://powerfailure.tshwane.gov.za/Tshwanesms/Map.aspx,"-25.7339,28.2136|RIVIERA#0",2026-09-26 14:25:10.204350+00:00,2026-09-26 14:25:10.204350+00:00,0.0
-25.7349562,28.2166375,RIVIERA,MERLE STREET,TSH,79900053,https://powerfailure.tshwane.gov.za/Tshwanesms/Map.aspx,"-25.7350,28.2166|RIVIERA#0",2026-09-26 14:25:10.204350+00:00,2026-09-26 14:25:10.204350+00:00,0.0
-25.7357091,28.2118126,RIVIERA,WELL STREET,TSH,79900053,https://powerfailure.tshwane.gov.za/Tshwanesms/Map.aspx,"-25.7357,28.2118|RIVIERA#0",2026-09-26 14:25:10.204350+00:00,2026-09-26 14:25:10.204350+00:00,0.0
-25.7315217,28.2152914,RIVIERA,ROSE STREET,TSH,79900053,https://powerfailure.tshwane.gov.za/Tshwanesms/Map.aspx,"-25.7315,28.2153|RIVIERA#0",2026-09-26 14:25:10.204350+00:00,2026-09-26 14:25:10.204350+00:00,0.0
-25.7128096,28.177952,ROSEVILLE,MAGDALENA AVENUE,TSH,79900001,https://powerfailure.tshwane.gov.za/Tshwanesms/Map.aspx,"-25.7128,28.1780|ROSEVILLE#0",2026-09-23 15:54:26.696532+00:00,2026-09-26 14:25:10.204350+00:00,70.51
-25.908024,28.1431108,THE REEDS X06,DIEDERICHS STREET,TSH,79900064,https://powerfailure.tshwane.gov.za/Tshwanesms/Map.aspx,"-25.9080,28.1431|THE REEDS X06#0",2026-09-26 04:51:34.754667+00:00,2026-09-26 14:25:10.204350+00:00,9.56
-25.8983135,28.1333543,THE REEDS X15,YELANDA STREET,TSH,79900064,https://powerfailure.tshwane.gov.za/Tshwanesms/Map.aspx,"-25.8983,28.1334|THE REEDS X15#0",2026-09-26 04:51:34.754667+00:00,2026-09-26 14:25:10.204350+00:00,9.56
-25.9002579,28.127573,THE REEDS X05,IMMELMAN STREET,TSH,79900064,https://powerfailure.tshwane.gov.za/Tshwanesms/Map.aspx,"-25.9003,28.1276|THE REEDS X05#0",2026-09-26 14:25:10.204350+00:00,2026-09-26 14:25:10.204350+00:00,0.0
-25.9034877,28.1263554,THE REEDS X05,BEDFORD STREET,TSH,79900064,https://powerfailure.tshwane.gov.za/Tshwanesms/Map.aspx,"-25.9035,28.1264|THE REEDS X05#0",2026-09-26 04:51:34.754667+00:00,2026-09-26 14:25:10.204350+00:00,9.56
-25.9015156,28.1304347,THE REEDS X05,JAN ELLIS STREET,TSH,79900064,https://powerfailure.tshwane.gov.za/Tshwanesms/Map.aspx,"-25.9015,28.1304|THE REEDS X05#0",2026-09-26 04:51:34.754667+00:00,2026-09-26 14:25:10.204350+00:00,9.56
-25.6533333,28.0873381,THE ORCHARDS X11,KETELBY STREET,TSH,79900004,https://powerfailure.tshwane.gov.za/Tshwanesms/Map.aspx,"-25.6533,28.0873|THE ORCHARDS X11#0",2026-09-23 15:54:26.696532+00:00,2026-09-26 14:25:10.204350+00:00,70.51
-25.6515804,28.0973509,THE ORCHARDS X13,PIETERS AVENUE,TSH,79900004,https://powerfailure.tshwane.gov.za/Tshwanesms/Map.aspx,"-25.6516,28.0974|THE ORCHARDS X13#0",2026-09-23 15:54:26.696532+00:00,2026-09-26 14:25:10.204350+00:00,70.51
-25.6513647,28.1091382,THE ORCHARDS X17,CUNNINGHAM LANE,TSH,79900004,https://powerfailure.tshwane.gov.za/Tshwanesms/Map.aspx,"-25.6514,28.1091|THE ORCHARDS X17#0",2026-09-23 15:54:26.696532+00:00,2026-09-26 14:25:10.204350+00:00,70.51
-25.6511792,28.1095921,THE ORCHARDS X17,CUNNINGHAM LANE,TSH,79900004,https://powerfailure.tshwane.gov.za/Tshwanesms/Map.aspx,"-25.6512,28.1096|THE ORCHARDS X17#0",2026-09-23 15:54:26.696532+00:00,2026-09-26 14:25:10.204350+00:00,70.51
-25.6522088,28.1093377,THE ORCHARDS X17,DALMAN AVENUE,TSH,79900004,https://powerfailure.tshwane.gov.za/Tshwanesms/Map.aspx,"-25.6522,28.1093|THE ORCHARDS X17#0",2026-09-23 15:54:26.696532+00:00,2026-09-26 14:25:10.204350+00:00,70.51
-25.5813139,28.0710054,SOSHANGUVE SOUTH X04,STAND 3969,TSH,79900037,https://powerfailure.tshwane.gov.za/Tshwanesms/Map.aspx,"-25.5813,28.0710|SOSHANGUVE SOUTH X04#0",2026-09-23 15:54:26.696532+00:00,2026-09-26 14:25:10.204350+00:00,70.51
-25.5079174,28.1150533,SOSHANGUVE-G,STAND 1155,TSH,79900033,https://powerfailure.tshwane.gov.za/Tshwanesms/Map.aspx,"-25.5079,28.1151|SOSHANGUVE-G#0",2026-09-23 15:54:26.696532+00:00,2026-09-26 14:25:10.204350+00:00,70.51
-25.7947712,27.8913463,BROEDERSTROOM 481 JQ,BR-016-05-01W,NW372,63702029,https://powerfailure.tshwane.gov.za/Tshwanesms/Map.aspx,"-25.7948,27.8913|BROEDERSTROOM 481 JQ#0",2026-09-25 11:54:53.380939+00:00,2026-09-26 14:25:10.204350+00:00,26.5
-25.6991348,28.4189698,MAHUBE VALLEY X02,STAND  2826,TSH,79900017,https://powerfailure.tshwane.gov.za/Tshwanesms/Map.aspx,"-25.6991,28.4190|MAHUBE VALLEY X02#0",2026-09-23 15:54:26.696532+00:00,2026-09-26 14:25:10.204350+00:00,70.51
-25.9224368,28.0966168,OLIEVENHOUTBOS,MTULWA STREET,TSH,79900106,https://powerfailure.tshwane.gov.za/Tshwanesms/Map.aspx,"-25.9224,28.0966|OLIEVENHOUTBOS#0",2026-09-26 04:51:34.754667+00:00,2026-09-26 14:25:10.204350+00:00,9.56
-25.7159846,28.029179,MAGALIESMOOT AH,PL MVS-084-10N-03W,TSH,79900055,https://powerfailure.tshwane.gov.za/Tshwanesms/Map.aspx,"-25.7160,28.0292|MAGALIESMOOT AH#0",2026-09-25 17:15:35.006199+00:00,2026-09-26 14:25:10.204350+00:00,21.16
-25.5945231,28.2310414,HONINGNESTKRANS 269-JR,PL P-047-02 (STAND 42),TSH,79900096,https://powerfailure.tshwane.gov.za/Tshwanesms/Map.aspx,"-25.5945,28.2310|HONINGNESTKRANS 269-JR#0",2026-09-25 11:54:53.380939+00:00,2026-09-26 14:25:10.204350+00:00,26.5
-25.5717328,28.2388277,WATERVAL 273-JR,PL P-074 (STAND 11),TSH,79900096,https://powerfailure.tshwane.gov.za/Tshwanesms/Map.aspx,"-25.5717,28.2388|WATERVAL 273-JR#0",2026-09-25 10:58:56.127220+00:00,2026-09-26 14:25:10.204350+00:00,27.44
-25.5624711,28.2692341,WATERVAL 273-JR,PL P-74-06-45-01,TSH,79900096,https://powerfailure.tshwane.gov.za/Tshwanesms/Map.aspx,"-25.5625,28.2692|WATERVAL 273-JR#0",2026-09-24 11:52:55.215094+00:00,2026-09-26 14:25:10.204350+00:00,50.54
-25.6927174,28.0321275,KAMEELDRIFT 313-JR,PL MVN-88D-3-7,TSH,79900055,https://powerfailure.tshwane.gov.za/Tshwanesms/Map.aspx,"-25.6927,28.0321|KAMEELDRIFT 313-JR#0",2026-09-23 15:54:26.696532+00:00,2026-09-26 14:25:10.204350+00:00,70.51
-25.7156777,27.9825305,KAMEELDRIFT 313-JR,PL MVN-155-12-03,TSH,79900055,https://powerfailure.tshwane.gov.za/Tshwanesms/Map.aspx,"-25.7157,27.9825|KAMEELDRIFT 313-JR#0",2026-09-25 17:15:35.006199+00:00,2026-09-26 14:25:10.204350+00:00,21.16
-25.6966468,28.0211162,KAMEELDRIFT 313-JR,PL MVN-100-07N,TSH,79900055,https://powerfailure.tshwane.gov.za/Tshwanesms/Map.aspx,"-25.6966,28.0211|KAMEELDRIFT 313-JR#0",2026-09-25 17:15:35.006199+00:00,2026-09-26 14:25:10.204350+00:00,21.16
-25.7015673,28.0062702,KAMEELDRIFT 313-JR,PL MVN-121-03,TSH,79900055,https://powerfailure.tshwane.gov.za/Tshwanesms/Map.aspx,"-25.7016,28.0063|KAMEELDRIFT 313-JR#0",2026-09-23 15:54:26.696532+00:00,2026-09-26 14:25:10.204350+00:00,70.51
-25.6917925,28.0260543,KAMEELDRIFT 313-JR,PL MVN-092-10N-02W,TSH,79900055,https://powerfailure.tshwane.gov.za/Tshwanesms/Map.aspx,"-25.6918,28.0261|KAMEELDRIFT 313-JR#0",2026-09-23 15:54:26.696532+00:00,2026-09-26 14:25:10.204350+00:00,70.51
-25.6981583,27.9828643,KAMEELDRIFT 313-JR,PL MVN-147-11-01,TSH,79900055,https://powerfailure.tshwane.gov.za/Tshwanesms/Map.aspx,"-25.6982,27.9829|KAMEELDRIFT 313-JR#0",2026-09-25 17:15:35.006199+00:00,2026-09-26 14:25:10.204350+00:00,21.16
-25.7107221,28.0275762,KAMEELDRIFT 313-JR,PL MVN-092-12-05,TSH,79900055,https://powerfailure.tshwane.gov.za/Tshwanesms/Map.aspx,"-25.7107,28.0276|KAMEELDRIFT 313-JR#0",2026-09-23 15:54:26.696532+00:00,2026-09-26 14:25:10.204350+00:00,70.51
-25.7011006,27.9592049,KAMEELDRIFT 313-JR,PL MVN-184-07-04,TSH,79900055,https://powerfailure.tshwane.gov.za/Tshwanesms/Map.aspx,"-25.7011,27.9592|KAMEELDRIFT 313-JR#0",2026-09-23 15:54:26.696532+00:00,2026-09-26 14:25:10.204350+00:00,70.51
-25.6956126,28.0141277,KAMEELDRIFT 313-JR,PL MVN-115-09N-03E (412),TSH,79900055,https://powerfailure.tshwane.gov.za/Tshwanesms/Map.aspx,"-25.6956,28.0141|KAMEELDRIFT 313-JR#0",2026-09-25 17:15:35.006199+00:00,2026-09-26 14:25:10.204350+00:00,21.16
-25.6914018,28.0086656,KAMEELDRIFT 313-JR,PL MVN-115-19-15W (STAND 451),TSH,79900055,https://powerfailure.tshwane.gov.za/Tshwanesms/Map.aspx,"-25.6914,28.0087|KAMEELDRIFT 313-JR#0",2026-09-23 15:54:26.696532+00:00,2026-09-26 14:25:10.204350+00:00,70.51
-25.7782846,28.0843508,ATTERIDGEVILLE,SEMENYA STREET,TSH,79900051,https://powerfailure.tshwane.gov.za/Tshwanesms/Map.aspx,"-25.7783,28.0844|ATTERIDGEVILLE#0",2026-09-23 15:54:26.696532+00:00,2026-09-26 14:25:10.204350+00:00,70.51
-25.8584849,28.1545257,ELDORAIGNE X27,JUSTIN CRESCENT,TSH,79900069,https://powerfailure.tshwane.gov.za/Tshwanesms/Map.aspx,"-25.8585,28.1545|ELDORAIGNE X27#0",2026-09-23 15:54:26.696532+00:00,2026-09-26 14:25:10.204350+00:00,70.51
-25.8565741,28.1538439,ELDORAIGNE X27,JUSTIN CRESCENT,TSH,79900069,https://powerfailure.tshwane.gov.za/Tshwanesms/Map.aspx,"-25.8566,28.1538|ELDORAIGNE X27#0",2026-09-23 15:54:26.696532+00:00,2026-09-26 14:25:10.204350+00:00,70.51
-25.875061,28.2177995,IRENE,QUEEN STREET,TSH,79900065,https://powerfailure.tshwane.gov.za/Tshwanesms/Map.aspx,"-25.8751,28.2178|IRENE#0",2026-09-23 15:54:26.696532+00:00,2026-09-26 14:25:10.204350+00:00,70.51
-25.7743194,28.2826495,LYNNWOOD GLEN,GLENWOOD ROAD,TSH,79900046,https://powerfailure.tshwane.gov.za/Tshwanesms/Map.aspx,"-25.7743,28.2826|LYNNWOOD GLEN#0",2026-09-23 15:54:26.696532+00:00,2026-09-26 14:25:10.204350+00:00,70.51
-25.7732136,28.2761125,LYNNWOOD GLEN,ELVERAM STREET,TSH,79900046,https://powerfailure.tshwane.gov.za/Tshwanesms/Map.aspx,"-25.7732,28.2761|LYNNWOOD GLEN#0",2026-09-23 15:54:26.696532+00:00,2026-09-26 14:25:10.204350+00:00,70.51
-25.8128153,28.1998019,LYTTELTON MANOR X01,KLOOF AVENUE,TSH,79900057,https://powerfailure.tshwane.gov.za/Tshwanesms/Map.aspx,"-25.8128,28.1998|LYTTELTON MANOR X01#0",2026-09-26 04:51:34.754667+00:00,2026-09-26 14:25:10.204350+00:00,9.56
-25.8455379,28.2034405,LYTTELTON MANOR X03,CLIFTON AVENUE,TSH,79900057,https://powerfailure.tshwane.gov.za/Tshwanesms/Map.aspx,"-25.8455,28.2034|LYTTELTON MANOR X03#0",2026-09-23 15:54:26.696532+00:00,2026-09-26 14:25:10.204350+00:00,70.51
-25.8483771,28.2047191,LYTTELTON MANOR X03,AMETHUST AVENUE,TSH,79900057,https://powerfailure.tshwane.gov.za/Tshwanesms/Map.aspx,"-25.8484,28.2047|LYTTELTON MANOR X03#0",2026-09-23 15:54:26.696532+00:00,2026-09-26 14:25:10.204350+00:00,70.51
-25.7574841,28.2878827,LYNNWOOD MANOR,LYNBURN ROAD,TSH,79900046,https://powerfailure.tshwane.gov.za/Tshwanesms/Map.aspx,"-25.7575,28.2879|LYNNWOOD MANOR#0",2026-09-23 15:54:26.696532+00:00,2026-09-26 14:25:10.204350+00:00,70.51
-25.7104244,28.2001305,MAYVILLE,8TH AVENUE,TSH,79900053,https://powerfailure.tshwane.gov.za/Tshwanesms/Map.aspx,"-25.7104,28.2001|MAYVILLE#0",2026-09-25 17:15:35.006199+00:00,2026-09-26 14:25:10.204350+00:00,21.16
-25.7386546,28.5356577,RAYTON,NAUDE,TSH,79900100,https://powerfailure.tshwane.gov.za/Tshwanesms/Map.aspx,"-25.7387,28.5357|RAYTON#0",2026-09-24 11:52:55.215094+00:00,2026-09-26 14:25:10.204350+00:00,50.54
-25.7500351,28.293477,VAL-DE-GRACE,KREMETART STREET,TSH,79900046,https://powerfailure.tshwane.gov.za/Tshwanesms/Map.aspx,"-25.7500,28.2935|VAL-DE-GRACE#0",2026-09-23 15:54:26.696532+00:00,2026-09-26 14:25:10.204350+00:00,70.51
-25.7111432,28.1239147,BOOYSENS,BOEKENHOUTKLOOF STREET,TSH,79900055,https://powerfailure.tshwane.gov.za/Tshwanesms/Map.aspx,"-25.7111,28.1239|BOOYSENS#0",2026-09-25 17:15:35.006199+00:00,2026-09-26 14:25:10.204350+00:00,21.16
-25.5672563,28.0530416,SOSHANGUVE SOUTH X11,STAND 15101,TSH,79900039,https://powerfailure.tshwane.gov.za/Tshwanesms/Map.aspx,"-25.5673,28.0530|SOSHANGUVE SOUTH X11#0",2026-09-23 16:31:26.744960+00:00,2026-09-26 14:25:10.204350+00:00,69.9
-25.5772986,28.0650064,SOSHANGUVE SOUTH X08,STAND 17730,TSH,79900037,https://powerfailure.tshwane.gov.za/Tshwanesms/Map.aspx,"-25.5773,28.0650|SOSHANGUVE SOUTH X08#0",2026-09-23 15:54:26.696532+00:00,2026-09-26 14:25:10.204350+00:00,70.51
-25.7062307,28.15712,DASPOORT ESTATE,CHARL CELLIERS STREET,TSH,79900001,https://powerfailure.tshwane.gov.za/Tshwanesms/Map.aspx,"-25.7062,28.1571|DASPOORT ESTATE#0",2026-09-25 11:54:53.380939+00:00,2026-09-26 14:25:10.204350+00:00,26.5
-25.4541686,28.0821409,SOSHANGUVE-JJ,STAND 358,TSH,79900011,https://powerfailure.tshwane.gov.za/Tshwanesms/Map.aspx,"-25.4542,28.0821|SOSHANGUVE-JJ#0",2026-09-23 15:54:26.696532+00:00,2026-09-26 14:25:10.204350+00:00,70.51
-25.5263347,28.1071288,SOSHANGUVE-K,STAND 1236,TSH,79900034,https://powerfailure.tshwane.gov.za/Tshwanesms/Map.aspx,"-25.5263,28.1071|SOSHANGUVE-K#0",2026-09-23 15:54:26.696532+00:00,2026-09-26 14:25:10.204350+00:00,70.51
-25.5270766,28.1075738,SOSHANGUVE-K,STAND 1250,TSH,79900034,https://powerfailure.tshwane.gov.za/Tshwanesms/Map.aspx,"-25.5271,28.1076|SOSHANGUVE-K#0",2026-09-23 15:54:26.696532+00:00,2026-09-26 14:25:10.204350+00:00,70.51
-25.8167052,28.2518095,ERASMUSRAND,EMUS ERASMUS AVENUE,TSH,79900042,https://powerfailure.tshwane.gov.za/Tshwanesms/Map.aspx,"-25.8167,28.2518|ERASMUSRAND#0",2026-09-26 04:51:34.754667+00:00,2026-09-26 14:25:10.204350+00:00,9.56
-25.8076617,28.2487814,ERASMUSRAND,NEPTUNE STREET,TSH,79900042,https://powerfailure.tshwane.gov.za/Tshwanesms/Map.aspx,"-25.8077,28.2488|ERASMUSRAND#0",2026-09-26 04:51:34.754667+00:00,2026-09-26 14:25:10.204350+00:00,9.56
-25.812032,28.2533783,ERASMUSRAND,RAMONA AVENUE,TSH,79900042,https://powerfailure.tshwane.gov.za/Tshwanesms/Map.aspx,"-25.8120,28.2534|ERASMUSRAND#0",2026-09-26 04:51:34.754667+00:00,2026-09-26 14:25:10.204350+00:00,9.56
-25.8126701,28.2523384,ERASMUSRAND,PAT DYER AVENUE,TSH,79900042,https://powerfailure.tshwane.gov.za/Tshwanesms/Map.aspx,"-25.8127,28.2523|ERASMUSRAND#0",2026-09-26 14:25:10.204350+00:00,2026-09-26 14:25:10.204350+00:00,0.0
-25.8154556,28.2540233,ERASMUSRAND,WAENHUISKRANS STREET,TSH,79900042,https://powerfailure.tshwane.gov.za/Tshwanesms/Map.aspx,"-25.8155,28.2540|ERASMUSRAND#0",2026-09-26 04:51:34.754667+00:00,2026-09-26 14:25:10.204350+00:00,9.56
-25.8154556,28.2540233,ERASMUSRAND,WAENHUISKRANS STREET,TSH,79900042,https://powerfailure.tshwane.gov.za/Tshwanesms/Map.aspx,"-25.8155,28.2540|ERASMUSRAND#1",2026-09-26 04:51:34.754667+00:00,2026-09-26 14:25:10.204350+00:00,9.56
-25.8157882,28.254354,ERASMUSRAND,SCHOONGEZICHT SCHOONGEZICHT,TSH,79900042,https://powerfailure.tshwane.gov.za/Tshwanesms/Map.aspx,"-25.8158,28.2544|ERASMUSRAND#0",2026-09-26 04:51:34.754667+00:00,2026-09-26 14:25:10.204350+00:00,9.56
-25.8122851,28.2556374,ERASMUSRAND,MAMANTHANE STREET,TSH,79900042,https://powerfailure.tshwane.gov.za/Tshwanesms/Map.aspx,"-25.8123,28.2556|ERASMUSRAND#0",2026-09-26 04:51:34.754667+00:00,2026-09-26 14:25:10.204350+00:00,9.56
-25.8163241,28.2547712,ERASMUSRAND,SCHOONGEZICHT,TSH,79900042,https://powerfailure.tshwane.gov.za/Tshwanesms/Map.aspx,"-25.8163,28.2548|ERASMUSRAND#0",2026-09-26 04:51:34.754667+00:00,2026-09-26 14:25:10.204350+00:00,9.56
-25.6982167,28.2366014,VILLIERIA,FRATES ROAD,TSH,79900052,https://powerfailure.tshwane.gov.za/Tshwanesms/Map.aspx,"-25.6982,28.2366|VILLIERIA#0",2026-09-23 15:54:26.696532+00:00,2026-09-26 14:25:10.204350+00:00,70.51
-25.6982167,28.2366014,VILLIERIA,FRATES ROAD,TSH,79900052,https://powerfailure.tshwane.gov.za/Tshwanesms/Map.aspx,"-25.6982,28.2366|VILLIERIA#1",2026-09-23 15:54:26.696532+00:00,2026-09-26 14:25:10.204350+00:00,70.51
-25.7164006,28.7117846,RETHABISENG X01,RETHABISENG,TSH,79900103,https://powerfailure.tshwane.gov.za/Tshwanesms/Map.aspx,"-25.7164,28.7118|RETHABISENG X01#0",2026-09-23 15:54:26.696532+00:00,2026-09-26 14:25:10.204350+00:00,70.51
-25.5128132,28.1157435,SOSHANGUVE-G,STAND 1820,TSH,79900033,https://powerfailure.tshwane.gov.za/Tshwanesms/Map.aspx,"-25.5128,28.1157|SOSHANGUVE-G#0",2026-09-23 15:54:26.696532+00:00,2026-09-26 14:25:10.204350+00:00,70.51
-25.4672733,28.0931827,SOSHANGUVE-GG,STAND 1262,TSH,79900094,https://powerfailure.tshwane.gov.za/Tshwanesms/Map.aspx,"-25.4673,28.0932|SOSHANGUVE-GG#0",2026-09-23 15:54:26.696532+00:00,2026-09-26 14:25:10.204350+00:00,70.51
-25.4453849,28.083203,SOSHANGUVE-HH,STAND 163,TSH,79900011,https://powerfailure.tshwane.gov.za/Tshwanesms/Map.aspx,"-25.4454,28.0832|SOSHANGUVE-HH#0",2026-09-23 15:54:26.696532+00:00,2026-09-26 14:25:10.204350+00:00,70.51
-25.4454774,28.0860239,SOSHANGUVE-HH,STAND 280,TSH,79900011,https://powerfailure.tshwane.gov.za/Tshwanesms/Map.aspx,"-25.4455,28.0860|SOSHANGUVE-HH#0",2026-09-23 15:54:26.696532+00:00,2026-09-26 14:25:10.204350+00:00,70.51
-25.7017493,28.3565864,MAMELODI,STAND  3659,TSH,79900023,https://powerfailure.tshwane.gov.za/Tshwanesms/Map.aspx,"-25.7017,28.3566|MAMELODI#0",2026-09-25 10:58:56.127220+00:00,2026-09-26 14:25:10.204350+00:00,27.44
-25.6644081,28.2357447,MONTANA X83,VILLA SORRENTO PLACE,TSH,79900096,https://powerfailure.tshwane.gov.za/Tshwanesms/Map.aspx,"-25.6644,28.2357|MONTANA X83#0",2026-09-25 10:58:56.127220+00:00,2026-09-26 14:25:10.204350+00:00,27.44
-25.6754824,28.2718412,MONTANA TUINE X47,TWINSPOT CRESCENT,TSH,79900005,https://powerfailure.tshwane.gov.za/Tshwanesms/Map.aspx,"-25.6755,28.2718|MONTANA TUINE X47#0",2026-09-23 15:54:26.696532+00:00,2026-09-26 14:25:10.204350+00:00,70.51
-25.6752554,28.1736413,PRETORIA NORTH,BEN VILJOEN STREET,TSH,79900002,https://powerfailure.tshwane.gov.za/Tshwanesms/Map.aspx,"-25.6753,28.1736|PRETORIA NORTH#0",2026-09-23 15:54:26.696532+00:00,2026-09-26 14:25:10.204350+00:00,70.51
-25.6802074,28.1794404,PRETORIA NORTH,KOOS DE LA REY STREET,TSH,79900002,https://powerfailure.tshwane.gov.za/Tshwanesms/Map.aspx,"-25.6802,28.1794|PRETORIA NORTH#0",2026-09-23 15:54:26.696532+00:00,2026-09-26 14:25:10.204350+00:00,70.51
-25.6853639,28.1820401,PRETORIA NORTH,ABERCROMBIE ROAD,TSH,79900002,https://powerfailure.tshwane.gov.za/Tshwanesms/Map.aspx,"-25.6854,28.1820|PRETORIA NORTH#0",2026-09-25 10:58:56.127220+00:00,2026-09-26 14:25:10.204350+00:00,27.44
-25.8551943,28.1439928,WIERDAPARK,WILLEM BOTHA STREET,TSH,79900070,https://powerfailure.tshwane.gov.za/Tshwanesms/Map.aspx,"-25.8552,28.1440|WIERDAPARK#0",2026-09-23 15:54:26.696532+00:00,2026-09-26 14:25:10.204350+00:00,70.51
-25.8554513,28.1389163,WIERDAPARK,OCKERT STREET,TSH,79900070,https://powerfailure.tshwane.gov.za/Tshwanesms/Map.aspx,"-25.8555,28.1389|WIERDAPARK#0",2026-09-23 15:54:26.696532+00:00,2026-09-26 14:25:10.204350+00:00,70.51
-25.8575509,28.137133,WIERDAPARK,THEUNS VAN NIEKERK STREET,TSH,79900070,https://powerfailure.tshwane.gov.za/Tshwanesms/Map.aspx,"-25.8576,28.1371|WIERDAPARK#0",2026-09-23 15:54:26.696532+00:00,2026-09-26 14:25:10.204350+00:00,70.51
-25.8630274,28.1465501,WIERDAPARK,HENRIETTE STREET,TSH,79900070,https://powerfailure.tshwane.gov.za/Tshwanesms/Map.aspx,"-25.8630,28.1466|WIERDAPARK#0",2026-09-23 15:54:26.696532+00:00,2026-09-26 14:25:10.204350+00:00,70.51
-25.8626116,28.1393071,WIERDAPARK,ELAND STREET,TSH,79900070,https://powerfailure.tshwane.gov.za/Tshwanesms/Map.aspx,"-25.8626,28.1393|WIERDAPARK#0",2026-09-23 15:54:26.696532+00:00,2026-09-26 14:25:10.204350+00:00,70.51
-25.8659568,28.1391126,WIERDAPARK,BADENHORST STREET,TSH,79900070,https://powerfailure.tshwane.gov.za/Tshwanesms/Map.aspx,"-25.8660,28.1391|WIERDAPARK#0",2026-09-23 15:54:26.696532+00:00,2026-09-26 14:25:10.204350+00:00,70.51
-25.8635281,28.143764,WIERDAPARK,HENDRIK STREET,TSH,79900070,https://powerfailure.tshwane.gov.za/Tshwanesms/Map.aspx,"-25.8635,28.1438|WIERDAPARK#0",2026-09-23 15:54:26.696532+00:00,2026-09-26 14:25:10.204350+00:00,70.51
-25.8665407,28.1460524,WIERDAPARK,DU TOIT STREET,TSH,79900070,https://powerfailure.tshwane.gov.za/Tshwanesms/Map.aspx,"-25.8665,28.1461|WIERDAPARK#0",2026-09-23 15:54:26.696532+00:00,2026-09-26 14:25:10.204350+00:00,70.51
-25.8654696,28.1467541,WIERDAPARK,WILHELMINA STREET,TSH,79900070,https://powerfailure.tshwane.gov.za/Tshwanesms/Map.aspx,"-25.8655,28.1468|WIERDAPARK#0",2026-09-23 15:54:26.696532+00:00,2026-09-26 14:25:10.204350+00:00,70.51
-25.8528376,28.1360072,WIERDAPARK X01,THEO STREET,TSH,79900070,https://powerfailure.tshwane.gov.za/Tshwanesms/Map.aspx,"-25.8528,28.1360|WIERDAPARK X01#0",2026-09-23 15:54:26.696532+00:00,2026-09-26 14:25:10.204350+00:00,70.51
-25.7404249,28.1403626,PHILIP NEL PARK,GUSTAV SCHMIKL GUSTAV SCHMIKL,TSH,79900060,https://powerfailure.tshwane.gov.za/Tshwanesms/Map.aspx,"-25.7404,28.1404|PHILIP NEL PARK#0",2026-09-24 17:14:48.543546+00:00,2026-09-26 14:25:10.204350+00:00,45.17
-25.862369,28.1477016,WIERDAPARK,CHRIS HOUGAARD STREET,TSH,79900070,https://powerfailure.tshwane.gov.za/Tshwanesms/Map.aspx,"-25.8624,28.1477|WIERDAPARK#0",2026-09-23 15:54:26.696532+00:00,2026-09-26 14:25:10.204350+00:00,70.51
-25.8554084,28.136801,WIERDAPARK,OCKERT STREET,TSH,79900070,https://powerfailure.tshwane.gov.za/Tshwanesms/Map.aspx,"-25.8554,28.1368|WIERDAPARK#0",2026-09-23 15:54:26.696532+00:00,2026-09-26 14:25:10.204350+00:00,70.51
-25.8570059,28.1394324,WIERDAPARK,RUIMTE ROAD,TSH,79900070,https://powerfailure.tshwane.gov.za/Tshwanesms/Map.aspx,"-25.8570,28.1394|WIERDAPARK#0",2026-09-23 15:54:26.696532+00:00,2026-09-26 14:25:10.204350+00:00,70.51
-25.8609147,28.1383732,WIERDAPARK,SPRINGBOK STREET,TSH,79900070,https://powerfailure.tshwane.gov.za/Tshwanesms/Map.aspx,"-25.8609,28.1384|WIERDAPARK#0",2026-09-23 15:54:26.696532+00:00,2026-09-26 14:25:10.204350+00:00,70.51
-25.866747,28.1427612,WIERDAPARK,LEVITON STREET,TSH,79900070,https://powerfailure.tshwane.gov.za/Tshwanesms/Map.aspx,"-25.8667,28.1428|WIERDAPARK#0",2026-09-23 15:54:26.696532+00:00,2026-09-26 14:25:10.204350+00:00,70.51
-25.8443935,28.1463164,WIERDAPARK,PENQUIN CRESCENT,TSH,79900070,https://powerfailure.tshwane.gov.za/Tshwanesms/Map.aspx,"-25.8444,28.1463|WIERDAPARK#0",2026-09-25 17:15:35.006199+00:00,2026-09-26 14:25:10.204350+00:00,21.16
-25.7726158,28.0764447,ATTERIDGEVILLE,MNGADI STREET,TSH,79900062,https://powerfailure.tshwane.gov.za/Tshwanesms/Map.aspx,"-25.7726,28.0764|ATTERIDGEVILLE#0",2026-09-26 14:25:10.204350+00:00,2026-09-26 14:25:10.204350+00:00,0.0
-25.7409087,28.2389534,COLBYN,DOUGLAS STREET,TSH,79900092,https://powerfailure.tshwane.gov.za/Tshwanesms/Map.aspx,"-25.7409,28.2390|COLBYN#0",2026-09-26 14:25:10.204350+00:00,2026-09-26 14:25:10.204350+00:00,0.0
-25.5186757,28.0951402,SOSHANGUVE-F,STAND 993,TSH,79900029,https://powerfailure.tshwane.gov.za/Tshwanesms/Map.aspx,"-25.5187,28.0951|SOSHANGUVE-F#0",2026-09-23 15:54:26.696532+00:00,2026-09-26 14:25:10.204350+00:00,70.51
-25.8361029,28.2555395,ELARDUS PARK X02,JASPER STREET,TSH,79900047,https://powerfailure.tshwane.gov.za/Tshwanesms/Map.aspx,"-25.8361,28.2555|ELARDUS PARK X02#0",2026-09-23 15:54:26.696532+00:00,2026-09-26 14:25:10.204350+00:00,70.51
-25.750473,27.9425893,RIETFONTEIN  485-JQ,PL MVS-165-69W-01N (STAND 58),NW372,63702030,https://powerfailure.tshwane.gov.za/Tshwanesms/Map.aspx,"-25.7505,27.9426|RIETFONTEIN 485-JQ#0",2026-09-25 17:15:35.006199+00:00,2026-09-26 14:25:10.204350+00:00,21.16
-25.7781968,28.2167804,GROENKLOOF,HERBERT BAKER STREET,TSH,79900059,https://powerfailure.tshwane.gov.za/Tshwanesms/Map.aspx,"-25.7782,28.2168|GROENKLOOF#0",2026-09-23 15:54:26.696532+00:00,2026-09-26 14:25:10.204350+00:00,70.51
-25.7772044,28.2128419,GROENKLOOF,HERBERT BAKER STREET,TSH,79900059,https://powerfailure.tshwane.gov.za/Tshwanesms/Map.aspx,"-25.7772,28.2128|GROENKLOOF#0",2026-09-23 15:54:26.696532+00:00,2026-09-26 14:25:10.204350+00:00,70.51
-25.7751521,28.2113759,GROENKLOOF,HERBERT BAKER STREET,TSH,79900059,https://powerfailure.tshwane.gov.za/Tshwanesms/Map.aspx,"-25.7752,28.2114|GROENKLOOF#0",2026-09-23 15:54:26.696532+00:00,2026-09-26 14:25:10.204350+00:00,70.51
-25.7727461,28.211389,GROENKLOOF,WENNING STREET,TSH,79900059,https://powerfailure.tshwane.gov.za/Tshwanesms/Map.aspx,"-25.7727,28.2114|GROENKLOOF#0",2026-09-23 15:54:26.696532+00:00,2026-09-26 14:25:10.204350+00:00,70.51
-25.7727461,28.211389,GROENKLOOF,WENNING STREET,TSH,79900059,https://powerfailure.tshwane.gov.za/Tshwanesms/Map.aspx,"-25.7727,28.2114|GROENKLOOF#1",2026-09-23 15:54:26.696532+00:00,2026-09-26 14:25:10.204350+00:00,70.51
-25.7725849,28.2126928,GROENKLOOF,FRANS OERDER STREET,TSH,79900059,https://powerfailure.tshwane.gov.za/Tshwanesms/Map.aspx,"-25.7726,28.2127|GROENKLOOF#0",2026-09-23 15:54:26.696532+00:00,2026-09-26 14:25:10.204350+00:00,70.51
-25.7729898,28.2130379,GROENKLOOF,FRANS OERDER STREET,TSH,79900059,https://powerfailure.tshwane.gov.za/Tshwanesms/Map.aspx,"-25.7730,28.2130|GROENKLOOF#0",2026-09-23 15:54:26.696532+00:00,2026-09-26 14:25:10.204350+00:00,70.51
-25.773416,28.2133883,GROENKLOOF,FRANS OERDER STREET,TSH,79900059,https://powerfailure.tshwane.gov.za/Tshwanesms/Map.aspx,"-25.7734,28.2134|GROENKLOOF#0",2026-09-23 15:54:26.696532+00:00,2026-09-26 14:25:10.204350+00:00,70.51
-25.7743637,28.2143629,GROENKLOOF,WENNING STREET,TSH,79900059,https://powerfailure.tshwane.gov.za/Tshwanesms/Map.aspx,"-25.7744,28.2144|GROENKLOOF#0",2026-09-23 15:54:26.696532+00:00,2026-09-26 14:25:10.204350+00:00,70.51
-25.7144745,28.0566578,UITZICHT ALIAS RIETVALEI 314-JR,50,TSH,79900055,https://powerfailure.tshwane.gov.za/Tshwanesms/Map.aspx,"-25.7145,28.0567|UITZICHT ALIAS RIETVALEI 314-JR#0",2026-09-25 17:15:35.006199+00:00,2026-09-26 14:25:10.204350+00:00,21.16
-25.553213,28.0802624,SOSHANGUVE-WW,STAND 238,TSH,79900036,https://powerfailure.tshwane.gov.za/Tshwanesms/Map.aspx,"-25.5532,28.0803|SOSHANGUVE-WW#0",2026-09-24 11:52:55.215094+00:00,2026-09-26 14:25:10.204350+00:00,50.54
-25.7174354,28.4099909,MAMELODI X06,MONEE PLACE,TSH,79900040,https://powerfailure.tshwane.gov.za/Tshwanesms/Map.aspx,"-25.7174,28.4100|MAMELODI X06#0",2026-09-23 15:54:26.696532+00:00,2026-09-26 14:25:10.204350+00:00,70.51
-25.737866,28.3880963,NELLMAPIUS X08,UMKHENCE STREET,TSH,79900015,https://powerfailure.tshwane.gov.za/Tshwanesms/Map.aspx,"-25.7379,28.3881|NELLMAPIUS X08#0",2026-09-23 15:54:26.696532+00:00,2026-09-26 14:25:10.204350+00:00,70.51
-25.9158038,28.0943907,OLIEVENHOUTBOS X13,NALEDI  STREET,TSH,79900106,https://powerfailure.tshwane.gov.za/Tshwanesms/Map.aspx,"-25.9158,28.0944|OLIEVENHOUTBOS X13#0",2026-09-24 17:14:48.543546+00:00,2026-09-26 14:25:10.204350+00:00,45.17
-25.9131024,28.0878022,OLIEVENHOUTBOS X20,FLAT CROWN STREET,TSH,79900106,https://powerfailure.tshwane.gov.za/Tshwanesms/Map.aspx,"-25.9131,28.0878|OLIEVENHOUTBOS X20#0",2026-09-23 15:54:26.696532+00:00,2026-09-26 14:25:10.204350+00:00,70.51
-25.9165659,28.0969413,OLIEVENHOUTBOS X23,IMBONGOLO AVENUE,TSH,79900106,https://powerfailure.tshwane.gov.za/Tshwanesms/Map.aspx,"-25.9166,28.0969|OLIEVENHOUTBOS X23#0",2026-09-26 14:25:10.204350+00:00,2026-09-26 14:25:10.204350+00:00,0.0
-25.9006138,28.1347694,THE REEDS X09,VICTOR STREET,TSH,79900064,https://powerfailure.tshwane.gov.za/Tshwanesms/Map.aspx,"-25.9006,28.1348|THE REEDS X09#0",2026-09-26 14:25:10.204350+00:00,2026-09-26 14:25:10.204350+00:00,0.0
-25.905843,28.1397301,THE REEDS X09,BOTHRILL AVENUE,TSH,79900064,https://powerfailure.tshwane.gov.za/Tshwanesms/Map.aspx,"-25.9058,28.1397|THE REEDS X09#0",2026-09-26 14:25:10.204350+00:00,2026-09-26 14:25:10.204350+00:00,0.0
-25.9047979,28.1477348,THE REEDS X02,SKIMMER STREET,TSH,79900064,https://powerfailure.tshwane.gov.za/Tshwanesms/Map.aspx,"-25.9048,28.1477|THE REEDS X02#0",2026-09-26 14:25:10.204350+00:00,2026-09-26 14:25:10.204350+00:00,0.0
-25.9057832,28.1471103,THE REEDS X02,SKIMMER STREET,TSH,79900064,https://powerfailure.tshwane.gov.za/Tshwanesms/Map.aspx,"-25.9058,28.1471|THE REEDS X02#0",2026-09-26 14:25:10.204350+00:00,2026-09-26 14:25:10.204350+00:00,0.0
-25.9062045,28.1489852,THE REEDS X02,DIANA CRESCENT,TSH,79900064,https://powerfailure.tshwane.gov.za/Tshwanesms/Map.aspx,"-25.9062,28.1490|THE REEDS X02#0",2026-09-26 14:25:10.204350+00:00,2026-09-26 14:25:10.204350+00:00,0.0
-25.90746,28.1447141,THE REEDS X19,SKIMMER STREET,TSH,79900064,https://powerfailure.tshwane.gov.za/Tshwanesms/Map.aspx,"-25.9075,28.1447|THE REEDS X19#0",2026-09-26 04:51:34.754667+00:00,2026-09-26 14:25:10.204350+00:00,9.56
-25.90902,28.1447425,THE REEDS X19,SIMONSVLEI CRESCENT,TSH,79900064,https://powerfailure.tshwane.gov.za/Tshwanesms/Map.aspx,"-25.9090,28.1447|THE REEDS X19#0",2026-09-26 14:25:10.204350+00:00,2026-09-26 14:25:10.204350+00:00,0.0
-25.8912212,28.1267345,THE REEDS X03,MOONFLOWER CRESCENT,TSH,79900064,https://powerfailure.tshwane.gov.za/Tshwanesms/Map.aspx,"-25.8912,28.1267|THE REEDS X03#0",2026-09-26 04:51:34.754667+00:00,2026-09-26 14:25:10.204350+00:00,9.56
-25.8940685,28.1148922,THE REEDS X36,KNOBWOOD AVENUE,TSH,79900064,https://powerfailure.tshwane.gov.za/Tshwanesms/Map.aspx,"-25.8941,28.1149|THE REEDS X36#0",2026-09-26 14:25:10.204350+00:00,2026-09-26 14:25:10.204350+00:00,0.0
-25.7750352,28.3448546,WILLOWGLEN AH,MEERLUST ROAD,TSH,79900085,https://powerfailure.tshwane.gov.za/Tshwanesms/Map.aspx,"-25.7750,28.3449|WILLOWGLEN AH#0",2026-09-23 15:54:26.696532+00:00,2026-09-26 14:25:10.204350+00:00,70.51
-25.6777631,28.112476,AMANDASIG,SPEKBOOM AVENUE,TSH,79900098,https://powerfailure.tshwane.gov.za/Tshwanesms/Map.aspx,"-25.6778,28.1125|AMANDASIG#0",2026-09-25 10:58:56.127220+00:00,2026-09-26 14:25:10.204350+00:00,27.44
-25.6610685,28.1048276,KARENPARK X10,BALERIA,TSH,79900004,https://powerfailure.tshwane.gov.za/Tshwanesms/Map.aspx,"-25.6611,28.1048|KARENPARK X10#0",2026-09-23 15:54:26.696532+00:00,2026-09-26 14:25:10.204350+00:00,70.51
-25.6579526,28.1119764,KARENPARK X40,BLOMBAS CRESCENT,TSH,79900004,https://powerfailure.tshwane.gov.za/Tshwanesms/Map.aspx,"-25.6580,28.1120|KARENPARK X40#0",2026-09-23 15:54:26.696532+00:00,2026-09-26 14:25:10.204350+00:00,70.51
-25.6485512,28.244172,DOORNPOORT,PEERBOOM STREET,TSH,79900096,https://powerfailure.tshwane.gov.za/Tshwanesms/Map.aspx,"-25.6486,28.2442|DOORNPOORT#0",2026-09-25 10:58:56.127220+00:00,2026-09-26 14:25:10.204350+00:00,27.44
-25.6479632,28.236972,DOORNPOORT,AIRPORT ROAD,TSH,79900096,https://powerfailure.tshwane.gov.za/Tshwanesms/Map.aspx,"-25.6480,28.2370|DOORNPOORT#0",2026-09-25 10:58:56.127220+00:00,2026-09-26 14:25:10.204350+00:00,27.44
-25.644827,28.242641,DOORNPOORT,PEERBOOM STREET,TSH,79900096,https://powerfailure.tshwane.gov.za/Tshwanesms/Map.aspx,"-25.6448,28.2426|DOORNPOORT#0",2026-09-25 10:58:56.127220+00:00,2026-09-26 14:25:10.204350+00:00,27.44
-25.6461087,28.2395743,DOORNPOORT,WILGER ROAD,TSH,79900096,https://powerfailure.tshwane.gov.za/Tshwanesms/Map.aspx,"-25.6461,28.2396|DOORNPOORT#0",2026-09-25 10:58:56.127220+00:00,2026-09-26 14:25:10.204350+00:00,27.44
-25.6469613,28.236752,DOORNPOORT,VYEBOOM ROAD,TSH,79900096,https://powerfailure.tshwane.gov.za/Tshwanesms/Map.aspx,"-25.6470,28.2368|DOORNPOORT#0",2026-09-25 10:58:56.127220+00:00,2026-09-26 14:25:10.204350+00:00,27.44
-25.6463056,28.2387406,DOORNPOORT,SERINGBOOM ROAD,TSH,79900096,https://powerfailure.tshwane.gov.za/Tshwanesms/Map.aspx,"-25.6463,28.2387|DOORNPOORT#0",2026-09-25 10:58:56.127220+00:00,2026-09-26 14:25:10.204350+00:00,27.44
-25.6521358,28.2424849,DOORNPOORT,FOXGLOVE STREET,TSH,79900096,https://powerfailure.tshwane.gov.za/Tshwanesms/Map.aspx,"-25.6521,28.2425|DOORNPOORT#0",2026-09-25 10:58:56.127220+00:00,2026-09-26 14:25:10.204350+00:00,27.44
-25.649341,28.232014,DOORNPOORT,LIVINGSTONE PLACE,TSH,79900096,https://powerfailure.tshwane.gov.za/Tshwanesms/Map.aspx,"-25.6493,28.2320|DOORNPOORT#0",2026-09-25 10:58:56.127220+00:00,2026-09-26 14:25:10.204350+00:00,27.44
-25.654391,28.2458148,DOORNPOORT X01,DAIS PLACE,TSH,79900096,https://powerfailure.tshwane.gov.za/Tshwanesms/Map.aspx,"-25.6544,28.2458|DOORNPOORT X01#0",2026-09-25 10:58:56.127220+00:00,2026-09-26 14:25:10.204350+00:00,27.44
-25.6499513,28.2487493,DOORNPOORT X06,LANNEA STREET,TSH,79900096,https://powerfailure.tshwane.gov.za/Tshwanesms/Map.aspx,"-25.6500,28.2487|DOORNPOORT X06#0",2026-09-25 10:58:56.127220+00:00,2026-09-26 14:25:10.204350+00:00,27.44
-25.6490888,28.2460271,DOORNPOORT X06,HAIRBELL STREET,TSH,79900096,https://powerfailure.tshwane.gov.za/Tshwanesms/Map.aspx,"-25.6491,28.2460|DOORNPOORT X06#0",2026-09-25 10:58:56.127220+00:00,2026-09-26 14:25:10.204350+00:00,27.44
-25.5542525,28.0692996,SOSHANGUVE-TT,STAND 281,TSH,79900089,https://powerfailure.tshwane.gov.za/Tshwanesms/Map.aspx,"-25.5543,28.0693|SOSHANGUVE-TT#0",2026-09-23 15:54:26.696532+00:00,2026-09-26 14:25:10.204350+00:00,70.51
-25.5848462,28.1071109,SOSHANGUVE-XX,UMGILANE STREET,TSH,79900090,https://powerfailure.tshwane.gov.za/Tshwanesms/Map.aspx,"-25.5848,28.1071|SOSHANGUVE-XX#0",2026-09-24 11:52:55.215094+00:00,2026-09-26 14:25:10.204350+00:00,50.54
-25.7165041,28.3669555,MAMELODI,STAND 12384,TSH,79900028,https://powerfailure.tshwane.gov.za/Tshwanesms/Map.aspx,"-25.7165,28.3670|MAMELODI#0",2026-09-23 15:54:26.696532+00:00,2026-09-26 14:25:10.204350+00:00,70.51
-25.6666934,28.2857894,PUMULANI AH X01,RORICH AVENUE,TSH,79900087,https://powerfailure.tshwane.gov.za/Tshwanesms/Map.aspx,"-25.6667,28.2858|PUMULANI AH X01#0",2026-09-23 15:54:26.696532+00:00,2026-09-26 14:25:10.204350+00:00,70.51
-25.7246189,28.2448661,QUEENSWOOD,COWGILL STREET,TSH,79900084,https://powerfailure.tshwane.gov.za/Tshwanesms/Map.aspx,"-25.7246,28.2449|QUEENSWOOD#0",2026-09-24 21:33:51.861461+00:00,2026-09-26 14:25:10.204350+00:00,40.86
-25.7305884,28.2523512,QUEENSWOOD,KIRKBY STREET,TSH,79900084,https://powerfailure.tshwane.gov.za/Tshwanesms/Map.aspx,"-25.7306,28.2524|QUEENSWOOD#0",2026-09-26 04:51:34.754667+00:00,2026-09-26 14:25:10.204350+00:00,9.56
-25.729615,28.2575383,QUEENSWOOD,DUNSTAN ROAD,TSH,79900084,https://powerfailure.tshwane.gov.za/Tshwanesms/Map.aspx,"-25.7296,28.2575|QUEENSWOOD#0",2026-09-26 04:51:34.754667+00:00,2026-09-26 14:25:10.204350+00:00,9.56
-25.7297666,28.2561149,QUEENSWOOD,KIRKBY STREET,TSH,79900084,https://powerfailure.tshwane.gov.za/Tshwanesms/Map.aspx,"-25.7298,28.2561|QUEENSWOOD#0",2026-09-26 04:51:34.754667+00:00,2026-09-26 14:25:10.204350+00:00,9.56
-25.6573003,28.233272,SINOVILLE X06,H O MONNIG STREET,TSH,79900096,https://powerfailure.tshwane.gov.za/Tshwanesms/Map.aspx,"-25.6573,28.2333|SINOVILLE X06#0",2026-09-25 10:58:56.127220+00:00,2026-09-26 14:25:10.204350+00:00,27.44
-25.6628214,28.2344471,SINOVILLE X06,JAN BANTJIES ROAD,TSH,79900096,https://powerfailure.tshwane.gov.za/Tshwanesms/Map.aspx,"-25.6628,28.2344|SINOVILLE X06#0",2026-09-25 10:58:56.127220+00:00,2026-09-26 14:25:10.204350+00:00,27.44
-25.8143497,28.250029,WATERKLOOF RIDGE X02,POLARIS AVENUE,TSH,79900042,https://powerfailure.tshwane.gov.za/Tshwanesms/Map.aspx,"-25.8143,28.2500|WATERKLOOF RIDGE X02#0",2026-09-26 04:51:34.754667+00:00,2026-09-26 14:25:10.204350+00:00,9.56
-25.8156471,28.249174,WATERKLOOF RIDGE X02,GRYSBOK STREET,TSH,79900042,https://powerfailure.tshwane.gov.za/Tshwanesms/Map.aspx,"-25.8156,28.2492|WATERKLOOF RIDGE X02#0",2026-09-26 04:51:34.754667+00:00,2026-09-26 14:25:10.204350+00:00,9.56
-25.8175128,28.2477238,WATERKLOOF RIDGE X02,CLIFF AVENUE,TSH,79900042,https://powerfailure.tshwane.gov.za/Tshwanesms/Map.aspx,"-25.8175,28.2477|WATERKLOOF RIDGE X02#0",2026-09-26 14:25:10.204350+00:00,2026-09-26 14:25:10.204350+00:00,0.0
-25.8158856,28.7535255,ERASMUS X15,ERASMUS,TSH,79900105,https://powerfailure.tshwane.gov.za/Tshwanesms/Map.aspx,"-25.8159,28.7535|ERASMUS X15#0",2026-09-23 16:31:26.744960+00:00,2026-09-26 14:25:10.204350+00:00,69.9
-25.807336,28.7027285,RIAMARPARK X04,DAHLIA STREET,TSH,79900102,https://powerfailure.tshwane.gov.za/Tshwanesms/Map.aspx,"-25.8073,28.7027|RIAMARPARK X04#0",2026-09-23 15:54:26.696532+00:00,2026-09-26 14:25:10.204350+00:00,70.51
-25.8067954,28.7068629,RIAMARPARK X04,MAGNOLIA STREET,TSH,79900102,https://powerfailure.tshwane.gov.za/Tshwanesms/Map.aspx,"-25.8068,28.7069|RIAMARPARK X04#0",2026-09-23 15:54:26.696532+00:00,2026-09-26 14:25:10.204350+00:00,70.51
-25.7403706,28.030433,KRAUSEVILLE AH,PL MVS-093-26S-03W-04S,TSH,79900055,https://powerfailure.tshwane.gov.za/Tshwanesms/Map.aspx,"-25.7404,28.0304|KRAUSEVILLE AH#0",2026-09-25 17:15:35.006199+00:00,2026-09-26 14:25:10.204350+00:00,21.16
-25.6863514,28.2611923,MONTANA PARK X40,RIETHAAN STREET,TSH,79900005,https://powerfailure.tshwane.gov.za/Tshwanesms/Map.aspx,"-25.6864,28.2612|MONTANA PARK X40#0",2026-09-23 15:54:26.696532+00:00,2026-09-26 14:25:10.204350+00:00,70.51
-25.71093,28.0997776,ANDEON X14,FRED MESSENGER AVENUE,TSH,79900055,https://powerfailure.tshwane.gov.za/Tshwanesms/Map.aspx,"-25.7109,28.0998|ANDEON X14#0",2026-09-23 15:54:26.696532+00:00,2026-09-26 14:25:10.204350+00:00,70.51
-25.5885415,28.074247,SOSHANGUVE SOUTH X09,TENCH STREET,TSH,79900037,https://powerfailure.tshwane.gov.za/Tshwanesms/Map.aspx,"-25.5885,28.0742|SOSHANGUVE SOUTH X09#0",2026-09-23 15:54:26.696532+00:00,2026-09-26 14:25:10.204350+00:00,70.51
-25.5827866,28.0559826,SOSHANGUVE SOUTH X10,STAND 19176,TSH,79900037,https://powerfailure.tshwane.gov.za/Tshwanesms/Map.aspx,"-25.5828,28.0560|SOSHANGUVE SOUTH X10#0",2026-09-23 15:54:26.696532+00:00,2026-09-26 14:25:10.204350+00:00,70.51
-25.6611224,28.2433414,CHRISTIAANSVILLE AH,DR SWANEPOEL ROAD,TSH,79900096,https://powerfailure.tshwane.gov.za/Tshwanesms/Map.aspx,"-25.6611,28.2433|CHRISTIAANSVILLE AH#0",2026-09-23 15:54:26.696532+00:00,2026-09-26 14:25:10.204350+00:00,70.51
-25.6048602,28.1054499,SOSHANGUVE-A,STAND 933,TSH,79900090,https://powerfailure.tshwane.gov.za/Tshwanesms/Map.aspx,"-25.6049,28.1054|SOSHANGUVE-A#0",2026-09-23 15:54:26.696532+00:00,2026-09-26 14:25:10.204350+00:00,70.51
-25.6915607,28.2810963,DERDEPOORT 326-JR,HAWK STREET,TSH,79900087,https://powerfailure.tshwane.gov.za/Tshwanesms/Map.aspx,"-25.6916,28.2811|DERDEPOORT 326-JR#0",2026-09-25 10:58:56.127220+00:00,2026-09-26 14:25:10.204350+00:00,27.44
-25.6746952,28.1625937,DORANDIA,LINEATA STREET,TSH,79900002,https://powerfailure.tshwane.gov.za/Tshwanesms/Map.aspx,"-25.6747,28.1626|DORANDIA#0",2026-09-23 15:54:26.696532+00:00,2026-09-26 14:25:10.204350+00:00,70.51
-25.8546021,28.2148352,DORINGKLOOF,TUGELA AVENUE,TSH,79900078,https://powerfailure.tshwane.gov.za/Tshwanesms/Map.aspx,"-25.8546,28.2148|DORINGKLOOF#0",2026-09-23 15:54:26.696532+00:00,2026-09-26 14:25:10.204350+00:00,70.51
-25.8543927,28.2117205,DORINGKLOOF,SONJA STREET,TSH,79900078,https://powerfailure.tshwane.gov.za/Tshwanesms/Map.aspx,"-25.8544,28.2117|DORINGKLOOF#0",2026-09-23 15:54:26.696532+00:00,2026-09-26 14:25:10.204350+00:00,70.51
-25.8553035,28.211676,DORINGKLOOF,SELATI STREET,TSH,79900078,https://powerfailure.tshwane.gov.za/Tshwanesms/Map.aspx,"-25.8553,28.2117|DORINGKLOOF#0",2026-09-23 15:54:26.696532+00:00,2026-09-26 14:25:10.204350+00:00,70.51
-25.7631137,28.1171938,KWAGGASRAND,KRAAI STREET,TSH,79900003,https://powerfailure.tshwane.gov.za/Tshwanesms/Map.aspx,"-25.7631,28.1172|KWAGGASRAND#0",2026-09-25 10:58:56.127220+00:00,2026-09-26 14:25:10.204350+00:00,27.44
-25.7228124,28.3751594,MAMELODI,STAND 20758,TSH,79900015,https://powerfailure.tshwane.gov.za/Tshwanesms/Map.aspx,"-25.7228,28.3752|MAMELODI#0",2026-09-26 04:51:34.754667+00:00,2026-09-26 14:25:10.204350+00:00,9.56
-25.7258435,28.3972952,MAMELODI X03,STAND 21602,TSH,79900015,https://powerfailure.tshwane.gov.za/Tshwanesms/Map.aspx,"-25.7258,28.3973|MAMELODI X03#0",2026-09-23 15:54:26.696532+00:00,2026-09-26 14:25:10.204350+00:00,70.51
-25.7349625,28.3479995,NELLMAPIUS,SWARTKOPPIES AVENUE,TSH,79900086,https://powerfailure.tshwane.gov.za/Tshwanesms/Map.aspx,"-25.7350,28.3480|NELLMAPIUS#0",2026-09-26 14:25:10.204350+00:00,2026-09-26 14:25:10.204350+00:00,0.0
-25.7353565,28.3492383,NELLMAPIUS,MAPIUS- PLACE,TSH,79900086,https://powerfailure.tshwane.gov.za/Tshwanesms/Map.aspx,"-25.7354,28.3492|NELLMAPIUS#0",2026-09-26 14:25:10.204350+00:00,2026-09-26 14:25:10.204350+00:00,0.0
-25.7391024,28.3498192,NELLMAPIUS,BURGERSFORT STREET,TSH,79900086,https://powerfailure.tshwane.gov.za/Tshwanesms/Map.aspx,"-25.7391,28.3498|NELLMAPIUS#0",2026-09-26 14:25:10.204350+00:00,2026-09-26 14:25:10.204350+00:00,0.0
-25.7404839,28.3485445,NELLMAPIUS,BIGHT,TSH,79900086,https://powerfailure.tshwane.gov.za/Tshwanesms/Map.aspx,"-25.7405,28.3485|NELLMAPIUS#0",2026-09-23 15:54:26.696532+00:00,2026-09-26 14:25:10.204350+00:00,70.51
-25.7404839,28.3485445,NELLMAPIUS,FATLHA STREET,TSH,79900086,https://powerfailure.tshwane.gov.za/Tshwanesms/Map.aspx,"-25.7405,28.3485|NELLMAPIUS#1",2026-09-23 15:54:26.696532+00:00,2026-09-26 14:25:10.204350+00:00,70.51
-25.7404839,28.3485445,NELLMAPIUS,MOTITNTINYANE STREET,TSH,79900086,https://powerfailure.tshwane.gov.za/Tshwanesms/Map.aspx,"-25.7405,28.3485|NELLMAPIUS#2",2026-09-23 15:54:26.696532+00:00,2026-09-26 14:25:10.204350+00:00,70.51
-25.7404839,28.3485445,NELLMAPIUS,STAND,TSH,79900086,https://powerfailure.tshwane.gov.za/Tshwanesms/Map.aspx,"-25.7405,28.3485|NELLMAPIUS#3",2026-09-23 15:54:26.696532+00:00,2026-09-26 14:25:10.204350+00:00,70.51
-25.740205,28.3474248,NELLMAPIUS,LOERIESFONTEIN CRESCENT,TSH,79900086,https://powerfailure.tshwane.gov.za/Tshwanesms/Map.aspx,"-25.7402,28.3474|NELLMAPIUS#0",2026-09-26 14:25:10.204350+00:00,2026-09-26 14:25:10.204350+00:00,0.0
-25.7314281,28.3675094,NELLMAPIUS X03,ACES STREET,TSH,79900086,https://powerfailure.tshwane.gov.za/Tshwanesms/Map.aspx,"-25.7314,28.3675|NELLMAPIUS X03#0",2026-09-23 15:54:26.696532+00:00,2026-09-26 14:25:10.204350+00:00,70.51
-25.7303586,28.3678467,NELLMAPIUS X03,BLACKLEOPARD STREET,TSH,79900086,https://powerfailure.tshwane.gov.za/Tshwanesms/Map.aspx,"-25.7304,28.3678|NELLMAPIUS X03#0",2026-09-23 15:54:26.696532+00:00,2026-09-26 14:25:10.204350+00:00,70.51
-25.7333438,28.3621558,NELLMAPIUS X04,HALLELUJAH CRESCENT,TSH,79900028,https://powerfailure.tshwane.gov.za/Tshwanesms/Map.aspx,"-25.7333,28.3622|NELLMAPIUS X04#0",2026-09-26 14:25:10.204350+00:00,2026-09-26 14:25:10.204350+00:00,0.0
-25.8866051,28.133628,ROOIHUISKRAAL NOORD X24,KNOBWOOD CLOSE,TSH,79900048,https://powerfailure.tshwane.gov.za/Tshwanesms/Map.aspx,"-25.8866,28.1336|ROOIHUISKRAAL NOORD X24#0",2026-09-26 04:51:34.754667+00:00,2026-09-26 14:25:10.204350+00:00,9.56
-25.6771615,28.1560852,TILEBA,LEON STREET,TSH,79900098,https://powerfailure.tshwane.gov.za/Tshwanesms/Map.aspx,"-25.6772,28.1561|TILEBA#0",2026-09-23 15:54:26.696532+00:00,2026-09-26 14:25:10.204350+00:00,70.51
-25.7288582,28.2147947,RIETFONTEIN,15TH AVENUE,TSH,79900053,https://powerfailure.tshwane.gov.za/Tshwanesms/Map.aspx,"-25.7289,28.2148|RIETFONTEIN#0",2026-09-26 14:25:10.204350+00:00,2026-09-26 14:25:10.204350+00:00,0.0
-25.7227613,28.213794,RIETFONTEIN,15TH AVENUE,TSH,79900053,https://powerfailure.tshwane.gov.za/Tshwanesms/Map.aspx,"-25.7228,28.2138|RIETFONTEIN#0",2026-09-25 10:58:56.127220+00:00,2026-09-26 14:25:10.204350+00:00,27.44
-25.7073515,28.2171636,RIETFONTEIN,18TH AVENUE,TSH,79900054,https://powerfailure.tshwane.gov.za/Tshwanesms/Map.aspx,"-25.7074,28.2172|RIETFONTEIN#0",2026-09-25 10:58:56.127220+00:00,2026-09-26 14:25:10.204350+00:00,27.44
-25.635735,28.5282541,REFILWE X05,STAND,TSH,79900099,https://powerfailure.tshwane.gov.za/Tshwanesms/Map.aspx,"-25.6357,28.5283|REFILWE X05#0",2026-09-24 11:52:55.215094+00:00,2026-09-26 14:25:10.204350+00:00,50.54
-25.6282996,28.0607958,ROSSLYN X18,INSWEMPE STREET,TSH,79900037,https://powerfailure.tshwane.gov.za/Tshwanesms/Map.aspx,"-25.6283,28.0608|ROSSLYN X18#0",2026-09-25 05:01:45.026219+00:00,2026-09-26 14:25:10.204350+00:00,33.39
-25.6286379,28.0620497,ROSSLYN X18,INSWEMPE STREET,TSH,79900037,https://powerfailure.tshwane.gov.za/Tshwanesms/Map.aspx,"-25.6286,28.0620|ROSSLYN X18#0",2026-09-25 05:01:45.026219+00:00,2026-09-26 14:25:10.204350+00:00,33.39
-25.640307,28.1017189,THE ORCHARDS,ORANGE AVENUE,TSH,79900004,https://powerfailure.tshwane.gov.za/Tshwanesms/Map.aspx,"-25.6403,28.1017|THE ORCHARDS#0",2026-09-23 15:54:26.696532+00:00,2026-09-26 14:25:10.204350+00:00,70.51
-25.6422087,28.0995608,THE ORCHARDS,PLANTAIN AVENUE,TSH,79900004,https://powerfailure.tshwane.gov.za/Tshwanesms/Map.aspx,"-25.6422,28.0996|THE ORCHARDS#0",2026-09-23 15:54:26.696532+00:00,2026-09-26 14:25:10.204350+00:00,70.51
-25.6416337,28.099661,THE ORCHARDS,PLANTAIN AVENUE,TSH,79900004,https://powerfailure.tshwane.gov.za/Tshwanesms/Map.aspx,"-25.6416,28.0997|THE ORCHARDS#0",2026-09-23 15:54:26.696532+00:00,2026-09-26 14:25:10.204350+00:00,70.51
-25.6496195,28.1055015,THE ORCHARDS X03,DORFLING STREET,TSH,79900004,https://powerfailure.tshwane.gov.za/Tshwanesms/Map.aspx,"-25.6496,28.1055|THE ORCHARDS X03#0",2026-09-23 15:54:26.696532+00:00,2026-09-26 14:25:10.204350+00:00,70.51
-25.6515251,28.1036647,THE ORCHARDS X03,JENSEN ROAD,TSH,79900004,https://powerfailure.tshwane.gov.za/Tshwanesms/Map.aspx,"-25.6515,28.1037|THE ORCHARDS X03#0",2026-09-24 11:52:55.215094+00:00,2026-09-26 14:25:10.204350+00:00,50.54
-25.6514433,28.1067948,THE ORCHARDS X03,JENSEN ROAD,TSH,79900004,https://powerfailure.tshwane.gov.za/Tshwanesms/Map.aspx,"-25.6514,28.1068|THE ORCHARDS X03#0",2026-09-23 15:54:26.696532+00:00,2026-09-26 14:25:10.204350+00:00,70.51
-25.6450347,28.1033752,THE ORCHARDS X10,KIRKNESS ROAD,TSH,79900004,https://powerfailure.tshwane.gov.za/Tshwanesms/Map.aspx,"-25.6450,28.1034|THE ORCHARDS X10#0",2026-09-23 15:54:26.696532+00:00,2026-09-26 14:25:10.204350+00:00,70.51
-25.6457618,28.1086111,THE ORCHARDS X10,SEYMORE ROAD,TSH,79900004,https://powerfailure.tshwane.gov.za/Tshwanesms/Map.aspx,"-25.6458,28.1086|THE ORCHARDS X10#0",2026-09-23 15:54:26.696532+00:00,2026-09-26 14:25:10.204350+00:00,70.51
-25.7494612,28.1621162,PRETORIA,MALTZAN STREET,TSH,79900003,https://powerfailure.tshwane.gov.za/Tshwanesms/Map.aspx,"-25.7495,28.1621|PRETORIA#0",2026-09-25 17:15:35.006199+00:00,2026-09-26 14:25:10.204350+00:00,21.16
-25.7475747,28.1612832,PRETORIA,WF NKOMO STREET,TSH,79900003,https://powerfailure.tshwane.gov.za/Tshwanesms/Map.aspx,"-25.7476,28.1613|PRETORIA#0",2026-09-23 15:54:26.696532+00:00,2026-09-26 14:25:10.204350+00:00,70.51
-25.725931,28.2221095,VILLIERIA,EBEN ROUX STREET,TSH,79900053,https://powerfailure.tshwane.gov.za/Tshwanesms/Map.aspx,"-25.7259,28.2221|VILLIERIA#0",2026-09-26 14:25:10.204350+00:00,2026-09-26 14:25:10.204350+00:00,0.0
-25.7264843,28.218063,VILLIERIA,18TH AVENUE,TSH,79900053,https://powerfailure.tshwane.gov.za/Tshwanesms/Map.aspx,"-25.7265,28.2181|VILLIERIA#0",2026-09-26 14:25:10.204350+00:00,2026-09-26 14:25:10.204350+00:00,0.0
-25.7832557,28.3631978,NEWMARK ESTATE,DALEEN STREET,TSH,79900101,https://powerfailure.tshwane.gov.za/Tshwanesms/Map.aspx,"-25.7833,28.3632|NEWMARK ESTATE#0",2026-09-23 15:54:26.696532+00:00,2026-09-26 14:25:10.204350+00:00,70.51
-25.7200786,28.7115682,RETHABISENG X01,RETHABISENG,TSH,79900103,https://powerfailure.tshwane.gov.za/Tshwanesms/Map.aspx,"-25.7201,28.7116|RETHABISENG X01#0",2026-09-23 15:54:26.696532+00:00,2026-09-26 14:25:10.204350+00:00,70.51
-25.7230248,28.7154825,RETHABISENG X04,RETHABISENG,TSH,79900103,https://powerfailure.tshwane.gov.za/Tshwanesms/Map.aspx,"-25.7230,28.7155|RETHABISENG X04#0",2026-09-24 11:52:55.215094+00:00,2026-09-26 14:25:10.204350+00:00,50.54
-25.4625572,28.091456,SOSHANGUVE-GG,STAND 559,TSH,79900094,https://powerfailure.tshwane.gov.za/Tshwanesms/Map.aspx,"-25.4626,28.0915|SOSHANGUVE-GG#0",2026-09-26 14:25:10.204350+00:00,2026-09-26 14:25:10.204350+00:00,0.0
-25.58337,28.2419442,PYRAMID ESTATE AH,A29657,TSH,79900096,https://powerfailure.tshwane.gov.za/Tshwanesms/Map.aspx,"-25.5834,28.2419|PYRAMID ESTATE AH#0",2026-09-23 15:54:26.696532+00:00,2026-09-26 14:25:10.204350+00:00,70.51
-25.6879473,27.9143185,ZILKAATSNEK 439-JQ,ZN-081-06S-08,NW372,63702019,https://powerfailure.tshwane.gov.za/Tshwanesms/Map.aspx,"-25.6879,27.9143|ZILKAATSNEK 439-JQ#0",2026-09-23 15:54:26.696532+00:00,2026-09-26 14:25:10.204350+00:00,70.51
-25.4762894,28.0835352,SOSHANGUVE-NN,STAND 1218,TSH,79900011,https://powerfailure.tshwane.gov.za/Tshwanesms/Map.aspx,"-25.4763,28.0835|SOSHANGUVE-NN#0",2026-09-23 15:54:26.696532+00:00,2026-09-26 14:25:10.204350+00:00,70.51
-25.4743061,28.0849097,SOSHANGUVE-NN,STAND 1299,TSH,79900011,https://powerfailure.tshwane.gov.za/Tshwanesms/Map.aspx,"-25.4743,28.0849|SOSHANGUVE-NN#0",2026-09-23 15:54:26.696532+00:00,2026-09-26 14:25:10.204350+00:00,70.51
-25.4745657,28.0851478,SOSHANGUVE-NN,STAND 1324,TSH,79900011,https://powerfailure.tshwane.gov.za/Tshwanesms/Map.aspx,"-25.4746,28.0851|SOSHANGUVE-NN#0",2026-09-23 15:54:26.696532+00:00,2026-09-26 14:25:10.204350+00:00,70.51
-25.8849185,28.0964076,MONAVONI AH,LOUISE ROAD,TSH,79900048,https://powerfailure.tshwane.gov.za/Tshwanesms/Map.aspx,"-25.8849,28.0964|MONAVONI AH#0",2026-09-26 04:51:34.754667+00:00,2026-09-26 14:25:10.204350+00:00,9.56
-25.8862358,28.0925934,MONAVONI AH,MARIAS AVENUE,TSH,79900048,https://powerfailure.tshwane.gov.za/Tshwanesms/Map.aspx,"-25.8862,28.0926|MONAVONI AH#0",2026-09-26 04:51:34.754667+00:00,2026-09-26 14:25:10.204350+00:00,9.56
-25.6591942,28.246093,MONTANA X92,KLIPPAN ROAD,TSH,79900096,https://powerfailure.tshwane.gov.za/Tshwanesms/Map.aspx,"-25.6592,28.2461|MONTANA X92#0",2026-09-25 10:58:56.127220+00:00,2026-09-26 14:25:10.204350+00:00,27.44
-25.8541777,28.1429728,WIERDAPARK,WILLEM BOTHA STREET,TSH,79900070,https://powerfailure.tshwane.gov.za/Tshwanesms/Map.aspx,"-25.8542,28.1430|WIERDAPARK#0",2026-09-23 15:54:26.696532+00:00,2026-09-26 14:25:10.204350+00:00,70.51
-25.8562103,28.1466378,WIERDAPARK,KOEDOE STREET,TSH,79900070,https://powerfailure.tshwane.gov.za/Tshwanesms/Map.aspx,"-25.8562,28.1466|WIERDAPARK#0",2026-09-23 15:54:26.696532+00:00,2026-09-26 14:25:10.204350+00:00,70.51
-25.8563319,28.1458386,WIERDAPARK,KOEDOE STREET,TSH,79900070,https://powerfailure.tshwane.gov.za/Tshwanesms/Map.aspx,"-25.8563,28.1458|WIERDAPARK#0",2026-09-23 15:54:26.696532+00:00,2026-09-26 14:25:10.204350+00:00,70.51
-25.8595727,28.1493631,WIERDAPARK,FRIEDERICHE STREET,TSH,79900070,https://powerfailure.tshwane.gov.za/Tshwanesms/Map.aspx,"-25.8596,28.1494|WIERDAPARK#0",2026-09-23 15:54:26.696532+00:00,2026-09-26 14:25:10.204350+00:00,70.51
-25.8576663,28.150414,WIERDAPARK,SUSAN STREET,TSH,79900070,https://powerfailure.tshwane.gov.za/Tshwanesms/Map.aspx,"-25.8577,28.1504|WIERDAPARK#0",2026-09-23 15:54:26.696532+00:00,2026-09-26 14:25:10.204350+00:00,70.51
-25.8603721,28.1457723,WIERDAPARK,GEMSBOK STREET,TSH,79900070,https://powerfailure.tshwane.gov.za/Tshwanesms/Map.aspx,"-25.8604,28.1458|WIERDAPARK#0",2026-09-23 15:54:26.696532+00:00,2026-09-26 14:25:10.204350+00:00,70.51
-25.8604044,28.1467172,WIERDAPARK,HENDRIK STREET,TSH,79900070,https://powerfailure.tshwane.gov.za/Tshwanesms/Map.aspx,"-25.8604,28.1467|WIERDAPARK#0",2026-09-23 15:54:26.696532+00:00,2026-09-26 14:25:10.204350+00:00,70.51
-25.8615225,28.148321,WIERDAPARK,WILHELMINA STREET,TSH,79900070,https://powerfailure.tshwane.gov.za/Tshwanesms/Map.aspx,"-25.8615,28.1483|WIERDAPARK#0",2026-09-23 15:54:26.696532+00:00,2026-09-26 14:25:10.204350+00:00,70.51
-25.8598719,28.1402671,WIERDAPARK,THEUNS VAN NIEKERK STREET,TSH,79900070,https://powerfailure.tshwane.gov.za/Tshwanesms/Map.aspx,"-25.8599,28.1403|WIERDAPARK#0",2026-09-23 15:54:26.696532+00:00,2026-09-26 14:25:10.204350+00:00,70.51
-25.8595833,28.1411487,WIERDAPARK,KOEDOE STREET,TSH,79900070,https://powerfailure.tshwane.gov.za/Tshwanesms/Map.aspx,"-25.8596,28.1411|WIERDAPARK#0",2026-09-23 15:54:26.696532+00:00,2026-09-26 14:25:10.204350+00:00,70.51
-25.8612071,28.1414869,WIERDAPARK,ELAND STREET,TSH,79900070,https://powerfailure.tshwane.gov.za/Tshwanesms/Map.aspx,"-25.8612,28.1415|WIERDAPARK#0",2026-09-23 15:54:26.696532+00:00,2026-09-26 14:25:10.204350+00:00,70.51
-25.8615728,28.1450442,WIERDAPARK,CHRIS HOUGAARD STREET,TSH,79900070,https://powerfailure.tshwane.gov.za/Tshwanesms/Map.aspx,"-25.8616,28.1450|WIERDAPARK#0",2026-09-23 15:54:26.696532+00:00,2026-09-26 14:25:10.204350+00:00,70.51
-25.8609945,28.1401955,WIERDAPARK,KOEDOE STREET,TSH,79900070,https://powerfailure.tshwane.gov.za/Tshwanesms/Map.aspx,"-25.8610,28.1402|WIERDAPARK#0",2026-09-23 15:54:26.696532+00:00,2026-09-26 14:25:10.204350+00:00,70.51
-25.8675353,28.1401229,WIERDAPARK,BADENHORST STREET,TSH,79900070,https://powerfailure.tshwane.gov.za/Tshwanesms/Map.aspx,"-25.8675,28.1401|WIERDAPARK#0",2026-09-23 15:54:26.696532+00:00,2026-09-26 14:25:10.204350+00:00,70.51
-25.7446002,28.2831109,BRUMMERIA,KUISIS ROAD,TSH,79900046,https://powerfailure.tshwane.gov.za/Tshwanesms/Map.aspx,"-25.7446,28.2831|BRUMMERIA#0",2026-09-23 15:54:26.696532+00:00,2026-09-26 14:25:10.204350+00:00,70.51
-25.6664899,28.1135255,KARENPARK,MARANTA AVENUE,TSH,79900004,https://powerfailure.tshwane.gov.za/Tshwanesms/Map.aspx,"-25.6665,28.1135|KARENPARK#0",2026-09-23 15:54:26.696532+00:00,2026-09-26 14:25:10.204350+00:00,70.51
-25.662158,28.1069536,KARENPARK,BREEKHOUT,TSH,79900004,https://powerfailure.tshwane.gov.za/Tshwanesms/Map.aspx,"-25.6622,28.1070|KARENPARK#0",2026-09-23 15:54:26.696532+00:00,2026-09-26 14:25:10.204350+00:00,70.51
-25.6627048,28.105665,KARENPARK X19,LOTUS CRESCENT (STAND 878/34),TSH,79900004,https://powerfailure.tshwane.gov.za/Tshwanesms/Map.aspx,"-25.6627,28.1057|KARENPARK X19#0",2026-09-25 11:54:53.380939+00:00,2026-09-26 14:25:10.204350+00:00,26.5
-25.8583398,28.2130386,DORINGKLOOF,SEDER AVENUE,TSH,79900078,https://powerfailure.tshwane.gov.za/Tshwanesms/Map.aspx,"-25.8583,28.2130|DORINGKLOOF#0",2026-09-23 15:54:26.696532+00:00,2026-09-26 14:25:10.204350+00:00,70.51
-25.6453958,28.2365261,DOORNPOORT,VYEBOOM ROAD,TSH,79900096,https://powerfailure.tshwane.gov.za/Tshwanesms/Map.aspx,"-25.6454,28.2365|DOORNPOORT#0",2026-09-25 10:58:56.127220+00:00,2026-09-26 14:25:10.204350+00:00,27.44
-25.6451193,28.2355593,DOORNPOORT,OLIENHOUTBOOM ROAD,TSH,79900096,https://powerfailure.tshwane.gov.za/Tshwanesms/Map.aspx,"-25.6451,28.2356|DOORNPOORT#0",2026-09-25 10:58:56.127220+00:00,2026-09-26 14:25:10.204350+00:00,27.44
-25.6437123,28.2304279,DOORNPOORT,RAASBLAAR ROAD,TSH,79900096,https://powerfailure.tshwane.gov.za/Tshwanesms/Map.aspx,"-25.6437,28.2304|DOORNPOORT#0",2026-09-25 10:58:56.127220+00:00,2026-09-26 14:25:10.204350+00:00,27.44
-25.6526939,28.2424472,DOORNPOORT,FOXGLOVE STREET,TSH,79900096,https://powerfailure.tshwane.gov.za/Tshwanesms/Map.aspx,"-25.6527,28.2424|DOORNPOORT#0",2026-09-25 10:58:56.127220+00:00,2026-09-26 14:25:10.204350+00:00,27.44
-25.6508332,28.2404654,DOORNPOORT,KERSIEBOOM ROAD,TSH,79900096,https://powerfailure.tshwane.gov.za/Tshwanesms/Map.aspx,"-25.6508,28.2405|DOORNPOORT#0",2026-09-25 10:58:56.127220+00:00,2026-09-26 14:25:10.204350+00:00,27.44
-25.6512416,28.2316265,DOORNPOORT,POLO PLACE,TSH,79900096,https://powerfailure.tshwane.gov.za/Tshwanesms/Map.aspx,"-25.6512,28.2316|DOORNPOORT#0",2026-09-25 10:58:56.127220+00:00,2026-09-26 14:25:10.204350+00:00,27.44
-25.6525689,28.248254,DOORNPOORT X01,GAMBRY AVENUE,TSH,79900096,https://powerfailure.tshwane.gov.za/Tshwanesms/Map.aspx,"-25.6526,28.2483|DOORNPOORT X01#0",2026-09-25 10:58:56.127220+00:00,2026-09-26 14:25:10.204350+00:00,27.44
-25.652628,28.2475601,DOORNPOORT X01,EBBEHOUT STREET,TSH,79900096,https://powerfailure.tshwane.gov.za/Tshwanesms/Map.aspx,"-25.6526,28.2476|DOORNPOORT X01#0",2026-09-25 10:58:56.127220+00:00,2026-09-26 14:25:10.204350+00:00,27.44
-25.6500717,28.2461917,DOORNPOORT X06,AIRPORT ROAD,TSH,79900096,https://powerfailure.tshwane.gov.za/Tshwanesms/Map.aspx,"-25.6501,28.2462|DOORNPOORT X06#0",2026-09-25 10:58:56.127220+00:00,2026-09-26 14:25:10.204350+00:00,27.44
-25.6475588,28.2461938,DOORNPOORT X06,OKKERNEUT CRESCENT,TSH,79900096,https://powerfailure.tshwane.gov.za/Tshwanesms/Map.aspx,"-25.6476,28.2462|DOORNPOORT X06#0",2026-09-25 10:58:56.127220+00:00,2026-09-26 14:25:10.204350+00:00,27.44
-25.6513693,28.2711058,DOORNPOORT X41,RIVEA STREET,TSH,79900096,https://powerfailure.tshwane.gov.za/Tshwanesms/Map.aspx,"-25.6514,28.2711|DOORNPOORT X41#0",2026-09-23 15:54:26.696532+00:00,2026-09-26 14:25:10.204350+00:00,70.51
-25.9201414,28.260552,DOORNKLOOF 391-JR,PL I-77-57-16-3-11-56-1,TSH,79900065,https://powerfailure.tshwane.gov.za/Tshwanesms/Map.aspx,"-25.9201,28.2606|DOORNKLOOF 391-JR#0",2026-09-23 15:54:26.696532+00:00,2026-09-26 14:25:10.204350+00:00,70.51
-25.6837356,28.157522,FLORAUNA,SANDAPPEL AVENUE,TSH,79900002,https://powerfailure.tshwane.gov.za/Tshwanesms/Map.aspx,"-25.6837,28.1575|FLORAUNA#0",2026-09-26 14:25:10.204350+00:00,2026-09-26 14:25:10.204350+00:00,0.0
-25.6805215,28.1625878,FLORAUNA X01,OXALIS AVENUE,TSH,79900002,https://powerfailure.tshwane.gov.za/Tshwanesms/Map.aspx,"-25.6805,28.1626|FLORAUNA X01#0",2026-09-23 15:54:26.696532+00:00,2026-09-26 14:25:10.204350+00:00,70.51
-25.4901838,28.1386677,SOSHANGUVE-Y,STAND 358,TSH,79900088,https://powerfailure.tshwane.gov.za/Tshwanesms/Map.aspx,"-25.4902,28.1387|SOSHANGUVE-Y#0",2026-09-23 15:54:26.696532+00:00,2026-09-26 14:25:10.204350+00:00,70.51
-25.7183567,28.3655658,MAMELODI,STAND 19392,TSH,79900028,https://powerfailure.tshwane.gov.za/Tshwanesms/Map.aspx,"-25.7184,28.3656|MAMELODI#0",2026-09-23 15:54:26.696532+00:00,2026-09-26 14:25:10.204350+00:00,70.51
-25.6988195,28.1509599,MOUNTAIN VIEW,IRVINE AVENUE,TSH,79900001,https://powerfailure.tshwane.gov.za/Tshwanesms/Map.aspx,"-25.6988,28.1510|MOUNTAIN VIEW#0",2026-09-25 17:15:35.006199+00:00,2026-09-26 14:25:10.204350+00:00,21.16
-25.6998222,28.1705357,MOUNTAIN VIEW,GROBLER STREET,TSH,79900054,https://powerfailure.tshwane.gov.za/Tshwanesms/Map.aspx,"-25.6998,28.1705|MOUNTAIN VIEW#0",2026-09-24 11:52:55.215094+00:00,2026-09-26 14:25:10.204350+00:00,50.54
-25.7675117,28.2235526,MUCKLENEUK,CHARLES BRAMLEY STREET,TSH,79900056,https://powerfailure.tshwane.gov.za/Tshwanesms/Map.aspx,"-25.7675,28.2236|MUCKLENEUK#0",2026-09-23 15:54:26.696532+00:00,2026-09-26 14:25:10.204350+00:00,70.51
-25.7535943,28.1354747,PROCLAMATION HILL,MERCURY STREET,TSH,79900003,https://powerfailure.tshwane.gov.za/Tshwanesms/Map.aspx,"-25.7536,28.1355|PROCLAMATION HILL#0",2026-09-25 10:58:56.127220+00:00,2026-09-26 14:25:10.204350+00:00,27.44
-25.7273816,28.2510622,QUEENSWOOD,CARTER AVENUE,TSH,79900084,https://powerfailure.tshwane.gov.za/Tshwanesms/Map.aspx,"-25.7274,28.2511|QUEENSWOOD#0",2026-09-24 17:14:48.543546+00:00,2026-09-26 14:25:10.204350+00:00,45.17
-25.7288289,28.2531536,QUEENSWOOD,STOREY STREET,TSH,79900084,https://powerfailure.tshwane.gov.za/Tshwanesms/Map.aspx,"-25.7288,28.2532|QUEENSWOOD#0",2026-09-26 14:25:10.204350+00:00,2026-09-26 14:25:10.204350+00:00,0.0
-25.7302628,28.2575763,QUEENSWOOD,DUNSTAN ROAD,TSH,79900084,https://powerfailure.tshwane.gov.za/Tshwanesms/Map.aspx,"-25.7303,28.2576|QUEENSWOOD#0",2026-09-26 14:25:10.204350+00:00,2026-09-26 14:25:10.204350+00:00,0.0
-25.7293723,28.2547924,QUEENSWOOD,STOREY STREET,TSH,79900084,https://powerfailure.tshwane.gov.za/Tshwanesms/Map.aspx,"-25.7294,28.2548|QUEENSWOOD#0",2026-09-26 14:25:10.204350+00:00,2026-09-26 14:25:10.204350+00:00,0.0
-25.664748,28.2332317,SINOVILLE X04,HENRY CRESCENT,TSH,79900096,https://powerfailure.tshwane.gov.za/Tshwanesms/Map.aspx,"-25.6647,28.2332|SINOVILLE X04#0",2026-09-25 10:58:56.127220+00:00,2026-09-26 14:25:10.204350+00:00,27.44
-25.6573433,28.2337277,SINOVILLE X06,H O MONNIG STREET,TSH,79900096,https://powerfailure.tshwane.gov.za/Tshwanesms/Map.aspx,"-25.6573,28.2337|SINOVILLE X06#0",2026-09-25 10:58:56.127220+00:00,2026-09-26 14:25:10.204350+00:00,27.44
-25.6580529,28.2349861,SINOVILLE X06,JAN BANTJIES ROAD,TSH,79900096,https://powerfailure.tshwane.gov.za/Tshwanesms/Map.aspx,"-25.6581,28.2350|SINOVILLE X06#0",2026-09-25 10:58:56.127220+00:00,2026-09-26 14:25:10.204350+00:00,27.44
-25.6612581,28.2332393,SINOVILLE X06,S H PELLISSIER STREET,TSH,79900096,https://powerfailure.tshwane.gov.za/Tshwanesms/Map.aspx,"-25.6613,28.2332|SINOVILLE X06#0",2026-09-25 10:58:56.127220+00:00,2026-09-26 14:25:10.204350+00:00,27.44
-25.6618708,28.234548,SINOVILLE X06,JAN BANTJIES ROAD,TSH,79900096,https://powerfailure.tshwane.gov.za/Tshwanesms/Map.aspx,"-25.6619,28.2345|SINOVILLE X06#0",2026-09-25 10:58:56.127220+00:00,2026-09-26 14:25:10.204350+00:00,27.44
-25.8235646,28.2550778,WATERKLOOF 378-JR,PL R-100-12-03-02,TSH,79900079,https://powerfailure.tshwane.gov.za/Tshwanesms/Map.aspx,"-25.8236,28.2551|WATERKLOOF 378-JR#0",2026-09-23 15:54:26.696532+00:00,2026-09-26 14:25:10.204350+00:00,70.51
-25.7836685,28.2340928,WATERKLOOF RIDGE,RIGEL AVENUE,TSH,79900042,https://powerfailure.tshwane.gov.za/Tshwanesms/Map.aspx,"-25.7837,28.2341|WATERKLOOF RIDGE#0",2026-09-25 17:15:35.006199+00:00,2026-09-26 14:25:10.204350+00:00,21.16
-25.814952,28.2479102,WATERKLOOF RIDGE X02,KOEDOESNEK AVENUE,TSH,79900042,https://powerfailure.tshwane.gov.za/Tshwanesms/Map.aspx,"-25.8150,28.2479|WATERKLOOF RIDGE X02#0",2026-09-26 14:25:10.204350+00:00,2026-09-26 14:25:10.204350+00:00,0.0
-25.8112222,28.7150601,RIAMARPARK,PROTEA ROAD,TSH,79900102,https://powerfailure.tshwane.gov.za/Tshwanesms/Map.aspx,"-25.8112,28.7151|RIAMARPARK#0",2026-09-23 15:54:26.696532+00:00,2026-09-26 14:25:10.204350+00:00,70.51
-25.7650383,28.0729731,ATTERIDGEVILLE,SITHOLE STREET,TSH,79900062,https://powerfailure.tshwane.gov.za/Tshwanesms/Map.aspx,"-25.7650,28.0730|ATTERIDGEVILLE#0",2026-09-26 04:51:34.754667+00:00,2026-09-26 14:25:10.204350+00:00,9.56
-25.5946572,28.0985323,SOSHANGUVE -EAST,UMABU STREET,TSH,79900090,https://powerfailure.tshwane.gov.za/Tshwanesms/Map.aspx,"-25.5947,28.0985|SOSHANGUVE -EAST#0",2026-09-23 15:54:26.696532+00:00,2026-09-26 14:25:10.204350+00:00,70.51
-25.4830649,28.1086099,SOSHANGUVE-DD,STAND 148,TSH,79900088,https://powerfailure.tshwane.gov.za/Tshwanesms/Map.aspx,"-25.4831,28.1086|SOSHANGUVE-DD#0",2026-09-23 15:54:26.696532+00:00,2026-09-26 14:25:10.204350+00:00,70.51
-25.4822741,28.1104058,SOSHANGUVE-DD,STAND 205,TSH,79900088,https://powerfailure.tshwane.gov.za/Tshwanesms/Map.aspx,"-25.4823,28.1104|SOSHANGUVE-DD#0",2026-09-23 15:54:26.696532+00:00,2026-09-26 14:25:10.204350+00:00,70.51
-25.5148648,28.1018886,SOSHANGUVE-F,STAND 1947,TSH,79900029,https://powerfailure.tshwane.gov.za/Tshwanesms/Map.aspx,"-25.5149,28.1019|SOSHANGUVE-F#0",2026-09-23 15:54:26.696532+00:00,2026-09-26 14:25:10.204350+00:00,70.51
-25.7765427,28.2117491,GROENKLOOF,HERBERT BAKER STREET,TSH,79900059,https://powerfailure.tshwane.gov.za/Tshwanesms/Map.aspx,"-25.7765,28.2117|GROENKLOOF#0",2026-09-23 15:54:26.696532+00:00,2026-09-26 14:25:10.204350+00:00,70.51
-25.77486,28.2117679,GROENKLOOF,VAN WOUW STREET,TSH,79900059,https://powerfailure.tshwane.gov.za/Tshwanesms/Map.aspx,"-25.7749,28.2118|GROENKLOOF#0",2026-09-23 15:54:26.696532+00:00,2026-09-26 14:25:10.204350+00:00,70.51
-25.7764728,28.2134029,GROENKLOOF,HERBERT BAKER STREET,TSH,79900059,https://powerfailure.tshwane.gov.za/Tshwanesms/Map.aspx,"-25.7765,28.2134|GROENKLOOF#0",2026-09-23 15:54:26.696532+00:00,2026-09-26 14:25:10.204350+00:00,70.51
-25.7767862,28.2151137,GROENKLOOF,VAN WOUW STREET,TSH,79900059,https://powerfailure.tshwane.gov.za/Tshwanesms/Map.aspx,"-25.7768,28.2151|GROENKLOOF#0",2026-09-23 15:54:26.696532+00:00,2026-09-26 14:25:10.204350+00:00,70.51
-25.7725876,28.210687,GROENKLOOF,VAN WOUW STREET,TSH,79900059,https://powerfailure.tshwane.gov.za/Tshwanesms/Map.aspx,"-25.7726,28.2107|GROENKLOOF#0",2026-09-23 15:54:26.696532+00:00,2026-09-26 14:25:10.204350+00:00,70.51
-25.7735962,28.2121135,GROENKLOOF,WENNING STREET,TSH,79900059,https://powerfailure.tshwane.gov.za/Tshwanesms/Map.aspx,"-25.7736,28.2121|GROENKLOOF#0",2026-09-23 15:54:26.696532+00:00,2026-09-26 14:25:10.204350+00:00,70.51
-25.7715823,28.2120628,GROENKLOOF,GEORGE STORRAR DRIVE,TSH,79900059,https://powerfailure.tshwane.gov.za/Tshwanesms/Map.aspx,"-25.7716,28.2121|GROENKLOOF#0",2026-09-23 15:54:26.696532+00:00,2026-09-26 14:25:10.204350+00:00,70.51
-25.7743324,28.2139433,GROENKLOOF,WENNING STREET,TSH,79900059,https://powerfailure.tshwane.gov.za/Tshwanesms/Map.aspx,"-25.7743,28.2139|GROENKLOOF#0",2026-09-23 15:54:26.696532+00:00,2026-09-26 14:25:10.204350+00:00,70.51
-25.7276033,28.0316067,UITZICHT ALIAS RIETVALEI 314-JR,121,TSH,79900055,https://powerfailure.tshwane.gov.za/Tshwanesms/Map.aspx,"-25.7276,28.0316|UITZICHT ALIAS RIETVALEI 314-JR#0",2026-09-25 17:15:35.006199+00:00,2026-09-26 14:25:10.204350+00:00,21.16
-25.7164108,28.058222,UITZICHT ALIAS RIETVALEI 314-JR,PL MVS-053-02N (PORTION 132),TSH,79900055,https://powerfailure.tshwane.gov.za/Tshwanesms/Map.aspx,"-25.7164,28.0582|UITZICHT ALIAS RIETVALEI 314-JR#0",2026-09-25 17:15:35.006199+00:00,2026-09-26 14:25:10.204350+00:00,21.16
-25.7480968,27.9806803,UITZICHT ALIAS RIETVALEI 314-JR,141,TSH,79900055,https://powerfailure.tshwane.gov.za/Tshwanesms/Map.aspx,"-25.7481,27.9807|UITZICHT ALIAS RIETVALEI 314-JR#0",2026-09-25 17:15:35.006199+00:00,2026-09-26 14:25:10.204350+00:00,21.16
-25.7365737,28.0460832,UITZICHT ALIAS RIETVALEI 314-JR,PL MVS-060-12S-14W (37),TSH,79900055,https://powerfailure.tshwane.gov.za/Tshwanesms/Map.aspx,"-25.7366,28.0461|UITZICHT ALIAS RIETVALEI 314-JR#0",2026-09-25 17:15:35.006199+00:00,2026-09-26 14:25:10.204350+00:00,21.16
-25.6733306,28.1285489,HEATHERDALE AH,STAND 82,TSH,79900098,https://powerfailure.tshwane.gov.za/Tshwanesms/Map.aspx,"-25.6733,28.1285|HEATHERDALE AH#0",2026-09-23 15:54:26.696532+00:00,2026-09-26 14:25:10.204350+00:00,70.51
-25.7234512,28.4355932,MAMELODI X22,RAMOKAKA CRESCENT,TSH,79900010,https://powerfailure.tshwane.gov.za/Tshwanesms/Map.aspx,"-25.7235,28.4356|MAMELODI X22#0",2026-09-23 15:54:26.696532+00:00,2026-09-26 14:25:10.204350+00:00,70.51
-25.7385138,28.3807457,NELLMAPIUS X08,PLATINUM STREET,TSH,79900015,https://powerfailure.tshwane.gov.za/Tshwanesms/Map.aspx,"-25.7385,28.3807|NELLMAPIUS X08#0",2026-09-23 15:54:26.696532+00:00,2026-09-26 14:25:10.204350+00:00,70.51
-25.9121808,28.1052033,OLIEVENHOUTBOS,THUDWA STREET,TSH,79900077,https://powerfailure.tshwane.gov.za/Tshwanesms/Map.aspx,"-25.9122,28.1052|OLIEVENHOUTBOS#0",2026-09-23 15:54:26.696532+00:00,2026-09-26 14:25:10.204350+00:00,70.51
-25.910521,28.0949947,OLIEVENHOUTBOS X13,UMPHAFA STREET,TSH,79900106,https://powerfailure.tshwane.gov.za/Tshwanesms/Map.aspx,"-25.9105,28.0950|OLIEVENHOUTBOS X13#0",2026-09-26 04:51:34.754667+00:00,2026-09-26 14:25:10.204350+00:00,9.56
-25.9172308,28.0917851,OLIEVENHOUTBOS X23,UMDLWANE STREET,TSH,79900106,https://powerfailure.tshwane.gov.za/Tshwanesms/Map.aspx,"-25.9172,28.0918|OLIEVENHOUTBOS X23#0",2026-09-26 04:51:34.754667+00:00,2026-09-26 14:25:10.204350+00:00,9.56
-25.6583101,28.3361196,KAMEELDRIFT 298-JR,PL DE 72-14-1,TSH,79900087,https://powerfailure.tshwane.gov.za/Tshwanesms/Map.aspx,"-25.6583,28.3361|KAMEELDRIFT 298-JR#0",2026-09-23 15:54:26.696532+00:00,2026-09-26 14:25:10.204350+00:00,70.51
-25.6603908,28.3344386,KAMEELDRIFT 298-JR,PL DE-072-16E-07-2W,TSH,79900087,https://powerfailure.tshwane.gov.za/Tshwanesms/Map.aspx,"-25.6604,28.3344|KAMEELDRIFT 298-JR#0",2026-09-23 15:54:26.696532+00:00,2026-09-26 14:25:10.204350+00:00,70.51
-25.9053477,28.1316797,THE REEDS X09,PORTER STREET,TSH,79900064,https://powerfailure.tshwane.gov.za/Tshwanesms/Map.aspx,"-25.9053,28.1317|THE REEDS X09#0",2026-09-26 04:51:34.754667+00:00,2026-09-26 14:25:10.204350+00:00,9.56
-25.9061169,28.138262,THE REEDS X09,IDA AVENUE,TSH,79900064,https://powerfailure.tshwane.gov.za/Tshwanesms/Map.aspx,"-25.9061,28.1383|THE REEDS X09#0",2026-09-26 04:51:34.754667+00:00,2026-09-26 14:25:10.204350+00:00,9.56
-25.9046574,28.1376702,THE REEDS X09,SANTIE AVENUE,TSH,79900064,https://powerfailure.tshwane.gov.za/Tshwanesms/Map.aspx,"-25.9047,28.1377|THE REEDS X09#0",2026-09-26 04:51:34.754667+00:00,2026-09-26 14:25:10.204350+00:00,9.56
-25.9080865,28.1370436,THE REEDS X09,CEDRICK STREET,TSH,79900064,https://powerfailure.tshwane.gov.za/Tshwanesms/Map.aspx,"-25.9081,28.1370|THE REEDS X09#0",2026-09-26 04:51:34.754667+00:00,2026-09-26 14:25:10.204350+00:00,9.56
-25.9045134,28.1469785,THE REEDS X02,BRENDA STREET,TSH,79900064,https://powerfailure.tshwane.gov.za/Tshwanesms/Map.aspx,"-25.9045,28.1470|THE REEDS X02#0",2026-09-26 14:25:10.204350+00:00,2026-09-26 14:25:10.204350+00:00,0.0
-25.9040538,28.1475923,THE REEDS X02,BRENDA STREET,TSH,79900064,https://powerfailure.tshwane.gov.za/Tshwanesms/Map.aspx,"-25.9041,28.1476|THE REEDS X02#0",2026-09-26 14:25:10.204350+00:00,2026-09-26 14:25:10.204350+00:00,0.0
-25.9075593,28.1443641,THE REEDS X19,FRANS STREET,TSH,79900064,https://powerfailure.tshwane.gov.za/Tshwanesms/Map.aspx,"-25.9076,28.1444|THE REEDS X19#0",2026-09-26 04:51:34.754667+00:00,2026-09-26 14:25:10.204350+00:00,9.56
-25.9107166,28.1444979,THE REEDS X20,ALPHEN CRESCENT,TSH,79900064,https://powerfailure.tshwane.gov.za/Tshwanesms/Map.aspx,"-25.9107,28.1445|THE REEDS X20#0",2026-09-26 14:25:10.204350+00:00,2026-09-26 14:25:10.204350+00:00,0.0
-25.8979193,28.1174645,THE REEDS X31,PRIDE OF MADEIRA STREET,TSH,79900064,https://powerfailure.tshwane.gov.za/Tshwanesms/Map.aspx,"-25.8979,28.1175|THE REEDS X31#0",2026-09-26 04:51:34.754667+00:00,2026-09-26 14:25:10.204350+00:00,9.56
-25.8945507,28.1161884,THE REEDS X37,ROOIBOS STREET,TSH,79900064,https://powerfailure.tshwane.gov.za/Tshwanesms/Map.aspx,"-25.8946,28.1162|THE REEDS X37#0",2026-09-26 04:51:34.754667+00:00,2026-09-26 14:25:10.204350+00:00,9.56
-25.855003,28.1349328,WIERDAPARK X06,GEELVINK ROAD,TSH,79900070,https://powerfailure.tshwane.gov.za/Tshwanesms/Map.aspx,"-25.8550,28.1349|WIERDAPARK X06#0",2026-09-23 15:54:26.696532+00:00,2026-09-26 14:25:10.204350+00:00,70.51
-25.872938,28.1572659,WIERDAPARK X02,ERMELO STREET,TSH,79900069,https://powerfailure.tshwane.gov.za/Tshwanesms/Map.aspx,"-25.8729,28.1573|WIERDAPARK X02#0",2026-09-23 15:54:26.696532+00:00,2026-09-26 14:25:10.204350+00:00,70.51
-25.7520797,28.362658,WILLOW PARK MANOR X65,MOKWA STREET,TSH,79900086,https://powerfailure.tshwane.gov.za/Tshwanesms/Map.aspx,"-25.7521,28.3627|WILLOW PARK MANOR X65#0",2026-09-24 11:52:55.215094+00:00,2026-09-26 14:25:10.204350+00:00,50.54
-25.6596808,28.1301341,ELDORETTE X01,JOHN,TSH,79900098,https://powerfailure.tshwane.gov.za/Tshwanesms/Map.aspx,"-25.6597,28.1301|ELDORETTE X01#0",2026-09-26 14:25:10.204350+00:00,2026-09-26 14:25:10.204350+00:00,0.0
-25.6882401,28.2601072,MONTANA PARK X40,BESEMBIESIE ROAD,TSH,79900005,https://powerfailure.tshwane.gov.za/Tshwanesms/Map.aspx,"-25.6882,28.2601|MONTANA PARK X40#0",2026-09-23 15:54:26.696532+00:00,2026-09-26 14:25:10.204350+00:00,70.51
-25.7258062,28.2175745,DEERNESS,18TH AVENUE,TSH,79900053,https://powerfailure.tshwane.gov.za/Tshwanesms/Map.aspx,"-25.7258,28.2176|DEERNESS#0",2026-09-26 14:25:10.204350+00:00,2026-09-26 14:25:10.204350+00:00,0.0
-25.7286682,28.2169637,DEERNESS,LYS STREET,TSH,79900053,https://powerfailure.tshwane.gov.za/Tshwanesms/Map.aspx,"-25.7287,28.2170|DEERNESS#0",2026-09-26 14:25:10.204350+00:00,2026-09-26 14:25:10.204350+00:00,0.0
-25.8429554,28.1141271,DELTOIDIA AH,DELTOIDA AVENUE,TSH,79900070,https://powerfailure.tshwane.gov.za/Tshwanesms/Map.aspx,"-25.8430,28.1141|DELTOIDIA AH#0",2026-09-26 14:25:10.204350+00:00,2026-09-26 14:25:10.204350+00:00,0.0
-25.6355207,28.2206556,DE ONDERSTEPOORT 300-JR,PL SP-061-03E,TSH,79900096,https://powerfailure.tshwane.gov.za/Tshwanesms/Map.aspx,"-25.6355,28.2207|DE ONDERSTEPOORT 300-JR#0",2026-09-23 15:54:26.696532+00:00,2026-09-26 14:25:10.204350+00:00,70.51
-25.6950429,28.2918739,DERDEPOORT 326-JR,TALITHA KUMI STREET (STAND 305),TSH,79900087,https://powerfailure.tshwane.gov.za/Tshwanesms/Map.aspx,"-25.6950,28.2919|DERDEPOORT 326-JR#0",2026-09-23 15:54:26.696532+00:00,2026-09-26 14:25:10.204350+00:00,70.51
-25.6859965,28.2981776,DERDEPOORT 326-JR,"NTABA STREET,PORTION 333/R",TSH,79900087,https://powerfailure.tshwane.gov.za/Tshwanesms/Map.aspx,"-25.6860,28.2982|DERDEPOORT 326-JR#0",2026-09-23 15:54:26.696532+00:00,2026-09-26 14:25:10.204350+00:00,70.51
-25.8621173,28.2005499,DORINGKLOOF,THEA AVENUE,TSH,79900078,https://powerfailure.tshwane.gov.za/Tshwanesms/Map.aspx,"-25.8621,28.2005|DORINGKLOOF#0",2026-09-23 15:54:26.696532+00:00,2026-09-26 14:25:10.204350+00:00,70.51
-25.8592212,28.2061392,DORINGKLOOF,KARIN AVENUE,TSH,79900078,https://powerfailure.tshwane.gov.za/Tshwanesms/Map.aspx,"-25.8592,28.2061|DORINGKLOOF#0",2026-09-23 15:54:26.696532+00:00,2026-09-26 14:25:10.204350+00:00,70.51
-25.7533904,28.117488,KWAGGASRAND,MOOIMEISIE STREET,TSH,79900003,https://powerfailure.tshwane.gov.za/Tshwanesms/Map.aspx,"-25.7534,28.1175|KWAGGASRAND#0",2026-09-25 17:15:35.006199+00:00,2026-09-26 14:25:10.204350+00:00,21.16
-25.6992018,27.8844183,ZILKAATSNEK 439-JQ,ZN 50/15/5E/1S,NW372,63702019,https://powerfailure.tshwane.gov.za/Tshwanesms/Map.aspx,"-25.6992,27.8844|ZILKAATSNEK 439-JQ#0",2026-09-23 15:54:26.696532+00:00,2026-09-26 14:25:10.204350+00:00,70.51
-25.473633,28.0852941,SOSHANGUVE-NN,STAND 1293,TSH,79900011,https://powerfailure.tshwane.gov.za/Tshwanesms/Map.aspx,"-25.4736,28.0853|SOSHANGUVE-NN#0",2026-09-23 15:54:26.696532+00:00,2026-09-26 14:25:10.204350+00:00,70.51
-25.4744183,28.0848456,SOSHANGUVE-NN,STAND 1300,TSH,79900011,https://powerfailure.tshwane.gov.za/Tshwanesms/Map.aspx,"-25.4744,28.0848|SOSHANGUVE-NN#0",2026-09-23 15:54:26.696532+00:00,2026-09-26 14:25:10.204350+00:00,70.51
-25.4744535,28.0852119,SOSHANGUVE-NN,STAND 1325,TSH,79900011,https://powerfailure.tshwane.gov.za/Tshwanesms/Map.aspx,"-25.4745,28.0852|SOSHANGUVE-NN#0",2026-09-23 15:54:26.696532+00:00,2026-09-26 14:25:10.204350+00:00,70.51
-25.8173395,28.0847588,ERASMIA,COERT STREET,TSH,79900061,https://powerfailure.tshwane.gov.za/Tshwanesms/Map.aspx,"-25.8173,28.0848|ERASMIA#0",2026-09-25 10:58:56.127220+00:00,2026-09-26 14:25:10.204350+00:00,27.44
-25.4875733,28.1249452,SOSHANGUVE-P,STAND 2126,TSH,79900088,https://powerfailure.tshwane.gov.za/Tshwanesms/Map.aspx,"-25.4876,28.1249|SOSHANGUVE-P#0",2026-09-23 15:54:26.696532+00:00,2026-09-26 14:25:10.204350+00:00,70.51
-25.8850726,28.0986542,MONAVONI AH,MARAIS ROAD,TSH,79900048,https://powerfailure.tshwane.gov.za/Tshwanesms/Map.aspx,"-25.8851,28.0987|MONAVONI AH#0",2026-09-26 14:25:10.204350+00:00,2026-09-26 14:25:10.204350+00:00,0.0
-25.6851049,28.2692797,MONTANA AH X02,PL W-092-07E-04-21 VEDA AVE,TSH,79900005,https://powerfailure.tshwane.gov.za/Tshwanesms/Map.aspx,"-25.6851,28.2693|MONTANA AH X02#0",2026-09-23 15:54:26.696532+00:00,2026-09-26 14:25:10.204350+00:00,70.51
-25.6602374,28.1709803,PRETORIA NORTH,EEUFEES STREET,TSH,79900002,https://powerfailure.tshwane.gov.za/Tshwanesms/Map.aspx,"-25.6602,28.1710|PRETORIA NORTH#0",2026-09-25 17:15:35.006199+00:00,2026-09-26 14:25:10.204350+00:00,21.16
-25.6748799,28.1799671,PRETORIA NORTH,GERRIT MARITZ STREET,TSH,79900002,https://powerfailure.tshwane.gov.za/Tshwanesms/Map.aspx,"-25.6749,28.1800|PRETORIA NORTH#0",2026-09-23 15:54:26.696532+00:00,2026-09-26 14:25:10.204350+00:00,70.51
-25.6977591,28.2422819,WAVERLEY,MEYER STREET,TSH,79900052,https://powerfailure.tshwane.gov.za/Tshwanesms/Map.aspx,"-25.6978,28.2423|WAVERLEY#0",2026-09-23 15:54:26.696532+00:00,2026-09-26 14:25:10.204350+00:00,70.51
-25.7290406,28.2754563,WEAVIND PARK,DE BRUYN STREET,TSH,79900084,https://powerfailure.tshwane.gov.za/Tshwanesms/Map.aspx,"-25.7290,28.2755|WEAVIND PARK#0",2026-09-23 15:54:26.696532+00:00,2026-09-26 14:25:10.204350+00:00,70.51
-25.8225164,28.2732867,WINGATE PARK,SOMERSET STREET,TSH,79900047,https://powerfailure.tshwane.gov.za/Tshwanesms/Map.aspx,"-25.8225,28.2733|WINGATE PARK#0",2026-09-26 14:25:10.204350+00:00,2026-09-26 14:25:10.204350+00:00,0.0
-25.8556397,28.1459839,WIERDAPARK,STEENBOK STREET,TSH,79900070,https://powerfailure.tshwane.gov.za/Tshwanesms/Map.aspx,"-25.8556,28.1460|WIERDAPARK#0",2026-09-23 15:54:26.696532+00:00,2026-09-26 14:25:10.204350+00:00,70.51
-25.8598837,28.1492682,WIERDAPARK,WILLEM BOTHA STREET,TSH,79900070,https://powerfailure.tshwane.gov.za/Tshwanesms/Map.aspx,"-25.8599,28.1493|WIERDAPARK#0",2026-09-23 15:54:26.696532+00:00,2026-09-26 14:25:10.204350+00:00,70.51
-25.8598926,28.1507069,WIERDAPARK,SUSAN STREET,TSH,79900070,https://powerfailure.tshwane.gov.za/Tshwanesms/Map.aspx,"-25.8599,28.1507|WIERDAPARK#0",2026-09-23 15:54:26.696532+00:00,2026-09-26 14:25:10.204350+00:00,70.51
-25.856396,28.1508677,WIERDAPARK,ELAND STREET,TSH,79900070,https://powerfailure.tshwane.gov.za/Tshwanesms/Map.aspx,"-25.8564,28.1509|WIERDAPARK#0",2026-09-23 15:54:26.696532+00:00,2026-09-26 14:25:10.204350+00:00,70.51
-25.8592494,28.1450557,WIERDAPARK,ELAND STREET,TSH,79900070,https://powerfailure.tshwane.gov.za/Tshwanesms/Map.aspx,"-25.8592,28.1451|WIERDAPARK#0",2026-09-23 15:54:26.696532+00:00,2026-09-26 14:25:10.204350+00:00,70.51
-25.8592612,28.1429152,WIERDAPARK,CHRIS HOUGAARD STREET,TSH,79900070,https://powerfailure.tshwane.gov.za/Tshwanesms/Map.aspx,"-25.8593,28.1429|WIERDAPARK#0",2026-09-23 15:54:26.696532+00:00,2026-09-26 14:25:10.204350+00:00,70.51
-25.86139,28.1421825,WIERDAPARK,ELAND STREET,TSH,79900070,https://powerfailure.tshwane.gov.za/Tshwanesms/Map.aspx,"-25.8614,28.1422|WIERDAPARK#0",2026-09-23 15:54:26.696532+00:00,2026-09-26 14:25:10.204350+00:00,70.51
-25.8614362,28.1380332,WIERDAPARK,COTIE AVENUE,TSH,79900070,https://powerfailure.tshwane.gov.za/Tshwanesms/Map.aspx,"-25.8614,28.1380|WIERDAPARK#0",2026-09-23 15:54:26.696532+00:00,2026-09-26 14:25:10.204350+00:00,70.51
-25.8611668,28.1403572,WIERDAPARK,THEUNS VAN NIEKERK STREET,TSH,79900070,https://powerfailure.tshwane.gov.za/Tshwanesms/Map.aspx,"-25.8612,28.1404|WIERDAPARK#0",2026-09-23 15:54:26.696532+00:00,2026-09-26 14:25:10.204350+00:00,70.51
-25.8640656,28.1397125,WIERDAPARK,GEMSBOK STREET,TSH,79900070,https://powerfailure.tshwane.gov.za/Tshwanesms/Map.aspx,"-25.8641,28.1397|WIERDAPARK#0",2026-09-23 15:54:26.696532+00:00,2026-09-26 14:25:10.204350+00:00,70.51
-25.8684039,28.1429386,WIERDAPARK,BADENHORST STREET,TSH,79900070,https://powerfailure.tshwane.gov.za/Tshwanesms/Map.aspx,"-25.8684,28.1429|WIERDAPARK#0",2026-09-23 15:54:26.696532+00:00,2026-09-26 14:25:10.204350+00:00,70.51
-25.8652205,28.1439109,WIERDAPARK,DU TOIT STREET,TSH,79900070,https://powerfailure.tshwane.gov.za/Tshwanesms/Map.aspx,"-25.8652,28.1439|WIERDAPARK#0",2026-09-23 15:54:26.696532+00:00,2026-09-26 14:25:10.204350+00:00,70.51
-25.8673161,28.1481383,WIERDAPARK,DU TOIT STREET,TSH,79900070,https://powerfailure.tshwane.gov.za/Tshwanesms/Map.aspx,"-25.8673,28.1481|WIERDAPARK#0",2026-09-23 15:54:26.696532+00:00,2026-09-26 14:25:10.204350+00:00,70.51
-25.8665877,28.1478193,WIERDAPARK,DU TOIT,TSH,79900070,https://powerfailure.tshwane.gov.za/Tshwanesms/Map.aspx,"-25.8666,28.1478|WIERDAPARK#0",2026-09-23 15:54:26.696532+00:00,2026-09-26 14:25:10.204350+00:00,70.51
-25.6613259,28.1038519,KARENPARK X10,SILKY OAK,TSH,79900004,https://powerfailure.tshwane.gov.za/Tshwanesms/Map.aspx,"-25.6613,28.1039|KARENPARK X10#0",2026-09-23 15:54:26.696532+00:00,2026-09-26 14:25:10.204350+00:00,70.51
-25.6613188,28.1101431,KARENPARK X41,PEARL BUSH CRESCENT,TSH,79900004,https://powerfailure.tshwane.gov.za/Tshwanesms/Map.aspx,"-25.6613,28.1101|KARENPARK X41#0",2026-09-23 15:54:26.696532+00:00,2026-09-26 14:25:10.204350+00:00,70.51
-25.6428408,28.2271208,DOORNPOORT,PEERBOOM STREET,TSH,79900096,https://powerfailure.tshwane.gov.za/Tshwanesms/Map.aspx,"-25.6428,28.2271|DOORNPOORT#0",2026-09-25 10:58:56.127220+00:00,2026-09-26 14:25:10.204350+00:00,27.44
-25.6482889,28.2264644,DOORNPOORT,APACHE AVENUE,TSH,79900096,https://powerfailure.tshwane.gov.za/Tshwanesms/Map.aspx,"-25.6483,28.2265|DOORNPOORT#0",2026-09-25 10:58:56.127220+00:00,2026-09-26 14:25:10.204350+00:00,27.44
-25.6480774,28.2276753,DOORNPOORT,PETUNIA STREET,TSH,79900096,https://powerfailure.tshwane.gov.za/Tshwanesms/Map.aspx,"-25.6481,28.2277|DOORNPOORT#0",2026-09-25 10:58:56.127220+00:00,2026-09-26 14:25:10.204350+00:00,27.44
-25.6478737,28.2270312,DOORNPOORT,PEERBOOM STREET,TSH,79900096,https://powerfailure.tshwane.gov.za/Tshwanesms/Map.aspx,"-25.6479,28.2270|DOORNPOORT#0",2026-09-25 10:58:56.127220+00:00,2026-09-26 14:25:10.204350+00:00,27.44
-25.6485012,28.2354488,DOORNPOORT,AIRPORT ROAD,TSH,79900096,https://powerfailure.tshwane.gov.za/Tshwanesms/Map.aspx,"-25.6485,28.2354|DOORNPOORT#0",2026-09-25 10:58:56.127220+00:00,2026-09-26 14:25:10.204350+00:00,27.44
-25.6485012,28.2354488,DOORNPOORT,AIRPORT ROAD,TSH,79900096,https://powerfailure.tshwane.gov.za/Tshwanesms/Map.aspx,"-25.6485,28.2354|DOORNPOORT#1",2026-09-25 10:58:56.127220+00:00,2026-09-26 14:25:10.204350+00:00,27.44
-25.6521136,28.2419876,DOORNPOORT,FOXGLOVE STREET,TSH,79900096,https://powerfailure.tshwane.gov.za/Tshwanesms/Map.aspx,"-25.6521,28.2420|DOORNPOORT#0",2026-09-25 10:58:56.127220+00:00,2026-09-26 14:25:10.204350+00:00,27.44
-25.6466022,28.2313064,DOORNPOORT,SUIKERBOS DRIVE,TSH,79900096,https://powerfailure.tshwane.gov.za/Tshwanesms/Map.aspx,"-25.6466,28.2313|DOORNPOORT#0",2026-09-25 10:58:56.127220+00:00,2026-09-26 14:25:10.204350+00:00,27.44
-25.657098,28.2466882,DOORNPOORT X01,MELIA-OORD,TSH,79900096,https://powerfailure.tshwane.gov.za/Tshwanesms/Map.aspx,"-25.6571,28.2467|DOORNPOORT X01#0",2026-09-25 10:58:56.127220+00:00,2026-09-26 14:25:10.204350+00:00,27.44
-25.6843259,28.1592543,FLORAUNA,KRINKHOUT AVENUE,TSH,79900002,https://powerfailure.tshwane.gov.za/Tshwanesms/Map.aspx,"-25.6843,28.1593|FLORAUNA#0",2026-09-23 15:54:26.696532+00:00,2026-09-26 14:25:10.204350+00:00,70.51
-25.5583202,28.0649317,SOSHANGUVE-TT,STAND 646,TSH,79900089,https://powerfailure.tshwane.gov.za/Tshwanesms/Map.aspx,"-25.5583,28.0649|SOSHANGUVE-TT#0",2026-09-25 17:15:35.006199+00:00,2026-09-26 14:25:10.204350+00:00,21.16
-25.7163108,28.3665848,MAMELODI,STAND 12380,TSH,79900028,https://powerfailure.tshwane.gov.za/Tshwanesms/Map.aspx,"-25.7163,28.3666|MAMELODI#0",2026-09-23 15:54:26.696532+00:00,2026-09-26 14:25:10.204350+00:00,70.51
-25.7226638,28.3820095,MAMELODI,STAND 16859,TSH,79900018,https://powerfailure.tshwane.gov.za/Tshwanesms/Map.aspx,"-25.7227,28.3820|MAMELODI#0",2026-09-25 10:58:56.127220+00:00,2026-09-26 14:25:10.204350+00:00,27.44
-25.7145685,28.3733095,MAMELODI,STAND 19451,TSH,79900023,https://powerfailure.tshwane.gov.za/Tshwanesms/Map.aspx,"-25.7146,28.3733|MAMELODI#0",2026-09-23 15:54:26.696532+00:00,2026-09-26 14:25:10.204350+00:00,70.51
-25.7210862,28.379318,MAMELODI,STAND 20145,TSH,79900018,https://powerfailure.tshwane.gov.za/Tshwanesms/Map.aspx,"-25.7211,28.3793|MAMELODI#0",2026-09-23 15:54:26.696532+00:00,2026-09-26 14:25:10.204350+00:00,70.51
-25.7225544,28.37045,MAMELODI,STAND 20435,TSH,79900015,https://powerfailure.tshwane.gov.za/Tshwanesms/Map.aspx,"-25.7226,28.3704|MAMELODI#0",2026-09-23 15:54:26.696532+00:00,2026-09-26 14:25:10.204350+00:00,70.51
-25.7508682,28.1409394,PROCLAMATION HILL,MIMOSA STREET,TSH,79900003,https://powerfailure.tshwane.gov.za/Tshwanesms/Map.aspx,"-25.7509,28.1409|PROCLAMATION HILL#0",2026-09-23 15:54:26.696532+00:00,2026-09-26 14:25:10.204350+00:00,70.51
-25.7288354,28.2518028,QUEENSWOOD,STOREY STREET,TSH,79900084,https://powerfailure.tshwane.gov.za/Tshwanesms/Map.aspx,"-25.7288,28.2518|QUEENSWOOD#0",2026-09-26 04:51:34.754667+00:00,2026-09-26 14:25:10.204350+00:00,9.56
-25.7298724,28.2537352,QUEENSWOOD,KIRKBY STREET,TSH,79900084,https://powerfailure.tshwane.gov.za/Tshwanesms/Map.aspx,"-25.7299,28.2537|QUEENSWOOD#0",2026-09-26 04:51:34.754667+00:00,2026-09-26 14:25:10.204350+00:00,9.56
-25.6744594,28.219633,SINOVILLE,PONGOLA AVENUE,TSH,79900050,https://powerfailure.tshwane.gov.za/Tshwanesms/Map.aspx,"-25.6745,28.2196|SINOVILLE#0",2026-09-23 15:54:26.696532+00:00,2026-09-26 14:25:10.204350+00:00,70.51
-25.6591685,28.2346601,SINOVILLE X06,H O MONNIG STREET,TSH,79900096,https://powerfailure.tshwane.gov.za/Tshwanesms/Map.aspx,"-25.6592,28.2347|SINOVILLE X06#0",2026-09-25 10:58:56.127220+00:00,2026-09-26 14:25:10.204350+00:00,27.44
-25.6579389,28.2333744,SINOVILLE X06,H O MONNIG STREET,TSH,79900096,https://powerfailure.tshwane.gov.za/Tshwanesms/Map.aspx,"-25.6579,28.2334|SINOVILLE X06#0",2026-09-25 10:58:56.127220+00:00,2026-09-26 14:25:10.204350+00:00,27.44
-25.6614473,28.2332264,SINOVILLE X06,S H PELLISSIER STREET,TSH,79900096,https://powerfailure.tshwane.gov.za/Tshwanesms/Map.aspx,"-25.6614,28.2332|SINOVILLE X06#0",2026-09-25 10:58:56.127220+00:00,2026-09-26 14:25:10.204350+00:00,27.44
-25.6631747,28.2340222,SINOVILLE X06,HANS MERENSKY STREET,TSH,79900096,https://powerfailure.tshwane.gov.za/Tshwanesms/Map.aspx,"-25.6632,28.2340|SINOVILLE X06#0",2026-09-25 10:58:56.127220+00:00,2026-09-26 14:25:10.204350+00:00,27.44
-25.8147636,28.2502372,WATERKLOOF RIDGE X02,POLARIS AVENUE,TSH,79900042,https://powerfailure.tshwane.gov.za/Tshwanesms/Map.aspx,"-25.8148,28.2502|WATERKLOOF RIDGE X02#0",2026-09-26 04:51:34.754667+00:00,2026-09-26 14:25:10.204350+00:00,9.56
-25.8166426,28.2503607,WATERKLOOF RIDGE X02,POLARIS AVENUE,TSH,79900042,https://powerfailure.tshwane.gov.za/Tshwanesms/Map.aspx,"-25.8166,28.2504|WATERKLOOF RIDGE X02#0",2026-09-26 14:25:10.204350+00:00,2026-09-26 14:25:10.204350+00:00,0.0
-25.8146325,28.7534627,ERASMUS X15,A32315 (1971/96),TSH,79900105,https://powerfailure.tshwane.gov.za/Tshwanesms/Map.aspx,"-25.8146,28.7535|ERASMUS X15#0",2026-09-23 15:54:26.696532+00:00,2026-09-26 14:25:10.204350+00:00,70.51
-25.8087798,28.7108187,RIAMARPARK,VERBENA STREET,TSH,79900102,https://powerfailure.tshwane.gov.za/Tshwanesms/Map.aspx,"-25.8088,28.7108|RIAMARPARK#0",2026-09-23 15:54:26.696532+00:00,2026-09-26 14:25:10.204350+00:00,70.51
-25.7406076,28.1783177,ASIATIC BAZAAR,10TH STREET,TSH,79900058,https://powerfailure.tshwane.gov.za/Tshwanesms/Map.aspx,"-25.7406,28.1783|ASIATIC BAZAAR#0",2026-09-23 15:54:26.696532+00:00,2026-09-26 14:25:10.204350+00:00,70.51
-25.7402239,28.237999,COLBYN,DOUGLAS STREET,TSH,79900092,https://powerfailure.tshwane.gov.za/Tshwanesms/Map.aspx,"-25.7402,28.2380|COLBYN#0",2026-09-25 17:15:35.006199+00:00,2026-09-26 14:25:10.204350+00:00,21.16
-25.4817279,28.1119771,SOSHANGUVE-DD,STAND 177,TSH,79900088,https://powerfailure.tshwane.gov.za/Tshwanesms/Map.aspx,"-25.4817,28.1120|SOSHANGUVE-DD#0",2026-09-23 15:54:26.696532+00:00,2026-09-26 14:25:10.204350+00:00,70.51
-25.7760047,28.2129862,GROENKLOOF,VAN WOUW STREET,TSH,79900059,https://powerfailure.tshwane.gov.za/Tshwanesms/Map.aspx,"-25.7760,28.2130|GROENKLOOF#0",2026-09-23 15:54:26.696532+00:00,2026-09-26 14:25:10.204350+00:00,70.51
-25.7766761,28.2148588,GROENKLOOF,VAN WOUW STREET,TSH,79900059,https://powerfailure.tshwane.gov.za/Tshwanesms/Map.aspx,"-25.7767,28.2149|GROENKLOOF#0",2026-09-23 15:54:26.696532+00:00,2026-09-26 14:25:10.204350+00:00,70.51
-25.7719657,28.2121486,GROENKLOOF,FRANS OERDER STREET,TSH,79900059,https://powerfailure.tshwane.gov.za/Tshwanesms/Map.aspx,"-25.7720,28.2121|GROENKLOOF#0",2026-09-23 15:54:26.696532+00:00,2026-09-26 14:25:10.204350+00:00,70.51
-25.7731249,28.2147897,GROENKLOOF,BAINES STREET,TSH,79900059,https://powerfailure.tshwane.gov.za/Tshwanesms/Map.aspx,"-25.7731,28.2148|GROENKLOOF#0",2026-09-23 15:54:26.696532+00:00,2026-09-26 14:25:10.204350+00:00,70.51
-25.7292779,28.0328952,UITZICHT ALIAS RIETVALEI 314-JR,PL MVS-147-03N,TSH,79900055,https://powerfailure.tshwane.gov.za/Tshwanesms/Map.aspx,"-25.7293,28.0329|UITZICHT ALIAS RIETVALEI 314-JR#0",2026-09-25 10:58:56.127220+00:00,2026-09-26 14:25:10.204350+00:00,27.44
-25.8508486,28.168811,HENNOPSPARK,MOPANI ROAD,TSH,79900066,https://powerfailure.tshwane.gov.za/Tshwanesms/Map.aspx,"-25.8508,28.1688|HENNOPSPARK#0",2026-09-23 15:54:26.696532+00:00,2026-09-26 14:25:10.204350+00:00,70.51
-25.7164341,28.4079873,MAMELODI X06,TSHOANE STREET,TSH,79900040,https://powerfailure.tshwane.gov.za/Tshwanesms/Map.aspx,"-25.7164,28.4080|MAMELODI X06#0",2026-09-23 15:54:26.696532+00:00,2026-09-26 14:25:10.204350+00:00,70.51
-25.738857,28.3848108,NELLMAPIUS X08,PLATINUM STREET,TSH,79900015,https://powerfailure.tshwane.gov.za/Tshwanesms/Map.aspx,"-25.7389,28.3848|NELLMAPIUS X08#0",2026-09-23 15:54:26.696532+00:00,2026-09-26 14:25:10.204350+00:00,70.51
-25.7391471,28.3858457,NELLMAPIUS X08,XENON STREET,TSH,79900015,https://powerfailure.tshwane.gov.za/Tshwanesms/Map.aspx,"-25.7391,28.3858|NELLMAPIUS X08#0",2026-09-23 15:54:26.696532+00:00,2026-09-26 14:25:10.204350+00:00,70.51
-25.7349007,28.3870139,NELLMAPIUS X08,XENON STREET,TSH,79900015,https://powerfailure.tshwane.gov.za/Tshwanesms/Map.aspx,"-25.7349,28.3870|NELLMAPIUS X08#0",2026-09-23 15:54:26.696532+00:00,2026-09-26 14:25:10.204350+00:00,70.51
-25.9074738,28.1002565,OLIEVENHOUTBOS X15,UMSANGA STREET,TSH,79900106,https://powerfailure.tshwane.gov.za/Tshwanesms/Map.aspx,"-25.9075,28.1003|OLIEVENHOUTBOS X15#0",2026-09-26 14:25:10.204350+00:00,2026-09-26 14:25:10.204350+00:00,0.0
-25.9133155,28.0879137,OLIEVENHOUTBOS X20,TASSEL BERRY STREET,TSH,79900106,https://powerfailure.tshwane.gov.za/Tshwanesms/Map.aspx,"-25.9133,28.0879|OLIEVENHOUTBOS X20#0",2026-09-26 04:51:34.754667+00:00,2026-09-26 14:25:10.204350+00:00,9.56
-25.6621126,28.3177164,KAMEELDRIFT 298-JR,PL DE-54-11,TSH,79900087,https://powerfailure.tshwane.gov.za/Tshwanesms/Map.aspx,"-25.6621,28.3177|KAMEELDRIFT 298-JR#0",2026-09-23 15:54:26.696532+00:00,2026-09-26 14:25:10.204350+00:00,70.51
-25.7708288,28.0505292,SAULSVILLE,LETSATSI STREET,TSH,79900063,https://powerfailure.tshwane.gov.za/Tshwanesms/Map.aspx,"-25.7708,28.0505|SAULSVILLE#0",2026-09-26 04:51:34.754667+00:00,2026-09-26 14:25:10.204350+00:00,9.56
-25.9022235,28.1344157,THE REEDS X09,JACQUELINE STREET,TSH,79900064,https://powerfailure.tshwane.gov.za/Tshwanesms/Map.aspx,"-25.9022,28.1344|THE REEDS X09#0",2026-09-26 04:51:34.754667+00:00,2026-09-26 14:25:10.204350+00:00,9.56
-25.9063254,28.1425582,THE REEDS X09,ROOIHUISKRAAL ROAD,TSH,79900064,https://powerfailure.tshwane.gov.za/Tshwanesms/Map.aspx,"-25.9063,28.1426|THE REEDS X09#0",2026-09-26 04:51:34.754667+00:00,2026-09-26 14:25:10.204350+00:00,9.56
-25.9102934,28.1365947,THE REEDS X09,WILMA STREET,TSH,79900064,https://powerfailure.tshwane.gov.za/Tshwanesms/Map.aspx,"-25.9103,28.1366|THE REEDS X09#0",2026-09-26 04:51:34.754667+00:00,2026-09-26 14:25:10.204350+00:00,9.56
-25.9053173,28.1466795,THE REEDS X02,BRENDA STREET,TSH,79900064,https://powerfailure.tshwane.gov.za/Tshwanesms/Map.aspx,"-25.9053,28.1467|THE REEDS X02#0",2026-09-26 14:25:10.204350+00:00,2026-09-26 14:25:10.204350+00:00,0.0
-25.912129,28.1441826,THE REEDS X20,ALPHEN CRESCENT,TSH,79900064,https://powerfailure.tshwane.gov.za/Tshwanesms/Map.aspx,"-25.9121,28.1442|THE REEDS X20#0",2026-09-26 04:51:34.754667+00:00,2026-09-26 14:25:10.204350+00:00,9.56
-25.9121335,28.146219,THE REEDS X20,KATBERG ROAD,TSH,79900064,https://powerfailure.tshwane.gov.za/Tshwanesms/Map.aspx,"-25.9121,28.1462|THE REEDS X20#0",2026-09-26 14:25:10.204350+00:00,2026-09-26 14:25:10.204350+00:00,0.0
-25.899628,28.1190041,THE REEDS X31,FIREWOOD STREET,TSH,79900064,https://powerfailure.tshwane.gov.za/Tshwanesms/Map.aspx,"-25.8996,28.1190|THE REEDS X31#0",2026-09-26 04:51:34.754667+00:00,2026-09-26 14:25:10.204350+00:00,9.56
-25.8550549,28.1346892,WIERDAPARK X06,GEELVINK ROAD,TSH,79900070,https://powerfailure.tshwane.gov.za/Tshwanesms/Map.aspx,"-25.8551,28.1347|WIERDAPARK X06#0",2026-09-23 15:54:26.696532+00:00,2026-09-26 14:25:10.204350+00:00,70.51
-25.8649015,28.1514986,WIERDAPARK X05,PORCHE AVENUE,TSH,79900070,https://powerfailure.tshwane.gov.za/Tshwanesms/Map.aspx,"-25.8649,28.1515|WIERDAPARK X05#0",2026-09-23 15:54:26.696532+00:00,2026-09-26 14:25:10.204350+00:00,70.51
-25.6785683,28.1124092,AMANDASIG,FEROX STREET,TSH,79900098,https://powerfailure.tshwane.gov.za/Tshwanesms/Map.aspx,"-25.6786,28.1124|AMANDASIG#0",2026-09-23 15:54:26.696532+00:00,2026-09-26 14:25:10.204350+00:00,70.51
-25.5856378,28.0623072,SOSHANGUVE SOUTH X08,STAND 18237,TSH,79900037,https://powerfailure.tshwane.gov.za/Tshwanesms/Map.aspx,"-25.5856,28.0623|SOSHANGUVE SOUTH X08#0",2026-09-23 21:32:43.518437+00:00,2026-09-26 14:25:10.204350+00:00,64.87
-25.7281,28.2173094,DEERNESS,18TH AVENUE,TSH,79900053,https://powerfailure.tshwane.gov.za/Tshwanesms/Map.aspx,"-25.7281,28.2173|DEERNESS#0",2026-09-26 14:25:10.204350+00:00,2026-09-26 14:25:10.204350+00:00,0.0
-25.7638222,28.3102293,DIE WILGERS X01,FRANK ROAD,TSH,79900085,https://powerfailure.tshwane.gov.za/Tshwanesms/Map.aspx,"-25.7638,28.3102|DIE WILGERS X01#0",2026-09-26 14:25:10.204350+00:00,2026-09-26 14:25:10.204350+00:00,0.0
-25.8608232,28.2032119,DORINGKLOOF,CECILE STREET,TSH,79900078,https://powerfailure.tshwane.gov.za/Tshwanesms/Map.aspx,"-25.8608,28.2032|DORINGKLOOF#0",2026-09-23 15:54:26.696532+00:00,2026-09-26 14:25:10.204350+00:00,70.51
-25.7248912,28.3966719,MAMELODI X03,STAND 21402,TSH,79900015,https://powerfailure.tshwane.gov.za/Tshwanesms/Map.aspx,"-25.7249,28.3967|MAMELODI X03#0",2026-09-23 15:54:26.696532+00:00,2026-09-26 14:25:10.204350+00:00,70.51
-25.7181544,28.3781503,MAMELODI,STAND 25322,TSH,79900018,https://powerfailure.tshwane.gov.za/Tshwanesms/Map.aspx,"-25.7182,28.3782|MAMELODI#0",2026-09-23 15:54:26.696532+00:00,2026-09-26 14:25:10.204350+00:00,70.51
-25.7330506,28.3692652,NELLMAPIUS X03,KABYLIE STREET,TSH,79900086,https://powerfailure.tshwane.gov.za/Tshwanesms/Map.aspx,"-25.7331,28.3693|NELLMAPIUS X03#0",2026-09-23 15:54:26.696532+00:00,2026-09-26 14:25:10.204350+00:00,70.51
-25.7306593,28.3612309,NELLMAPIUS X04,HALLELUJAH CRESCENT,TSH,79900028,https://powerfailure.tshwane.gov.za/Tshwanesms/Map.aspx,"-25.7307,28.3612|NELLMAPIUS X04#0",2026-09-26 14:25:10.204350+00:00,2026-09-26 14:25:10.204350+00:00,0.0
-25.7324924,28.359538,NELLMAPIUS X04,POELANO STREET,TSH,79900028,https://powerfailure.tshwane.gov.za/Tshwanesms/Map.aspx,"-25.7325,28.3595|NELLMAPIUS X04#0",2026-09-26 14:25:10.204350+00:00,2026-09-26 14:25:10.204350+00:00,0.0
-25.6974451,28.2188403,RIETFONTEIN,20TH AVENUE,TSH,79900054,https://powerfailure.tshwane.gov.za/Tshwanesms/Map.aspx,"-25.6974,28.2188|RIETFONTEIN#0",2026-09-23 15:54:26.696532+00:00,2026-09-26 14:25:10.204350+00:00,70.51
-25.6991788,28.2192581,RIETFONTEIN,20TH AVENUE,TSH,79900054,https://powerfailure.tshwane.gov.za/Tshwanesms/Map.aspx,"-25.6992,28.2193|RIETFONTEIN#0",2026-09-23 15:54:26.696532+00:00,2026-09-26 14:25:10.204350+00:00,70.51
-25.5847422,27.9757188,GA-RANKUWA,ZONE 14,TSH,79900030,https://powerfailure.tshwane.gov.za/Tshwanesms/Map.aspx,"-25.5847,27.9757|GA-RANKUWA#0",2026-09-23 15:54:26.696532+00:00,2026-09-26 14:25:10.204350+00:00,70.51
-25.5847422,27.9757188,Ga-Rankuwa,.,TSH,79900030,https://powerfailure.tshwane.gov.za/Tshwanesms/Map.aspx,"-25.5847,27.9757|GA-RANKUWA#1",2026-09-23 15:54:26.696532+00:00,2026-09-26 14:25:10.204350+00:00,70.51
-25.5847422,27.9757188,GA-RANKUWA,GA-RANKUWA ZONE,TSH,79900030,https://powerfailure.tshwane.gov.za/Tshwanesms/Map.aspx,"-25.5847,27.9757|GA-RANKUWA#2",2026-09-23 15:54:26.696532+00:00,2026-09-26 14:25:10.204350+00:00,70.51
-25.5847422,27.9757188,GA-RANKUWA,ZONE 14,TSH,79900030,https://powerfailure.tshwane.gov.za/Tshwanesms/Map.aspx,"-25.5847,27.9757|GA-RANKUWA#3",2026-09-23 15:54:26.696532+00:00,2026-09-26 14:25:10.204350+00:00,70.51
-25.689926,28.1612839,WONDERBOOM 302-JR,KAMDEBO ROAD,TSH,79900002,https://powerfailure.tshwane.gov.za/Tshwanesms/Map.aspx,"-25.6899,28.1613|WONDERBOOM 302-JR#0",2026-09-23 15:54:26.696532+00:00,2026-09-26 14:25:10.204350+00:00,70.51
-25.6269901,28.3283104,ZEEKOEGAT 296-JR,ZEEKOEGAT GVG 10,TSH,79900087,https://powerfailure.tshwane.gov.za/Tshwanesms/Map.aspx,"-25.6270,28.3283|ZEEKOEGAT 296-JR#0",2026-09-23 15:54:26.696532+00:00,2026-09-26 14:25:10.204350+00:00,70.51
-25.6470433,28.3355596,ZEEKOEGAT 296-JR,PL DE-085-05W,TSH,79900087,https://powerfailure.tshwane.gov.za/Tshwanesms/Map.aspx,"-25.6470,28.3356|ZEEKOEGAT 296-JR#0",2026-09-23 15:54:26.696532+00:00,2026-09-26 14:25:10.204350+00:00,70.51
-25.6483614,28.3397136,ZEEKOEGAT 296-JR,KAMEELDRIFT ROAD,TSH,79900087,https://powerfailure.tshwane.gov.za/Tshwanesms/Map.aspx,"-25.6484,28.3397|ZEEKOEGAT 296-JR#0",2026-09-23 15:54:26.696532+00:00,2026-09-26 14:25:10.204350+00:00,70.51
-25.8882184,28.1066003,MONAVONI X02,THERON ROAD,TSH,79900048,https://powerfailure.tshwane.gov.za/Tshwanesms/Map.aspx,"-25.8882,28.1066|MONAVONI X02#0",2026-09-26 14:25:10.204350+00:00,2026-09-26 14:25:10.204350+00:00,0.0
-25.729155,28.0869722,ZANDFONTEIN 317-JR,PL MVS-030-019-01E,TSH,79900055,https://powerfailure.tshwane.gov.za/Tshwanesms/Map.aspx,"-25.7292,28.0870|ZANDFONTEIN 317-JR#0",2026-09-25 17:15:35.006199+00:00,2026-09-26 14:25:10.204350+00:00,21.16
-25.6282244,28.0605172,ROSSLYN X18,INSWEMPE STREET,TSH,79900037,https://powerfailure.tshwane.gov.za/Tshwanesms/Map.aspx,"-25.6282,28.0605|ROSSLYN X18#0",2026-09-25 05:01:45.026219+00:00,2026-09-26 14:25:10.204350+00:00,33.39
-25.6408146,28.1009,THE ORCHARDS,MOPANI AVENUE,TSH,79900004,https://powerfailure.tshwane.gov.za/Tshwanesms/Map.aspx,"-25.6408,28.1009|THE ORCHARDS#0",2026-09-23 15:54:26.696532+00:00,2026-09-26 14:25:10.204350+00:00,70.51
-25.641442,28.1001367,THE ORCHARDS,PLANTAIN AVENUE,TSH,79900004,https://powerfailure.tshwane.gov.za/Tshwanesms/Map.aspx,"-25.6414,28.1001|THE ORCHARDS#0",2026-09-23 15:54:26.696532+00:00,2026-09-26 14:25:10.204350+00:00,70.51
-25.6466384,28.1071119,THE ORCHARDS X03,GOOSEN STREET,TSH,79900004,https://powerfailure.tshwane.gov.za/Tshwanesms/Map.aspx,"-25.6466,28.1071|THE ORCHARDS X03#0",2026-09-23 15:54:26.696532+00:00,2026-09-26 14:25:10.204350+00:00,70.51
-25.9040559,28.6652791,SUMMER PLACE,BLESHOENDER STREET,TSH,79900105,https://powerfailure.tshwane.gov.za/Tshwanesms/Map.aspx,"-25.9041,28.6653|SUMMER PLACE#0",2026-09-23 15:54:26.696532+00:00,2026-09-26 14:25:10.204350+00:00,70.51
-25.6678965,28.1163318,KARENPARK,BOUNDARY,TSH,79900098,https://powerfailure.tshwane.gov.za/Tshwanesms/Map.aspx,"-25.6679,28.1163|KARENPARK#0",2026-09-23 15:54:26.696532+00:00,2026-09-26 14:25:10.204350+00:00,70.51
-25.6425918,28.2313009,DOORNPOORT,PEERBOOM STREET,TSH,79900096,https://powerfailure.tshwane.gov.za/Tshwanesms/Map.aspx,"-25.6426,28.2313|DOORNPOORT#0",2026-09-25 10:58:56.127220+00:00,2026-09-26 14:25:10.204350+00:00,27.44
-25.6470006,28.2383947,DOORNPOORT,WILGER ROAD,TSH,79900096,https://powerfailure.tshwane.gov.za/Tshwanesms/Map.aspx,"-25.6470,28.2384|DOORNPOORT#0",2026-09-25 10:58:56.127220+00:00,2026-09-26 14:25:10.204350+00:00,27.44
-25.6461997,28.2374159,DOORNPOORT,SERINGBOOM ROAD,TSH,79900096,https://powerfailure.tshwane.gov.za/Tshwanesms/Map.aspx,"-25.6462,28.2374|DOORNPOORT#0",2026-09-25 10:58:56.127220+00:00,2026-09-26 14:25:10.204350+00:00,27.44
-25.6474291,28.2338355,DOORNPOORT,SUIKERBOS DRIVE,TSH,79900096,https://powerfailure.tshwane.gov.za/Tshwanesms/Map.aspx,"-25.6474,28.2338|DOORNPOORT#0",2026-09-25 10:58:56.127220+00:00,2026-09-26 14:25:10.204350+00:00,27.44
-25.649333,28.2270797,DOORNPOORT,AMARYLLYS ROAD,TSH,79900096,https://powerfailure.tshwane.gov.za/Tshwanesms/Map.aspx,"-25.6493,28.2271|DOORNPOORT#0",2026-09-25 10:58:56.127220+00:00,2026-09-26 14:25:10.204350+00:00,27.44
-25.6501631,28.2294634,DOORNPOORT,PEERBOOM STREET,TSH,79900096,https://powerfailure.tshwane.gov.za/Tshwanesms/Map.aspx,"-25.6502,28.2295|DOORNPOORT#0",2026-09-25 10:58:56.127220+00:00,2026-09-26 14:25:10.204350+00:00,27.44
-25.648819,28.2342426,DOORNPOORT,AIRPORT ROAD,TSH,79900096,https://powerfailure.tshwane.gov.za/Tshwanesms/Map.aspx,"-25.6488,28.2342|DOORNPOORT#0",2026-09-25 10:58:56.127220+00:00,2026-09-26 14:25:10.204350+00:00,27.44
-25.6510035,28.2436249,DOORNPOORT,BEGONIA STREET,TSH,79900096,https://powerfailure.tshwane.gov.za/Tshwanesms/Map.aspx,"-25.6510,28.2436|DOORNPOORT#0",2026-09-25 10:58:56.127220+00:00,2026-09-26 14:25:10.204350+00:00,27.44
-25.6572864,28.2432172,DOORNPOORT,WATTLE ROAD,TSH,79900096,https://powerfailure.tshwane.gov.za/Tshwanesms/Map.aspx,"-25.6573,28.2432|DOORNPOORT#0",2026-09-25 10:58:56.127220+00:00,2026-09-26 14:25:10.204350+00:00,27.44
-25.6510253,28.2313326,DOORNPOORT,POLO PLACE,TSH,79900096,https://powerfailure.tshwane.gov.za/Tshwanesms/Map.aspx,"-25.6510,28.2313|DOORNPOORT#0",2026-09-25 10:58:56.127220+00:00,2026-09-26 14:25:10.204350+00:00,27.44
-25.6487865,28.2482302,DOORNPOORT X06,AIRPORT ROAD,TSH,79900096,https://powerfailure.tshwane.gov.za/Tshwanesms/Map.aspx,"-25.6488,28.2482|DOORNPOORT X06#0",2026-09-25 10:58:56.127220+00:00,2026-09-26 14:25:10.204350+00:00,27.44
-25.6487865,28.2482302,DOORNPOORT X06,AIRPORT ROAD,TSH,79900096,https://powerfailure.tshwane.gov.za/Tshwanesms/Map.aspx,"-25.6488,28.2482|DOORNPOORT X06#1",2026-09-25 10:58:56.127220+00:00,2026-09-26 14:25:10.204350+00:00,27.44
-25.6487865,28.2482302,DOORNPOORT X06,AIRPORT ROAD,TSH,79900096,https://powerfailure.tshwane.gov.za/Tshwanesms/Map.aspx,"-25.6488,28.2482|DOORNPOORT X06#2",2026-09-25 10:58:56.127220+00:00,2026-09-26 14:25:10.204350+00:00,27.44
-25.6462675,28.2455704,DOORNPOORT X06,HAIRBELL STREET,TSH,79900096,https://powerfailure.tshwane.gov.za/Tshwanesms/Map.aspx,"-25.6463,28.2456|DOORNPOORT X06#0",2026-09-25 10:58:56.127220+00:00,2026-09-26 14:25:10.204350+00:00,27.44
-25.5880671,28.1065917,SOSHANGUVE-XX,STAND 1260,TSH,79900090,https://powerfailure.tshwane.gov.za/Tshwanesms/Map.aspx,"-25.5881,28.1066|SOSHANGUVE-XX#0",2026-09-23 15:54:26.696532+00:00,2026-09-26 14:25:10.204350+00:00,70.51
-25.7145488,28.370893,MAMELODI,STAND 12591,TSH,79900023,https://powerfailure.tshwane.gov.za/Tshwanesms/Map.aspx,"-25.7145,28.3709|MAMELODI#0",2026-09-23 15:54:26.696532+00:00,2026-09-26 14:25:10.204350+00:00,70.51
-25.7144077,28.372878,MAMELODI,STAND 12705,TSH,79900023,https://powerfailure.tshwane.gov.za/Tshwanesms/Map.aspx,"-25.7144,28.3729|MAMELODI#0",2026-09-23 15:54:26.696532+00:00,2026-09-26 14:25:10.204350+00:00,70.51
-25.7163301,28.3776283,MAMELODI,MAFENYANE STREET,TSH,79900018,https://powerfailure.tshwane.gov.za/Tshwanesms/Map.aspx,"-25.7163,28.3776|MAMELODI#0",2026-09-23 15:54:26.696532+00:00,2026-09-26 14:25:10.204350+00:00,70.51
-25.6972049,28.1777898,MOUNTAIN VIEW,ULUNDI AVENUE,TSH,79900054,https://powerfailure.tshwane.gov.za/Tshwanesms/Map.aspx,"-25.6972,28.1778|MOUNTAIN VIEW#0",2026-09-23 15:54:26.696532+00:00,2026-09-26 14:25:10.204350+00:00,70.51
-25.6645229,28.2324524,SINOVILLE X04,HENRY CRESCENT,TSH,79900096,https://powerfailure.tshwane.gov.za/Tshwanesms/Map.aspx,"-25.6645,28.2325|SINOVILLE X04#0",2026-09-25 10:58:56.127220+00:00,2026-09-26 14:25:10.204350+00:00,27.44
-25.6607427,28.2326921,SINOVILLE X06,S H PELLISSIER STREET,TSH,79900096,https://powerfailure.tshwane.gov.za/Tshwanesms/Map.aspx,"-25.6607,28.2327|SINOVILLE X06#0",2026-09-25 10:58:56.127220+00:00,2026-09-26 14:25:10.204350+00:00,27.44
-25.8148806,28.2487637,WATERKLOOF RIDGE X02,KOEDOESNEK AVENUE,TSH,79900042,https://powerfailure.tshwane.gov.za/Tshwanesms/Map.aspx,"-25.8149,28.2488|WATERKLOOF RIDGE X02#0",2026-09-26 04:51:34.754667+00:00,2026-09-26 14:25:10.204350+00:00,9.56
-25.8182277,28.2512924,WATERKLOOF RIDGE X02,CLIFF AVENUE,TSH,79900042,https://powerfailure.tshwane.gov.za/Tshwanesms/Map.aspx,"-25.8182,28.2513|WATERKLOOF RIDGE X02#0",2026-09-26 14:25:10.204350+00:00,2026-09-26 14:25:10.204350+00:00,0.0
-25.8051128,28.7123122,RIAMARPARK X04,SONNEBLOM ROAD,TSH,79900102,https://powerfailure.tshwane.gov.za/Tshwanesms/Map.aspx,"-25.8051,28.7123|RIAMARPARK X04#0",2026-09-23 15:54:26.696532+00:00,2026-09-26 14:25:10.204350+00:00,70.51
-25.7018728,28.0278166,ENORMWATER AH,PL MVN-092-04S,TSH,79900055,https://powerfailure.tshwane.gov.za/Tshwanesms/Map.aspx,"-25.7019,28.0278|ENORMWATER AH#0",2026-09-23 15:54:26.696532+00:00,2026-09-26 14:25:10.204350+00:00,70.51
-25.4826139,28.1103712,SOSHANGUVE-DD,STAND 221,TSH,79900088,https://powerfailure.tshwane.gov.za/Tshwanesms/Map.aspx,"-25.4826,28.1104|SOSHANGUVE-DD#0",2026-09-23 15:54:26.696532+00:00,2026-09-26 14:25:10.204350+00:00,70.51
-25.7783195,28.2164086,GROENKLOOF,HERBERT BAKER STREET,TSH,79900059,https://powerfailure.tshwane.gov.za/Tshwanesms/Map.aspx,"-25.7783,28.2164|GROENKLOOF#0",2026-09-23 15:54:26.696532+00:00,2026-09-26 14:25:10.204350+00:00,70.51
-25.7768431,28.2123039,GROENKLOOF,HERBERT BAKER STREET,TSH,79900059,https://powerfailure.tshwane.gov.za/Tshwanesms/Map.aspx,"-25.7768,28.2123|GROENKLOOF#0",2026-09-23 15:54:26.696532+00:00,2026-09-26 14:25:10.204350+00:00,70.51
-25.776157,28.2113319,GROENKLOOF,HERBERT BAKER STREET,TSH,79900059,https://powerfailure.tshwane.gov.za/Tshwanesms/Map.aspx,"-25.7762,28.2113|GROENKLOOF#0",2026-09-23 15:54:26.696532+00:00,2026-09-26 14:25:10.204350+00:00,70.51
-25.7721329,28.2104998,GROENKLOOF,VAN WOUW STREET,TSH,79900059,https://powerfailure.tshwane.gov.za/Tshwanesms/Map.aspx,"-25.7721,28.2105|GROENKLOOF#0",2026-09-23 15:54:26.696532+00:00,2026-09-26 14:25:10.204350+00:00,70.51
-25.7717995,28.2103215,GROENKLOOF,GEORGE STORRAR DRIVE,TSH,79900059,https://powerfailure.tshwane.gov.za/Tshwanesms/Map.aspx,"-25.7718,28.2103|GROENKLOOF#0",2026-09-23 15:54:26.696532+00:00,2026-09-26 14:25:10.204350+00:00,70.51
-25.7720118,28.2116612,GROENKLOOF,WENNING STREET,TSH,79900059,https://powerfailure.tshwane.gov.za/Tshwanesms/Map.aspx,"-25.7720,28.2117|GROENKLOOF#0",2026-09-23 15:54:26.696532+00:00,2026-09-26 14:25:10.204350+00:00,70.51
-25.7717815,28.2114927,GROENKLOOF,WENNING STREET,TSH,79900059,https://powerfailure.tshwane.gov.za/Tshwanesms/Map.aspx,"-25.7718,28.2115|GROENKLOOF#0",2026-09-23 15:54:26.696532+00:00,2026-09-26 14:25:10.204350+00:00,70.51
-25.7734939,28.2149514,GROENKLOOF,FRANS OERDER STREET,TSH,79900059,https://powerfailure.tshwane.gov.za/Tshwanesms/Map.aspx,"-25.7735,28.2150|GROENKLOOF#0",2026-09-23 15:54:26.696532+00:00,2026-09-26 14:25:10.204350+00:00,70.51
-25.851264,28.171921,HENNOPSPARK,ACACIA ROAD,TSH,79900066,https://powerfailure.tshwane.gov.za/Tshwanesms/Map.aspx,"-25.8513,28.1719|HENNOPSPARK#0",2026-09-23 15:54:26.696532+00:00,2026-09-26 14:25:10.204350+00:00,70.51
-25.7147211,28.2795814,LINDO PARK X01,MAGNOLIA STREET,TSH,79900052,https://powerfailure.tshwane.gov.za/Tshwanesms/Map.aspx,"-25.7147,28.2796|LINDO PARK X01#0",2026-09-23 15:54:26.696532+00:00,2026-09-26 14:25:10.204350+00:00,70.51
-25.7157239,28.4085401,MAMELODI X06,MOTSHIDI CRESCENT,TSH,79900040,https://powerfailure.tshwane.gov.za/Tshwanesms/Map.aspx,"-25.7157,28.4085|MAMELODI X06#0",2026-09-23 15:54:26.696532+00:00,2026-09-26 14:25:10.204350+00:00,70.51
-25.7210273,28.4069494,MAMELODI X06,MOTOLO STREET,TSH,79900040,https://powerfailure.tshwane.gov.za/Tshwanesms/Map.aspx,"-25.7210,28.4069|MAMELODI X06#0",2026-09-23 15:54:26.696532+00:00,2026-09-26 14:25:10.204350+00:00,70.51
-25.7320408,28.4394137,MAMELODI X18,MOTLADI MASERE AVENUE,TSH,79900097,https://powerfailure.tshwane.gov.za/Tshwanesms/Map.aspx,"-25.7320,28.4394|MAMELODI X18#0",2026-09-23 15:54:26.696532+00:00,2026-09-26 14:25:10.204350+00:00,70.51
-25.7369964,28.3894285,NELLMAPIUS X08,UMKHENCE STREET,TSH,79900015,https://powerfailure.tshwane.gov.za/Tshwanesms/Map.aspx,"-25.7370,28.3894|NELLMAPIUS X08#0",2026-09-23 15:54:26.696532+00:00,2026-09-26 14:25:10.204350+00:00,70.51
-25.7296855,28.3532742,NELLMAPIUS,STAND,TSH,79900028,https://powerfailure.tshwane.gov.za/Tshwanesms/Map.aspx,"-25.7297,28.3533|NELLMAPIUS#0",2026-09-26 14:25:10.204350+00:00,2026-09-26 14:25:10.204350+00:00,0.0
-25.912776,28.0963421,OLIEVENHOUTBOS X13,MOGO STREET,TSH,79900106,https://powerfailure.tshwane.gov.za/Tshwanesms/Map.aspx,"-25.9128,28.0963|OLIEVENHOUTBOS X13#0",2026-09-26 14:25:10.204350+00:00,2026-09-26 14:25:10.204350+00:00,0.0
-25.9148882,28.0934729,OLIEVENHOUTBOS X13,NALEDI  STREET,TSH,79900106,https://powerfailure.tshwane.gov.za/Tshwanesms/Map.aspx,"-25.9149,28.0935|OLIEVENHOUTBOS X13#0",2026-09-24 17:14:48.543546+00:00,2026-09-26 14:25:10.204350+00:00,45.17
-25.9121877,28.0890842,OLIEVENHOUTBOS X20,CYCAD CRESCENT,TSH,79900106,https://powerfailure.tshwane.gov.za/Tshwanesms/Map.aspx,"-25.9122,28.0891|OLIEVENHOUTBOS X20#0",2026-09-26 04:51:34.754667+00:00,2026-09-26 14:25:10.204350+00:00,9.56
-25.6594038,28.3363222,KAMEELDRIFT 298-JR,KAMEELDRIFT GVG,TSH,79900087,https://powerfailure.tshwane.gov.za/Tshwanesms/Map.aspx,"-25.6594,28.3363|KAMEELDRIFT 298-JR#0",2026-09-23 15:54:26.696532+00:00,2026-09-26 14:25:10.204350+00:00,70.51
-25.9072415,28.1320386,THE REEDS X09,EVELYN AVENUE,TSH,79900064,https://powerfailure.tshwane.gov.za/Tshwanesms/Map.aspx,"-25.9072,28.1320|THE REEDS X09#0",2026-09-26 04:51:34.754667+00:00,2026-09-26 14:25:10.204350+00:00,9.56
-25.9075327,28.1376398,THE REEDS X09,CEDRICK STREET,TSH,79900064,https://powerfailure.tshwane.gov.za/Tshwanesms/Map.aspx,"-25.9075,28.1376|THE REEDS X09#0",2026-09-26 04:51:34.754667+00:00,2026-09-26 14:25:10.204350+00:00,9.56
-25.9084874,28.1372314,THE REEDS X09,EDNA AVENUE,TSH,79900064,https://powerfailure.tshwane.gov.za/Tshwanesms/Map.aspx,"-25.9085,28.1372|THE REEDS X09#0",2026-09-26 14:25:10.204350+00:00,2026-09-26 14:25:10.204350+00:00,0.0
-25.9074883,28.1466802,THE REEDS X02,HERON STREET,TSH,79900064,https://powerfailure.tshwane.gov.za/Tshwanesms/Map.aspx,"-25.9075,28.1467|THE REEDS X02#0",2026-09-26 04:51:34.754667+00:00,2026-09-26 14:25:10.204350+00:00,9.56
-25.9059351,28.1493553,THE REEDS X02,DIANA CRESCENT,TSH,79900064,https://powerfailure.tshwane.gov.za/Tshwanesms/Map.aspx,"-25.9059,28.1494|THE REEDS X02#0",2026-09-26 04:51:34.754667+00:00,2026-09-26 14:25:10.204350+00:00,9.56
-25.9097959,28.1455173,THE REEDS X19,SIMONSVLEI CRESCENT,TSH,79900064,https://powerfailure.tshwane.gov.za/Tshwanesms/Map.aspx,"-25.9098,28.1455|THE REEDS X19#0",2026-09-26 04:51:34.754667+00:00,2026-09-26 14:25:10.204350+00:00,9.56
-25.9078785,28.1450057,THE REEDS X19,SKIMMER STREET,TSH,79900064,https://powerfailure.tshwane.gov.za/Tshwanesms/Map.aspx,"-25.9079,28.1450|THE REEDS X19#0",2026-09-26 04:51:34.754667+00:00,2026-09-26 14:25:10.204350+00:00,9.56
-25.891503,28.1264567,THE REEDS X03,MOONFLOWER CRESCENT,TSH,79900064,https://powerfailure.tshwane.gov.za/Tshwanesms/Map.aspx,"-25.8915,28.1265|THE REEDS X03#0",2026-09-26 14:25:10.204350+00:00,2026-09-26 14:25:10.204350+00:00,0.0
-25.8995683,28.1168956,THE REEDS X33,PRIDE OF INDIA PLACE,TSH,79900064,https://powerfailure.tshwane.gov.za/Tshwanesms/Map.aspx,"-25.8996,28.1169|THE REEDS X33#0",2026-09-26 04:51:34.754667+00:00,2026-09-26 14:25:10.204350+00:00,9.56
-25.8575737,28.1366946,WIERDAPARK X06,QUELEA AVENUE,TSH,79900070,https://powerfailure.tshwane.gov.za/Tshwanesms/Map.aspx,"-25.8576,28.1367|WIERDAPARK X06#0",2026-09-23 15:54:26.696532+00:00,2026-09-26 14:25:10.204350+00:00,70.51
-25.8647827,28.1511218,WIERDAPARK X05,SUSAN STREET,TSH,79900070,https://powerfailure.tshwane.gov.za/Tshwanesms/Map.aspx,"-25.8648,28.1511|WIERDAPARK X05#0",2026-09-23 15:54:26.696532+00:00,2026-09-26 14:25:10.204350+00:00,70.51
-25.8641363,28.151356,WIERDAPARK X05,SUSAN STREET,TSH,79900070,https://powerfailure.tshwane.gov.za/Tshwanesms/Map.aspx,"-25.8641,28.1514|WIERDAPARK X05#0",2026-09-23 15:54:26.696532+00:00,2026-09-26 14:25:10.204350+00:00,70.51
-25.6596263,28.1654164,WOLMER,PAGEL STREET,TSH,79900002,https://powerfailure.tshwane.gov.za/Tshwanesms/Map.aspx,"-25.6596,28.1654|WOLMER#0",2026-09-24 17:14:48.543546+00:00,2026-09-26 14:25:10.204350+00:00,45.17
-25.6803305,28.2081515,WONDERBOOM,MOERBEI AVENUE,TSH,79900050,https://powerfailure.tshwane.gov.za/Tshwanesms/Map.aspx,"-25.6803,28.2082|WONDERBOOM#0",2026-09-23 15:54:26.696532+00:00,2026-09-26 14:25:10.204350+00:00,70.51
-25.6902257,28.254204,MONTANA PARK X05,AFONSO DRIVE,TSH,79900005,https://powerfailure.tshwane.gov.za/Tshwanesms/Map.aspx,"-25.6902,28.2542|MONTANA PARK X05#0",2026-09-23 15:54:26.696532+00:00,2026-09-26 14:25:10.204350+00:00,70.51
-25.6901871,28.2651136,MONTANA PARK X20,STANGERIA ROAD,TSH,79900005,https://powerfailure.tshwane.gov.za/Tshwanesms/Map.aspx,"-25.6902,28.2651|MONTANA PARK X20#0",2026-09-23 15:54:26.696532+00:00,2026-09-26 14:25:10.204350+00:00,70.51
-25.6872578,28.2597651,MONTANA PARK X40,DABCHICK STREET,TSH,79900005,https://powerfailure.tshwane.gov.za/Tshwanesms/Map.aspx,"-25.6873,28.2598|MONTANA PARK X40#0",2026-09-23 15:54:26.696532+00:00,2026-09-26 14:25:10.204350+00:00,70.51
-25.6892274,28.2612404,MONTANA PARK X86,LEYMANNI ROAD,TSH,79900005,https://powerfailure.tshwane.gov.za/Tshwanesms/Map.aspx,"-25.6892,28.2612|MONTANA PARK X86#0",2026-09-23 15:54:26.696532+00:00,2026-09-26 14:25:10.204350+00:00,70.51
-25.593745,28.061578,SOSHANGUVE SOUTH X10,STAND 20381,TSH,79900037,https://powerfailure.tshwane.gov.za/Tshwanesms/Map.aspx,"-25.5937,28.0616|SOSHANGUVE SOUTH X10#0",2026-09-23 15:54:26.696532+00:00,2026-09-26 14:25:10.204350+00:00,70.51
-25.7042996,28.2846237,DERDEPOORT 326-JR,MEEU STREET,TSH,79900087,https://powerfailure.tshwane.gov.za/Tshwanesms/Map.aspx,"-25.7043,28.2846|DERDEPOORT 326-JR#0",2026-09-23 15:54:26.696532+00:00,2026-09-26 14:25:10.204350+00:00,70.51
-25.8592837,28.2008429,DORINGKLOOF,LEONIE STREET,TSH,79900078,https://powerfailure.tshwane.gov.za/Tshwanesms/Map.aspx,"-25.8593,28.2008|DORINGKLOOF#0",2026-09-23 15:54:26.696532+00:00,2026-09-26 14:25:10.204350+00:00,70.51
-25.8569312,28.203119,DORINGKLOOF,LOUISE STREET,TSH,79900078,https://powerfailure.tshwane.gov.za/Tshwanesms/Map.aspx,"-25.8569,28.2031|DORINGKLOOF#0",2026-09-23 15:54:26.696532+00:00,2026-09-26 14:25:10.204350+00:00,70.51
-25.7292019,28.3995886,MAMELODI X03,STAND 21750,TSH,79900015,https://powerfailure.tshwane.gov.za/Tshwanesms/Map.aspx,"-25.7292,28.3996|MAMELODI X03#0",2026-09-23 15:54:26.696532+00:00,2026-09-26 14:25:10.204350+00:00,70.51
-25.7370663,28.3465997,NELLMAPIUS,SWARTKOPPIES AVENUE,TSH,79900086,https://powerfailure.tshwane.gov.za/Tshwanesms/Map.aspx,"-25.7371,28.3466|NELLMAPIUS#0",2026-09-26 14:25:10.204350+00:00,2026-09-26 14:25:10.204350+00:00,0.0
-25.7395026,28.3494249,NELLMAPIUS,BARBERTON AVENUE,TSH,79900086,https://powerfailure.tshwane.gov.za/Tshwanesms/Map.aspx,"-25.7395,28.3494|NELLMAPIUS#0",2026-09-26 14:25:10.204350+00:00,2026-09-26 14:25:10.204350+00:00,0.0
-25.7362541,28.3682951,NELLMAPIUS X03,KAIZER CHIEFS ROAD,TSH,79900086,https://powerfailure.tshwane.gov.za/Tshwanesms/Map.aspx,"-25.7363,28.3683|NELLMAPIUS X03#0",2026-09-23 15:54:26.696532+00:00,2026-09-26 14:25:10.204350+00:00,70.51
-25.7367774,28.3687399,NELLMAPIUS X03,JOMO COSMOS STREET,TSH,79900086,https://powerfailure.tshwane.gov.za/Tshwanesms/Map.aspx,"-25.7368,28.3687|NELLMAPIUS X03#0",2026-09-23 15:54:26.696532+00:00,2026-09-26 14:25:10.204350+00:00,70.51
-25.7400064,28.3749565,NELLMAPIUS X03,AFRICAN WANDERERS ROAD,TSH,79900086,https://powerfailure.tshwane.gov.za/Tshwanesms/Map.aspx,"-25.7400,28.3750|NELLMAPIUS X03#0",2026-09-24 11:52:55.215094+00:00,2026-09-26 14:25:10.204350+00:00,50.54
-25.7299982,28.3594319,NELLMAPIUS X04,ITEKELA STREET,TSH,79900028,https://powerfailure.tshwane.gov.za/Tshwanesms/Map.aspx,"-25.7300,28.3594|NELLMAPIUS X04#0",2026-09-23 15:54:26.696532+00:00,2026-09-26 14:25:10.204350+00:00,70.51
-25.732499,28.3592894,NELLMAPIUS X04,POELANO STREET,TSH,79900028,https://powerfailure.tshwane.gov.za/Tshwanesms/Map.aspx,"-25.7325,28.3593|NELLMAPIUS X04#0",2026-09-26 14:25:10.204350+00:00,2026-09-26 14:25:10.204350+00:00,0.0
-25.8778859,28.1292875,ROOIHUISKRAAL NOORD X19,SOOTY STREET,TSH,79900048,https://powerfailure.tshwane.gov.za/Tshwanesms/Map.aspx,"-25.8779,28.1293|ROOIHUISKRAAL NOORD X19#0",2026-09-26 04:51:34.754667+00:00,2026-09-26 14:25:10.204350+00:00,9.56
-25.8809295,28.1324483,ROOIHUISKRAAL NOORD X22,CONTHIUM LOOP,TSH,79900048,https://powerfailure.tshwane.gov.za/Tshwanesms/Map.aspx,"-25.8809,28.1324|ROOIHUISKRAAL NOORD X22#0",2026-09-26 04:51:34.754667+00:00,2026-09-26 14:25:10.204350+00:00,9.56
-25.8838744,28.1352288,ROOIHUISKRAAL NOORD X22,LENCHEN AVENUE,TSH,79900048,https://powerfailure.tshwane.gov.za/Tshwanesms/Map.aspx,"-25.8839,28.1352|ROOIHUISKRAAL NOORD X22#0",2026-09-26 04:51:34.754667+00:00,2026-09-26 14:25:10.204350+00:00,9.56
-25.8857069,28.1308115,ROOIHUISKRAAL NOORD X24,PIPE STEM CLOSE,TSH,79900048,https://powerfailure.tshwane.gov.za/Tshwanesms/Map.aspx,"-25.8857,28.1308|ROOIHUISKRAAL NOORD X24#0",2026-09-26 04:51:34.754667+00:00,2026-09-26 14:25:10.204350+00:00,9.56
-25.885816,28.1370253,ROOIHUISKRAAL NOORD,KRAALNABOOM AVENUE,TSH,79900048,https://powerfailure.tshwane.gov.za/Tshwanesms/Map.aspx,"-25.8858,28.1370|ROOIHUISKRAAL NOORD#0",2026-09-26 14:25:10.204350+00:00,2026-09-26 14:25:10.204350+00:00,0.0
-25.6770062,28.1553524,TILEBA,LEON STREET,TSH,79900098,https://powerfailure.tshwane.gov.za/Tshwanesms/Map.aspx,"-25.6770,28.1554|TILEBA#0",2026-09-23 15:54:26.696532+00:00,2026-09-26 14:25:10.204350+00:00,70.51
-25.6778126,28.1552677,TILEBA,PUNCTATA STREET,TSH,79900098,https://powerfailure.tshwane.gov.za/Tshwanesms/Map.aspx,"-25.6778,28.1553|TILEBA#0",2026-09-23 15:54:26.696532+00:00,2026-09-26 14:25:10.204350+00:00,70.51
-25.7290085,28.2132847,RIETFONTEIN,14TH AVENUE,TSH,79900053,https://powerfailure.tshwane.gov.za/Tshwanesms/Map.aspx,"-25.7290,28.2133|RIETFONTEIN#0",2026-09-26 14:25:10.204350+00:00,2026-09-26 14:25:10.204350+00:00,0.0
-25.7282977,28.2132119,RIETFONTEIN,14TH AVENUE,TSH,79900053,https://powerfailure.tshwane.gov.za/Tshwanesms/Map.aspx,"-25.7283,28.2132|RIETFONTEIN#0",2026-09-26 14:25:10.204350+00:00,2026-09-26 14:25:10.204350+00:00,0.0
-25.7282909,28.2124522,RIETFONTEIN,BLAKE STREET,TSH,79900053,https://powerfailure.tshwane.gov.za/Tshwanesms/Map.aspx,"-25.7283,28.2125|RIETFONTEIN#0",2026-09-26 14:25:10.204350+00:00,2026-09-26 14:25:10.204350+00:00,0.0
-25.6303879,28.0963096,ROSSLYN,PEGASUS STREET,TSH,79900037,https://powerfailure.tshwane.gov.za/Tshwanesms/Map.aspx,"-25.6304,28.0963|ROSSLYN#0",2026-09-23 15:54:26.696532+00:00,2026-09-26 14:25:10.204350+00:00,70.51
-25.6472299,28.0997593,THE ORCHARDS,PLANTAIN AVENUE,TSH,79900004,https://powerfailure.tshwane.gov.za/Tshwanesms/Map.aspx,"-25.6472,28.0998|THE ORCHARDS#0",2026-09-23 15:54:26.696532+00:00,2026-09-26 14:25:10.204350+00:00,70.51
-25.6453304,28.1014043,THE ORCHARDS,ORANGE AVENUE,TSH,79900004,https://powerfailure.tshwane.gov.za/Tshwanesms/Map.aspx,"-25.6453,28.1014|THE ORCHARDS#0",2026-09-23 15:54:26.696532+00:00,2026-09-26 14:25:10.204350+00:00,70.51
-25.813328,28.7300535,BRONKHORSTSPRUIT X01,H/V BUFFALO & ANTELOPE,TSH,79900105,https://powerfailure.tshwane.gov.za/Tshwanesms/Map.aspx,"-25.8133,28.7301|BRONKHORSTSPRUIT X01#0",2026-09-23 15:54:26.696532+00:00,2026-09-26 14:25:10.204350+00:00,70.51
-25.47479,28.0850197,SOSHANGUVE-NN,STAND 1322,TSH,79900011,https://powerfailure.tshwane.gov.za/Tshwanesms/Map.aspx,"-25.4748,28.0850|SOSHANGUVE-NN#0",2026-09-23 15:54:26.696532+00:00,2026-09-26 14:25:10.204350+00:00,70.51
-25.8843159,28.0915949,MONAVONI AH,MARIAS AVENUE,TSH,79900048,https://powerfailure.tshwane.gov.za/Tshwanesms/Map.aspx,"-25.8843,28.0916|MONAVONI AH#0",2026-09-26 14:25:10.204350+00:00,2026-09-26 14:25:10.204350+00:00,0.0
-25.6666072,28.2418625,MONTANA x 102,THIRD ROAD,TSH,79900096,https://powerfailure.tshwane.gov.za/Tshwanesms/Map.aspx,"-25.6666,28.2419|MONTANA X 102#0",2026-09-25 10:58:56.127220+00:00,2026-09-26 14:25:10.204350+00:00,27.44
-25.6881079,28.181244,PRETORIA NORTH,ERICH MAYER STREET,TSH,79900002,https://powerfailure.tshwane.gov.za/Tshwanesms/Map.aspx,"-25.6881,28.1812|PRETORIA NORTH#0",2026-09-23 15:54:26.696532+00:00,2026-09-26 14:25:10.204350+00:00,70.51
-25.7507707,28.1321779,WEST PARK,GRENS STREET,TSH,79900003,https://powerfailure.tshwane.gov.za/Tshwanesms/Map.aspx,"-25.7508,28.1322|WEST PARK#0",2026-09-23 15:54:26.696532+00:00,2026-09-26 14:25:10.204350+00:00,70.51
-25.8229596,28.2640736,WINGATE PARK,LINDROS STREET,TSH,79900047,https://powerfailure.tshwane.gov.za/Tshwanesms/Map.aspx,"-25.8230,28.2641|WINGATE PARK#0",2026-09-23 15:54:26.696532+00:00,2026-09-26 14:25:10.204350+00:00,70.51
-25.8598881,28.1495866,WIERDAPARK,WILLEM BOTHA STREET,TSH,79900070,https://powerfailure.tshwane.gov.za/Tshwanesms/Map.aspx,"-25.8599,28.1496|WIERDAPARK#0",2026-09-23 15:54:26.696532+00:00,2026-09-26 14:25:10.204350+00:00,70.51
-25.8591623,28.1507169,WIERDAPARK,SUSAN STREET,TSH,79900070,https://powerfailure.tshwane.gov.za/Tshwanesms/Map.aspx,"-25.8592,28.1507|WIERDAPARK#0",2026-09-23 15:54:26.696532+00:00,2026-09-26 14:25:10.204350+00:00,70.51
-25.8618597,28.1476762,WIERDAPARK,WILHELMINA STREET,TSH,79900070,https://powerfailure.tshwane.gov.za/Tshwanesms/Map.aspx,"-25.8619,28.1477|WIERDAPARK#0",2026-09-23 15:54:26.696532+00:00,2026-09-26 14:25:10.204350+00:00,70.51
-25.8563002,28.1394162,WIERDAPARK,ELIZABETH STREET,TSH,79900070,https://powerfailure.tshwane.gov.za/Tshwanesms/Map.aspx,"-25.8563,28.1394|WIERDAPARK#0",2026-09-23 15:54:26.696532+00:00,2026-09-26 14:25:10.204350+00:00,70.51
-25.8605705,28.1420471,WIERDAPARK,ELAND STREET,TSH,79900070,https://powerfailure.tshwane.gov.za/Tshwanesms/Map.aspx,"-25.8606,28.1420|WIERDAPARK#0",2026-09-23 15:54:26.696532+00:00,2026-09-26 14:25:10.204350+00:00,70.51
-25.8608481,28.1429099,WIERDAPARK,ELAND STREET,TSH,79900070,https://powerfailure.tshwane.gov.za/Tshwanesms/Map.aspx,"-25.8608,28.1429|WIERDAPARK#0",2026-09-23 15:54:26.696532+00:00,2026-09-26 14:25:10.204350+00:00,70.51
-25.8641197,28.1492542,WIERDAPARK,HENRIETTE STREET,TSH,79900070,https://powerfailure.tshwane.gov.za/Tshwanesms/Map.aspx,"-25.8641,28.1493|WIERDAPARK#0",2026-09-23 15:54:26.696532+00:00,2026-09-26 14:25:10.204350+00:00,70.51
-25.8630912,28.1484692,WIERDAPARK,CHRIS HOUGAARD STREET,TSH,79900070,https://powerfailure.tshwane.gov.za/Tshwanesms/Map.aspx,"-25.8631,28.1485|WIERDAPARK#0",2026-09-23 15:54:26.696532+00:00,2026-09-26 14:25:10.204350+00:00,70.51
-25.868395,28.14559,WIERDAPARK,FEARIKA STREET,TSH,79900070,https://powerfailure.tshwane.gov.za/Tshwanesms/Map.aspx,"-25.8684,28.1456|WIERDAPARK#0",2026-09-23 15:54:26.696532+00:00,2026-09-26 14:25:10.204350+00:00,70.51
-25.8667486,28.1464606,WIERDAPARK,DU TOIT STREET,TSH,79900070,https://powerfailure.tshwane.gov.za/Tshwanesms/Map.aspx,"-25.8667,28.1465|WIERDAPARK#0",2026-09-23 15:54:26.696532+00:00,2026-09-26 14:25:10.204350+00:00,70.51
-25.6727428,28.518977,CULLINAN,HOTEL,TSH,79900100,https://powerfailure.tshwane.gov.za/Tshwanesms/Map.aspx,"-25.6727,28.5190|CULLINAN#0",2026-09-24 21:33:51.861461+00:00,2026-09-26 14:25:10.204350+00:00,40.86
-25.6461594,28.2286933,DOORNPOORT,DENNEBOOM ROAD,TSH,79900096,https://powerfailure.tshwane.gov.za/Tshwanesms/Map.aspx,"-25.6462,28.2287|DOORNPOORT#0",2026-09-25 10:58:56.127220+00:00,2026-09-26 14:25:10.204350+00:00,27.44
-25.6499078,28.2358617,DOORNPOORT,SANDVYGIE CRESC,TSH,79900096,https://powerfailure.tshwane.gov.za/Tshwanesms/Map.aspx,"-25.6499,28.2359|DOORNPOORT#0",2026-09-25 10:58:56.127220+00:00,2026-09-26 14:25:10.204350+00:00,27.44
-25.6499078,28.2358617,DOORNPOORT,SANDVYGIE CRESC,TSH,79900096,https://powerfailure.tshwane.gov.za/Tshwanesms/Map.aspx,"-25.6499,28.2359|DOORNPOORT#1",2026-09-25 10:58:56.127220+00:00,2026-09-26 14:25:10.204350+00:00,27.44
-25.6515367,28.2353717,DOORNPOORT,DELPHINIUM STREET,TSH,79900096,https://powerfailure.tshwane.gov.za/Tshwanesms/Map.aspx,"-25.6515,28.2354|DOORNPOORT#0",2026-09-25 10:58:56.127220+00:00,2026-09-26 14:25:10.204350+00:00,27.44
-25.6498547,28.2420857,DOORNPOORT,AIRPORT ROAD,TSH,79900096,https://powerfailure.tshwane.gov.za/Tshwanesms/Map.aspx,"-25.6499,28.2421|DOORNPOORT#0",2026-09-25 10:58:56.127220+00:00,2026-09-26 14:25:10.204350+00:00,27.44
-25.6510963,28.2310725,DOORNPOORT,MAGELLAN PLACE,TSH,79900096,https://powerfailure.tshwane.gov.za/Tshwanesms/Map.aspx,"-25.6511,28.2311|DOORNPOORT#0",2026-09-25 10:58:56.127220+00:00,2026-09-26 14:25:10.204350+00:00,27.44
-25.6577758,28.2461711,DOORNPOORT X01,UMTOMA AVENUE,TSH,79900096,https://powerfailure.tshwane.gov.za/Tshwanesms/Map.aspx,"-25.6578,28.2462|DOORNPOORT X01#0",2026-09-25 10:58:56.127220+00:00,2026-09-26 14:25:10.204350+00:00,27.44
-25.6462827,28.2460555,DOORNPOORT X06,HAIRBELL STREET,TSH,79900096,https://powerfailure.tshwane.gov.za/Tshwanesms/Map.aspx,"-25.6463,28.2461|DOORNPOORT X06#0",2026-09-25 10:58:56.127220+00:00,2026-09-26 14:25:10.204350+00:00,27.44
-25.6476494,28.2469911,DOORNPOORT X06,OKKERNEUT CRESCENT,TSH,79900096,https://powerfailure.tshwane.gov.za/Tshwanesms/Map.aspx,"-25.6476,28.2470|DOORNPOORT X06#0",2026-09-25 10:58:56.127220+00:00,2026-09-26 14:25:10.204350+00:00,27.44
-25.6491675,28.2462894,DOORNPOORT X06,AIRA AVENUE,TSH,79900096,https://powerfailure.tshwane.gov.za/Tshwanesms/Map.aspx,"-25.6492,28.2463|DOORNPOORT X06#0",2026-09-25 10:58:56.127220+00:00,2026-09-26 14:25:10.204350+00:00,27.44
-25.6494767,28.2462724,DOORNPOORT X06,AIRPORT ROAD,TSH,79900096,https://powerfailure.tshwane.gov.za/Tshwanesms/Map.aspx,"-25.6495,28.2463|DOORNPOORT X06#0",2026-09-25 10:58:56.127220+00:00,2026-09-26 14:25:10.204350+00:00,27.44
-25.6505901,28.2346793,DOORNPOORT,SANDVYGIE CRESC,TSH,79900096,https://powerfailure.tshwane.gov.za/Tshwanesms/Map.aspx,"-25.6506,28.2347|DOORNPOORT#0",2026-09-25 10:58:56.127220+00:00,2026-09-26 14:25:10.204350+00:00,27.44
-25.6509617,28.2703466,DOORNPOORT X41,RIVEA STREET,TSH,79900096,https://powerfailure.tshwane.gov.za/Tshwanesms/Map.aspx,"-25.6510,28.2703|DOORNPOORT X41#0",2026-09-23 15:54:26.696532+00:00,2026-09-26 14:25:10.204350+00:00,70.51
-25.7009071,27.9994215,VONTINA AH,PL MVN-128-03S,TSH,79900055,https://powerfailure.tshwane.gov.za/Tshwanesms/Map.aspx,"-25.7009,27.9994|VONTINA AH#0",2026-09-23 15:54:26.696532+00:00,2026-09-26 14:25:10.204350+00:00,70.51
-25.712171,28.3732064,MAMELODI,STAND 12537,TSH,79900023,https://powerfailure.tshwane.gov.za/Tshwanesms/Map.aspx,"-25.7122,28.3732|MAMELODI#0",2026-09-23 15:54:26.696532+00:00,2026-09-26 14:25:10.204350+00:00,70.51
-25.7189726,28.3641772,MAMELODI,A28639,TSH,79900028,https://powerfailure.tshwane.gov.za/Tshwanesms/Map.aspx,"-25.7190,28.3642|MAMELODI#0",2026-09-23 15:54:26.696532+00:00,2026-09-26 14:25:10.204350+00:00,70.51
-25.7159326,28.379657,MAMELODI,BOPHELONG STREET,TSH,79900018,https://powerfailure.tshwane.gov.za/Tshwanesms/Map.aspx,"-25.7159,28.3797|MAMELODI#0",2026-09-23 15:54:26.696532+00:00,2026-09-26 14:25:10.204350+00:00,70.51
-25.7209375,28.3787191,MAMELODI,STAND 20161,TSH,79900018,https://powerfailure.tshwane.gov.za/Tshwanesms/Map.aspx,"-25.7209,28.3787|MAMELODI#0",2026-09-23 15:54:26.696532+00:00,2026-09-26 14:25:10.204350+00:00,70.51
-25.7203621,28.3781915,MAMELODI,STAND 20192,TSH,79900018,https://powerfailure.tshwane.gov.za/Tshwanesms/Map.aspx,"-25.7204,28.3782|MAMELODI#0",2026-09-23 15:54:26.696532+00:00,2026-09-26 14:25:10.204350+00:00,70.51
-25.6966586,28.1738826,MOUNTAIN VIEW,ULUNDI AVENUE,TSH,79900054,https://powerfailure.tshwane.gov.za/Tshwanesms/Map.aspx,"-25.6967,28.1739|MOUNTAIN VIEW#0",2026-09-23 21:32:43.518437+00:00,2026-09-26 14:25:10.204350+00:00,64.87
-25.7297346,28.2531652,QUEENSWOOD,PLAIN AVENUE,TSH,79900084,https://powerfailure.tshwane.gov.za/Tshwanesms/Map.aspx,"-25.7297,28.2532|QUEENSWOOD#0",2026-09-26 04:51:34.754667+00:00,2026-09-26 14:25:10.204350+00:00,9.56
-25.7288388,28.2529374,QUEENSWOOD,STOREY STREET,TSH,79900084,https://powerfailure.tshwane.gov.za/Tshwanesms/Map.aspx,"-25.7288,28.2529|QUEENSWOOD#0",2026-09-26 04:51:34.754667+00:00,2026-09-26 14:25:10.204350+00:00,9.56
-25.7294021,28.2541438,QUEENSWOOD,STOREY STREET,TSH,79900084,https://powerfailure.tshwane.gov.za/Tshwanesms/Map.aspx,"-25.7294,28.2541|QUEENSWOOD#0",2026-09-26 04:51:34.754667+00:00,2026-09-26 14:25:10.204350+00:00,9.56
-25.7293524,28.2552247,QUEENSWOOD,STOREY STREET,TSH,79900084,https://powerfailure.tshwane.gov.za/Tshwanesms/Map.aspx,"-25.7294,28.2552|QUEENSWOOD#0",2026-09-26 04:51:34.754667+00:00,2026-09-26 14:25:10.204350+00:00,9.56
-25.7218006,28.257452,QUEENSWOOD X02,MULLER ROAD,TSH,79900084,https://powerfailure.tshwane.gov.za/Tshwanesms/Map.aspx,"-25.7218,28.2575|QUEENSWOOD X02#0",2026-09-23 21:32:43.518437+00:00,2026-09-26 14:25:10.204350+00:00,64.87
-25.6630147,28.2344266,SINOVILLE X06,JAN BANTJIES ROAD,TSH,79900096,https://powerfailure.tshwane.gov.za/Tshwanesms/Map.aspx,"-25.6630,28.2344|SINOVILLE X06#0",2026-09-25 10:58:56.127220+00:00,2026-09-26 14:25:10.204350+00:00,27.44
-25.6633032,28.232548,SINOVILLE X06,S H PELLISSIER STREET,TSH,79900096,https://powerfailure.tshwane.gov.za/Tshwanesms/Map.aspx,"-25.6633,28.2325|SINOVILLE X06#0",2026-09-25 10:58:56.127220+00:00,2026-09-26 14:25:10.204350+00:00,27.44
-25.7977761,28.2421311,WATERKLOOF RIDGE,INDUS STREET,TSH,79900042,https://powerfailure.tshwane.gov.za/Tshwanesms/Map.aspx,"-25.7978,28.2421|WATERKLOOF RIDGE#0",2026-09-23 15:54:26.696532+00:00,2026-09-26 14:25:10.204350+00:00,70.51
-25.8158727,28.2450932,WATERKLOOF RIDGE X02,CLIFF AVENUE,TSH,79900042,https://powerfailure.tshwane.gov.za/Tshwanesms/Map.aspx,"-25.8159,28.2451|WATERKLOOF RIDGE X02#0",2026-09-26 04:51:34.754667+00:00,2026-09-26 14:25:10.204350+00:00,9.56
-25.8143759,28.247692,WATERKLOOF RIDGE X02,AQUILA AVENUE,TSH,79900042,https://powerfailure.tshwane.gov.za/Tshwanesms/Map.aspx,"-25.8144,28.2477|WATERKLOOF RIDGE X02#0",2026-09-26 14:25:10.204350+00:00,2026-09-26 14:25:10.204350+00:00,0.0
-25.8168472,28.2504702,WATERKLOOF RIDGE X02,POLARIS AVENUE,TSH,79900042,https://powerfailure.tshwane.gov.za/Tshwanesms/Map.aspx,"-25.8168,28.2505|WATERKLOOF RIDGE X02#0",2026-09-26 14:25:10.204350+00:00,2026-09-26 14:25:10.204350+00:00,0.0
-25.817404,28.2474378,WATERKLOOF RIDGE X02,CLIFF AVENUE,TSH,79900042,https://powerfailure.tshwane.gov.za/Tshwanesms/Map.aspx,"-25.8174,28.2474|WATERKLOOF RIDGE X02#0",2026-09-26 14:25:10.204350+00:00,2026-09-26 14:25:10.204350+00:00,0.0
-25.7563119,28.3741262,SAVANNAH COUNTRY ESTATE X01,SAVANNAH COUNTRY ESTATE EXT 1,TSH,79900015,https://powerfailure.tshwane.gov.za/Tshwanesms/Map.aspx,"-25.7563,28.3741|SAVANNAH COUNTRY ESTATE X01#0",2026-09-23 15:54:26.696532+00:00,2026-09-26 14:25:10.204350+00:00,70.51
-25.696067,28.0267159,ENORMWATER AH,PL MVN-092-04N,TSH,79900055,https://powerfailure.tshwane.gov.za/Tshwanesms/Map.aspx,"-25.6961,28.0267|ENORMWATER AH#0",2026-09-25 17:15:35.006199+00:00,2026-09-26 14:25:10.204350+00:00,21.16
-25.5046572,28.1113016,SOSHANGUVE-CC,STAND 200,TSH,79900033,https://powerfailure.tshwane.gov.za/Tshwanesms/Map.aspx,"-25.5047,28.1113|SOSHANGUVE-CC#0",2026-09-24 11:52:55.215094+00:00,2026-09-26 14:25:10.204350+00:00,50.54
-25.4860133,28.109241,SOSHANGUVE-DD,STAND 368,TSH,79900088,https://powerfailure.tshwane.gov.za/Tshwanesms/Map.aspx,"-25.4860,28.1092|SOSHANGUVE-DD#0",2026-09-23 15:54:26.696532+00:00,2026-09-26 14:25:10.204350+00:00,70.51
-25.4961725,28.112345,SOSHANGUVE-DD,STAND 1243,TSH,79900088,https://powerfailure.tshwane.gov.za/Tshwanesms/Map.aspx,"-25.4962,28.1123|SOSHANGUVE-DD#0",2026-09-23 15:54:26.696532+00:00,2026-09-26 14:25:10.204350+00:00,70.51
-25.7773267,28.2131252,GROENKLOOF,HERBERT BAKER STREET,TSH,79900059,https://powerfailure.tshwane.gov.za/Tshwanesms/Map.aspx,"-25.7773,28.2131|GROENKLOOF#0",2026-09-23 15:54:26.696532+00:00,2026-09-26 14:25:10.204350+00:00,70.51
-25.7770821,28.2125586,GROENKLOOF,HERBERT BAKER STREET,TSH,79900059,https://powerfailure.tshwane.gov.za/Tshwanesms/Map.aspx,"-25.7771,28.2126|GROENKLOOF#0",2026-09-23 15:54:26.696532+00:00,2026-09-26 14:25:10.204350+00:00,70.51
-25.7736005,28.2136585,GROENKLOOF,FRANS OERDER STREET,TSH,79900059,https://powerfailure.tshwane.gov.za/Tshwanesms/Map.aspx,"-25.7736,28.2137|GROENKLOOF#0",2026-09-23 15:54:26.696532+00:00,2026-09-26 14:25:10.204350+00:00,70.51
-25.7753356,28.2124506,GROENKLOOF,BAINES STREET,TSH,79900059,https://powerfailure.tshwane.gov.za/Tshwanesms/Map.aspx,"-25.7753,28.2125|GROENKLOOF#0",2026-09-23 15:54:26.696532+00:00,2026-09-26 14:25:10.204350+00:00,70.51
-25.724586,27.990537,UITZICHT ALIAS RIETVALEI 314-JR,1/R,TSH,79900055,https://powerfailure.tshwane.gov.za/Tshwanesms/Map.aspx,"-25.7246,27.9905|UITZICHT ALIAS RIETVALEI 314-JR#0",2026-09-26 04:51:34.754667+00:00,2026-09-26 14:25:10.204350+00:00,9.56
-25.7350496,28.0519392,UITZICHT ALIAS RIETVALEI 314-JR,PL MVS-060-12-19S-01E,TSH,79900055,https://powerfailure.tshwane.gov.za/Tshwanesms/Map.aspx,"-25.7350,28.0519|UITZICHT ALIAS RIETVALEI 314-JR#0",2026-09-25 17:15:35.006199+00:00,2026-09-26 14:25:10.204350+00:00,21.16
-25.7219481,28.0152068,UITZICHT ALIAS RIETVALEI 314-JR,PL MVS-100-02S (STAND 92),TSH,79900055,https://powerfailure.tshwane.gov.za/Tshwanesms/Map.aspx,"-25.7219,28.0152|UITZICHT ALIAS RIETVALEI 314-JR#0",2026-09-26 04:51:34.754667+00:00,2026-09-26 14:25:10.204350+00:00,9.56
-25.7420141,28.283202,HARTEBEESTPOORT 328-JR,KESSELAAR AVENUE,TSH,79900046,https://powerfailure.tshwane.gov.za/Tshwanesms/Map.aspx,"-25.7420,28.2832|HARTEBEESTPOORT 328-JR#0",2026-09-23 15:54:26.696532+00:00,2026-09-26 14:25:10.204350+00:00,70.51
-25.7204508,28.4073877,MAMELODI X06,MOKATA STREET,TSH,79900040,https://powerfailure.tshwane.gov.za/Tshwanesms/Map.aspx,"-25.7205,28.4074|MAMELODI X06#0",2026-09-23 15:54:26.696532+00:00,2026-09-26 14:25:10.204350+00:00,70.51
-25.7910497,28.2662139,NEWLANDS X01,WILD AVENUE,TSH,79900082,https://powerfailure.tshwane.gov.za/Tshwanesms/Map.aspx,"-25.7910,28.2662|NEWLANDS X01#0",2026-09-23 15:54:26.696532+00:00,2026-09-26 14:25:10.204350+00:00,70.51
-25.9108859,28.0993335,OLIEVENHOUTBOS X15,INOMFI STREET,TSH,79900106,https://powerfailure.tshwane.gov.za/Tshwanesms/Map.aspx,"-25.9109,28.0993|OLIEVENHOUTBOS X15#0",2026-09-26 14:25:10.204350+00:00,2026-09-26 14:25:10.204350+00:00,0.0
-25.9070898,28.0977859,OLIEVENHOUTBOS X15,UMHLUME STREET,TSH,79900106,https://powerfailure.tshwane.gov.za/Tshwanesms/Map.aspx,"-25.9071,28.0978|OLIEVENHOUTBOS X15#0",2026-09-26 14:25:10.204350+00:00,2026-09-26 14:25:10.204350+00:00,0.0
-25.6575115,28.3402774,KAMEELDRIFT 298-JR,KAMEELDRIFT,TSH,79900087,https://powerfailure.tshwane.gov.za/Tshwanesms/Map.aspx,"-25.6575,28.3403|KAMEELDRIFT 298-JR#0",2026-09-23 15:54:26.696532+00:00,2026-09-26 14:25:10.204350+00:00,70.51
-25.9068775,28.1357612,THE REEDS X09,BRADLEY STREET,TSH,79900064,https://powerfailure.tshwane.gov.za/Tshwanesms/Map.aspx,"-25.9069,28.1358|THE REEDS X09#0",2026-09-26 04:51:34.754667+00:00,2026-09-26 14:25:10.204350+00:00,9.56
-25.9073212,28.1408036,THE REEDS X09,ROOIHUISKRAAL ROAD,TSH,79900064,https://powerfailure.tshwane.gov.za/Tshwanesms/Map.aspx,"-25.9073,28.1408|THE REEDS X09#0",2026-09-26 14:25:10.204350+00:00,2026-09-26 14:25:10.204350+00:00,0.0
-25.9068331,28.1462429,THE REEDS X02,HERON STREET,TSH,79900064,https://powerfailure.tshwane.gov.za/Tshwanesms/Map.aspx,"-25.9068,28.1462|THE REEDS X02#0",2026-09-26 14:25:10.204350+00:00,2026-09-26 14:25:10.204350+00:00,0.0
-25.9091878,28.1438475,THE REEDS X19,SKIMMER STREET,TSH,79900064,https://powerfailure.tshwane.gov.za/Tshwanesms/Map.aspx,"-25.9092,28.1438|THE REEDS X19#0",2026-09-26 04:51:34.754667+00:00,2026-09-26 14:25:10.204350+00:00,9.56
-25.8943831,28.1236314,THE REEDS X29,HIBISCUS AVENUE,TSH,79900064,https://powerfailure.tshwane.gov.za/Tshwanesms/Map.aspx,"-25.8944,28.1236|THE REEDS X29#0",2026-09-26 14:25:10.204350+00:00,2026-09-26 14:25:10.204350+00:00,0.0
-25.8926331,28.1192857,THE REEDS X34,BRAKFONTEIN ROAD,TSH,79900064,https://powerfailure.tshwane.gov.za/Tshwanesms/Map.aspx,"-25.8926,28.1193|THE REEDS X34#0",2026-09-26 04:51:34.754667+00:00,2026-09-26 14:25:10.204350+00:00,9.56
-25.8932785,28.1134127,THE REEDS X35,BARKBUSH STREET,TSH,79900064,https://powerfailure.tshwane.gov.za/Tshwanesms/Map.aspx,"-25.8933,28.1134|THE REEDS X35#0",2026-09-26 14:25:10.204350+00:00,2026-09-26 14:25:10.204350+00:00,0.0
-25.8642736,28.1517965,WIERDAPARK X05,PORCHE AVENUE,TSH,79900070,https://powerfailure.tshwane.gov.za/Tshwanesms/Map.aspx,"-25.8643,28.1518|WIERDAPARK X05#0",2026-09-23 15:54:26.696532+00:00,2026-09-26 14:25:10.204350+00:00,70.51
-25.8733788,28.1579271,WIERDAPARK X02,ERMELO STREET,TSH,79900069,https://powerfailure.tshwane.gov.za/Tshwanesms/Map.aspx,"-25.8734,28.1579|WIERDAPARK X02#0",2026-09-23 15:54:26.696532+00:00,2026-09-26 14:25:10.204350+00:00,70.51
-25.6352839,28.1300802,WITFONTEIN 301-JR,STAND 301,TSH,79900098,https://powerfailure.tshwane.gov.za/Tshwanesms/Map.aspx,"-25.6353,28.1301|WITFONTEIN 301-JR#0",2026-09-23 15:54:26.696532+00:00,2026-09-26 14:25:10.204350+00:00,70.51
-25.6879574,28.1983798,WONDERBOOM,GWARRIEBOS AVENUE,TSH,79900050,https://powerfailure.tshwane.gov.za/Tshwanesms/Map.aspx,"-25.6880,28.1984|WONDERBOOM#0",2026-09-23 15:54:26.696532+00:00,2026-09-26 14:25:10.204350+00:00,70.51
-25.7337166,28.0287393,KRAUSEVILLE AH,PL MVS-093-23S,TSH,79900055,https://powerfailure.tshwane.gov.za/Tshwanesms/Map.aspx,"-25.7337,28.0287|KRAUSEVILLE AH#0",2026-09-25 17:15:35.006199+00:00,2026-09-26 14:25:10.204350+00:00,21.16
-25.5944031,28.0606184,SOSHANGUVE SOUTH X10,STAND 20407,TSH,79900037,https://powerfailure.tshwane.gov.za/Tshwanesms/Map.aspx,"-25.5944,28.0606|SOSHANGUVE SOUTH X10#0",2026-09-23 15:54:26.696532+00:00,2026-09-26 14:25:10.204350+00:00,70.51
-25.6983737,28.2943283,DERDEPOORTPARK X03,DRAWWER CRESCENT,TSH,79900087,https://powerfailure.tshwane.gov.za/Tshwanesms/Map.aspx,"-25.6984,28.2943|DERDEPOORTPARK X03#0",2026-09-23 15:54:26.696532+00:00,2026-09-26 14:25:10.204350+00:00,70.51
-25.8518659,28.2065144,DORINGKLOOF,LEONIE STREET,TSH,79900078,https://powerfailure.tshwane.gov.za/Tshwanesms/Map.aspx,"-25.8519,28.2065|DORINGKLOOF#0",2026-09-23 15:54:26.696532+00:00,2026-09-26 14:25:10.204350+00:00,70.51
-25.8532782,28.2148771,DORINGKLOOF,JASPER AVENUE,TSH,79900078,https://powerfailure.tshwane.gov.za/Tshwanesms/Map.aspx,"-25.8533,28.2149|DORINGKLOOF#0",2026-09-23 15:54:26.696532+00:00,2026-09-26 14:25:10.204350+00:00,70.51
-25.5576242,28.0775345,SOSHANGUVE-UU,STAND 897,TSH,79900036,https://powerfailure.tshwane.gov.za/Tshwanesms/Map.aspx,"-25.5576,28.0775|SOSHANGUVE-UU#0",2026-09-24 21:33:51.861461+00:00,2026-09-26 14:25:10.204350+00:00,40.86
-25.7001667,28.3982426,MAMELODI X05,MMUTLANA STREET,TSH,79900016,https://powerfailure.tshwane.gov.za/Tshwanesms/Map.aspx,"-25.7002,28.3982|MAMELODI X05#0",2026-09-23 15:54:26.696532+00:00,2026-09-26 14:25:10.204350+00:00,70.51
-25.7389046,28.3459908,NELLMAPIUS,GRABOUW- PLACE,TSH,79900086,https://powerfailure.tshwane.gov.za/Tshwanesms/Map.aspx,"-25.7389,28.3460|NELLMAPIUS#0",2026-09-25 17:15:35.006199+00:00,2026-09-26 14:25:10.204350+00:00,21.16
-25.7340137,28.36758,NELLMAPIUS X03,SANTOS STREET,TSH,79900086,https://powerfailure.tshwane.gov.za/Tshwanesms/Map.aspx,"-25.7340,28.3676|NELLMAPIUS X03#0",2026-09-23 15:54:26.696532+00:00,2026-09-26 14:25:10.204350+00:00,70.51
-25.738787,28.3708968,NELLMAPIUS X03,COLTS STREET,TSH,79900086,https://powerfailure.tshwane.gov.za/Tshwanesms/Map.aspx,"-25.7388,28.3709|NELLMAPIUS X03#0",2026-09-23 15:54:26.696532+00:00,2026-09-26 14:25:10.204350+00:00,70.51
-25.7382791,28.37218,NELLMAPIUS X03,AMAZULU STREET,TSH,79900086,https://powerfailure.tshwane.gov.za/Tshwanesms/Map.aspx,"-25.7383,28.3722|NELLMAPIUS X03#0",2026-09-23 15:54:26.696532+00:00,2026-09-26 14:25:10.204350+00:00,70.51
-25.7294186,28.3598698,NELLMAPIUS X04,MAFIFI,TSH,79900028,https://powerfailure.tshwane.gov.za/Tshwanesms/Map.aspx,"-25.7294,28.3599|NELLMAPIUS X04#0",2026-09-23 15:54:26.696532+00:00,2026-09-26 14:25:10.204350+00:00,70.51
-25.8768729,28.1311957,ROOIHUISKRAAL NOORD X18,OSPREY STREET,TSH,79900048,https://powerfailure.tshwane.gov.za/Tshwanesms/Map.aspx,"-25.8769,28.1312|ROOIHUISKRAAL NOORD X18#0",2026-09-25 17:15:35.006199+00:00,2026-09-26 14:25:10.204350+00:00,21.16
-25.8869117,28.134806,ROOIHUISKRAAL NOORD X28,KRAALNABOOM AVENUE,TSH,79900048,https://powerfailure.tshwane.gov.za/Tshwanesms/Map.aspx,"-25.8869,28.1348|ROOIHUISKRAAL NOORD X28#0",2026-09-26 04:51:34.754667+00:00,2026-09-26 14:25:10.204350+00:00,9.56
-25.8862618,28.1282226,ROOIHUISKRAAL NOORD X24,BLUNT LEAF LOOP,TSH,79900048,https://powerfailure.tshwane.gov.za/Tshwanesms/Map.aspx,"-25.8863,28.1282|ROOIHUISKRAAL NOORD X24#0",2026-09-26 04:51:34.754667+00:00,2026-09-26 14:25:10.204350+00:00,9.56
-25.7189692,28.2180079,RIETFONTEIN,NICO SMITH STREET,TSH,79900053,https://powerfailure.tshwane.gov.za/Tshwanesms/Map.aspx,"-25.7190,28.2180|RIETFONTEIN#0",2026-09-23 15:54:26.696532+00:00,2026-09-26 14:25:10.204350+00:00,70.51
-25.6956418,28.2208175,RIETFONTEIN,CROTS STREET,TSH,79900054,https://powerfailure.tshwane.gov.za/Tshwanesms/Map.aspx,"-25.6956,28.2208|RIETFONTEIN#0",2026-09-23 15:54:26.696532+00:00,2026-09-26 14:25:10.204350+00:00,70.51
-25.6341107,28.5289419,REFILWE X05,STAND,TSH,79900099,https://powerfailure.tshwane.gov.za/Tshwanesms/Map.aspx,"-25.6341,28.5289|REFILWE X05#0",2026-09-23 15:54:26.696532+00:00,2026-09-26 14:25:10.204350+00:00,70.51
-25.6354637,28.5285819,REFILWE X05,STAND,TSH,79900099,https://powerfailure.tshwane.gov.za/Tshwanesms/Map.aspx,"-25.6355,28.5286|REFILWE X05#0",2026-09-23 15:54:26.696532+00:00,2026-09-26 14:25:10.204350+00:00,70.51
-25.6995319,28.1929484,WONDERBOOM SOUTH,5TH AVENUE,TSH,79900054,https://powerfailure.tshwane.gov.za/Tshwanesms/Map.aspx,"-25.6995,28.1929|WONDERBOOM SOUTH#0",2026-09-24 17:14:48.543546+00:00,2026-09-26 14:25:10.204350+00:00,45.17
-25.7299654,28.0758308,ZANDFONTEIN 317-JR,PL MVS-030-11-05W,TSH,79900055,https://powerfailure.tshwane.gov.za/Tshwanesms/Map.aspx,"-25.7300,28.0758|ZANDFONTEIN 317-JR#0",2026-09-26 04:51:34.754667+00:00,2026-09-26 14:25:10.204350+00:00,9.56
-25.6502617,28.0980241,THE ORCHARDS,SERING AVENUE,TSH,79900004,https://powerfailure.tshwane.gov.za/Tshwanesms/Map.aspx,"-25.6503,28.0980|THE ORCHARDS#0",2026-09-23 15:54:26.696532+00:00,2026-09-26 14:25:10.204350+00:00,70.51
-25.6505445,28.0989914,THE ORCHARDS,PLANTAIN AVENUE,TSH,79900004,https://powerfailure.tshwane.gov.za/Tshwanesms/Map.aspx,"-25.6505,28.0990|THE ORCHARDS#0",2026-09-23 15:54:26.696532+00:00,2026-09-26 14:25:10.204350+00:00,70.51
-25.650742,28.0985746,THE ORCHARDS,SERING AVENUE,TSH,79900004,https://powerfailure.tshwane.gov.za/Tshwanesms/Map.aspx,"-25.6507,28.0986|THE ORCHARDS#0",2026-09-23 15:54:26.696532+00:00,2026-09-26 14:25:10.204350+00:00,70.51
-25.6499256,28.102002,THE ORCHARDS,KAREE AVENUE,TSH,79900004,https://powerfailure.tshwane.gov.za/Tshwanesms/Map.aspx,"-25.6499,28.1020|THE ORCHARDS#0",2026-09-23 15:54:26.696532+00:00,2026-09-26 14:25:10.204350+00:00,70.51
-25.6456896,28.1014018,THE ORCHARDS,PINE STREET,TSH,79900004,https://powerfailure.tshwane.gov.za/Tshwanesms/Map.aspx,"-25.6457,28.1014|THE ORCHARDS#0",2026-09-23 15:54:26.696532+00:00,2026-09-26 14:25:10.204350+00:00,70.51
-25.6399005,28.1005952,THE ORCHARDS,RAILWAY ROAD,TSH,79900004,https://powerfailure.tshwane.gov.za/Tshwanesms/Map.aspx,"-25.6399,28.1006|THE ORCHARDS#0",2026-09-23 15:54:26.696532+00:00,2026-09-26 14:25:10.204350+00:00,70.51
-25.6501667,28.1058543,THE ORCHARDS X03,BERTRAM AVENUE,TSH,79900004,https://powerfailure.tshwane.gov.za/Tshwanesms/Map.aspx,"-25.6502,28.1059|THE ORCHARDS X03#0",2026-09-23 15:54:26.696532+00:00,2026-09-26 14:25:10.204350+00:00,70.51
-25.6448019,28.1034047,THE ORCHARDS X10,KIRKNESS ROAD,TSH,79900004,https://powerfailure.tshwane.gov.za/Tshwanesms/Map.aspx,"-25.6448,28.1034|THE ORCHARDS X10#0",2026-09-23 15:54:26.696532+00:00,2026-09-26 14:25:10.204350+00:00,70.51
-25.6463117,28.1090228,THE ORCHARDS X10,JENSEN ROAD,TSH,79900004,https://powerfailure.tshwane.gov.za/Tshwanesms/Map.aspx,"-25.6463,28.1090|THE ORCHARDS X10#0",2026-09-23 15:54:26.696532+00:00,2026-09-26 14:25:10.204350+00:00,70.51
-25.6466848,28.1090342,THE ORCHARDS X10,JENSEN ROAD,TSH,79900004,https://powerfailure.tshwane.gov.za/Tshwanesms/Map.aspx,"-25.6467,28.1090|THE ORCHARDS X10#0",2026-09-23 15:54:26.696532+00:00,2026-09-26 14:25:10.204350+00:00,70.51
-25.6455753,28.108605,THE ORCHARDS X10,SEYMORE ROAD,TSH,79900004,https://powerfailure.tshwane.gov.za/Tshwanesms/Map.aspx,"-25.6456,28.1086|THE ORCHARDS X10#0",2026-09-23 15:54:26.696532+00:00,2026-09-26 14:25:10.204350+00:00,70.51
-25.7724349,28.7194761,ZITHOBENI X02,ZITHOBENI,TSH,79900102,https://powerfailure.tshwane.gov.za/Tshwanesms/Map.aspx,"-25.7724,28.7195|ZITHOBENI X02#0",2026-09-25 10:58:56.127220+00:00,2026-09-26 14:25:10.204350+00:00,27.44
-25.6500623,28.2466919,DOORNPOORT X06,AIRPORT ROAD,TSH,79900096,https://powerfailure.tshwane.gov.za/Tshwanesms/Map.aspx,"-25.6501,28.2467|DOORNPOORT X06#0",2026-09-25 10:58:56.127220+00:00,2026-09-26 14:25:10.204350+00:00,27.44
-25.6797933,28.1626911,FLORAUNA X01,NUNANDA STREET,TSH,79900002,https://powerfailure.tshwane.gov.za/Tshwanesms/Map.aspx,"-25.6798,28.1627|FLORAUNA X01#0",2026-09-23 15:54:26.696532+00:00,2026-09-26 14:25:10.204350+00:00,70.51
-25.7213955,28.3791593,MAMELODI,STAND 20156,TSH,79900018,https://powerfailure.tshwane.gov.za/Tshwanesms/Map.aspx,"-25.7214,28.3792|MAMELODI#0",2026-09-23 15:54:26.696532+00:00,2026-09-26 14:25:10.204350+00:00,70.51
-25.7216035,28.3666731,MAMELODI,STAND 20371,TSH,79900015,https://powerfailure.tshwane.gov.za/Tshwanesms/Map.aspx,"-25.7216,28.3667|MAMELODI#0",2026-09-23 15:54:26.696532+00:00,2026-09-26 14:25:10.204350+00:00,70.51
-25.6608402,28.2823769,PUMULANI AH,PUMULANI,TSH,79900087,https://powerfailure.tshwane.gov.za/Tshwanesms/Map.aspx,"-25.6608,28.2824|PUMULANI AH#0",2026-09-23 15:54:26.696532+00:00,2026-09-26 14:25:10.204350+00:00,70.51
-25.7288588,28.2522811,QUEENSWOOD,STOREY STREET,TSH,79900084,https://powerfailure.tshwane.gov.za/Tshwanesms/Map.aspx,"-25.7289,28.2523|QUEENSWOOD#0",2026-09-26 14:25:10.204350+00:00,2026-09-26 14:25:10.204350+00:00,0.0
-25.6826494,28.2219035,SINOVILLE,BLYDE AVENUE,TSH,79900050,https://powerfailure.tshwane.gov.za/Tshwanesms/Map.aspx,"-25.6826,28.2219|SINOVILLE#0",2026-09-26 14:25:10.204350+00:00,2026-09-26 14:25:10.204350+00:00,0.0
-25.6642895,28.2334216,SINOVILLE X04,HENRY CRESCENT,TSH,79900096,https://powerfailure.tshwane.gov.za/Tshwanesms/Map.aspx,"-25.6643,28.2334|SINOVILLE X04#0",2026-09-25 10:58:56.127220+00:00,2026-09-26 14:25:10.204350+00:00,27.44
-25.6581328,28.2333646,SINOVILLE X06,H O MONNIG STREET,TSH,79900096,https://powerfailure.tshwane.gov.za/Tshwanesms/Map.aspx,"-25.6581,28.2334|SINOVILLE X06#0",2026-09-25 10:58:56.127220+00:00,2026-09-26 14:25:10.204350+00:00,27.44
-25.6581181,28.2342502,SINOVILLE X06,DIRK VAN VELDEN STREET,TSH,79900096,https://powerfailure.tshwane.gov.za/Tshwanesms/Map.aspx,"-25.6581,28.2343|SINOVILLE X06#0",2026-09-25 10:58:56.127220+00:00,2026-09-26 14:25:10.204350+00:00,27.44
-25.7997819,28.2818147,WATERKLOOF GLEN X06,DUNHILL STREET,TSH,79900083,https://powerfailure.tshwane.gov.za/Tshwanesms/Map.aspx,"-25.7998,28.2818|WATERKLOOF GLEN X06#0",2026-09-23 15:54:26.696532+00:00,2026-09-26 14:25:10.204350+00:00,70.51
-25.796545,28.240845,WATERKLOOF RIDGE,ERIDANUS STREET,TSH,79900042,https://powerfailure.tshwane.gov.za/Tshwanesms/Map.aspx,"-25.7965,28.2408|WATERKLOOF RIDGE#0",2026-09-23 15:54:26.696532+00:00,2026-09-26 14:25:10.204350+00:00,70.51
-25.8158517,28.2492835,WATERKLOOF RIDGE X02,GRYSBOK STREET,TSH,79900042,https://powerfailure.tshwane.gov.za/Tshwanesms/Map.aspx,"-25.8159,28.2493|WATERKLOOF RIDGE X02#0",2026-09-26 14:25:10.204350+00:00,2026-09-26 14:25:10.204350+00:00,0.0
-25.8139349,28.2498203,WATERKLOOF RIDGE X02,POLARIS AVENUE,TSH,79900042,https://powerfailure.tshwane.gov.za/Tshwanesms/Map.aspx,"-25.8139,28.2498|WATERKLOOF RIDGE X02#0",2026-09-26 04:51:34.754667+00:00,2026-09-26 14:25:10.204350+00:00,9.56
-25.5113207,28.0430114,MABOPANE-X,STAND 1598,TSH,79900021,https://powerfailure.tshwane.gov.za/Tshwanesms/Map.aspx,"-25.5113,28.0430|MABOPANE-X#0",2026-09-25 17:15:35.006199+00:00,2026-09-26 14:25:10.204350+00:00,21.16
-25.4820718,28.1107538,SOSHANGUVE-DD,STAND 203,TSH,79900088,https://powerfailure.tshwane.gov.za/Tshwanesms/Map.aspx,"-25.4821,28.1108|SOSHANGUVE-DD#0",2026-09-23 15:54:26.696532+00:00,2026-09-26 14:25:10.204350+00:00,70.51
-25.5116911,28.0947085,SOSHANGUVE-F,STAND 685,TSH,79900029,https://powerfailure.tshwane.gov.za/Tshwanesms/Map.aspx,"-25.5117,28.0947|SOSHANGUVE-F#0",2026-09-23 15:54:26.696532+00:00,2026-09-26 14:25:10.204350+00:00,70.51
-25.5143287,28.0981983,SOSHANGUVE-F,STAND 1196,TSH,79900029,https://powerfailure.tshwane.gov.za/Tshwanesms/Map.aspx,"-25.5143,28.0982|SOSHANGUVE-F#0",2026-09-23 15:54:26.696532+00:00,2026-09-26 14:25:10.204350+00:00,70.51
-25.7758089,28.212377,GROENKLOOF,BAINES STREET,TSH,79900059,https://powerfailure.tshwane.gov.za/Tshwanesms/Map.aspx,"-25.7758,28.2124|GROENKLOOF#0",2026-09-23 15:54:26.696532+00:00,2026-09-26 14:25:10.204350+00:00,70.51
-25.7763784,28.214162,GROENKLOOF,JOLIVET STREET,TSH,79900059,https://powerfailure.tshwane.gov.za/Tshwanesms/Map.aspx,"-25.7764,28.2142|GROENKLOOF#0",2026-09-23 15:54:26.696532+00:00,2026-09-26 14:25:10.204350+00:00,70.51
-25.7763784,28.214162,GROENKLOOF,JOLIVET STREET,TSH,79900059,https://powerfailure.tshwane.gov.za/Tshwanesms/Map.aspx,"-25.7764,28.2142|GROENKLOOF#1",2026-09-23 15:54:26.696532+00:00,2026-09-26 14:25:10.204350+00:00,70.51
-25.7768427,28.2139176,GROENKLOOF,HERBERT BAKER STREET,TSH,79900059,https://powerfailure.tshwane.gov.za/Tshwanesms/Map.aspx,"-25.7768,28.2139|GROENKLOOF#0",2026-09-23 15:54:26.696532+00:00,2026-09-26 14:25:10.204350+00:00,70.51
-25.773865,28.2117288,GROENKLOOF,VAN WOUW STREET,TSH,79900059,https://powerfailure.tshwane.gov.za/Tshwanesms/Map.aspx,"-25.7739,28.2117|GROENKLOOF#0",2026-09-23 15:54:26.696532+00:00,2026-09-26 14:25:10.204350+00:00,70.51
-25.7723115,28.2110389,GROENKLOOF,WENNING STREET,TSH,79900059,https://powerfailure.tshwane.gov.za/Tshwanesms/Map.aspx,"-25.7723,28.2110|GROENKLOOF#0",2026-09-23 15:54:26.696532+00:00,2026-09-26 14:25:10.204350+00:00,70.51
-25.7716582,28.2114645,GROENKLOOF,GEORGE STORRAR DRIVE,TSH,79900059,https://powerfailure.tshwane.gov.za/Tshwanesms/Map.aspx,"-25.7717,28.2115|GROENKLOOF#0",2026-09-23 15:54:26.696532+00:00,2026-09-26 14:25:10.204350+00:00,70.51
-25.7739832,28.2144912,GROENKLOOF,FRANS OERDER STREET,TSH,79900059,https://powerfailure.tshwane.gov.za/Tshwanesms/Map.aspx,"-25.7740,28.2145|GROENKLOOF#0",2026-09-23 15:54:26.696532+00:00,2026-09-26 14:25:10.204350+00:00,70.51
-25.7734193,28.2146813,GROENKLOOF,FRANS OERDER STREET,TSH,79900059,https://powerfailure.tshwane.gov.za/Tshwanesms/Map.aspx,"-25.7734,28.2147|GROENKLOOF#0",2026-09-23 15:54:26.696532+00:00,2026-09-26 14:25:10.204350+00:00,70.51
-25.7751468,28.2122552,GROENKLOOF,VAN WOUW STREET,TSH,79900059,https://powerfailure.tshwane.gov.za/Tshwanesms/Map.aspx,"-25.7751,28.2123|GROENKLOOF#0",2026-09-23 15:54:26.696532+00:00,2026-09-26 14:25:10.204350+00:00,70.51
-25.641723,28.0329177,WILDEBEESTHOEK 310-JR,BVS 219-39N-10N,TSH,79900031,https://powerfailure.tshwane.gov.za/Tshwanesms/Map.aspx,"-25.6417,28.0329|WILDEBEESTHOEK 310-JR#0",2026-09-23 15:54:26.696532+00:00,2026-09-26 14:25:10.204350+00:00,70.51
-25.7640973,28.2583724,HARTEBEESTPOORT 362-JR,ATTERBURY ROAD,TSH,79900082,https://powerfailure.tshwane.gov.za/Tshwanesms/Map.aspx,"-25.7641,28.2584|HARTEBEESTPOORT 362-JR#0",2026-09-23 15:54:26.696532+00:00,2026-09-26 14:25:10.204350+00:00,70.51
-25.7640973,28.2583724,HARTEBEESTPOORT 362-JR,ATTERBURY ROAD,TSH,79900082,https://powerfailure.tshwane.gov.za/Tshwanesms/Map.aspx,"-25.7641,28.2584|HARTEBEESTPOORT 362-JR#1",2026-09-23 15:54:26.696532+00:00,2026-09-26 14:25:10.204350+00:00,70.51
-25.5525737,28.0789282,SOSHANGUVE-WW,STAND 172,TSH,79900036,https://powerfailure.tshwane.gov.za/Tshwanesms/Map.aspx,"-25.5526,28.0789|SOSHANGUVE-WW#0",2026-09-23 15:54:26.696532+00:00,2026-09-26 14:25:10.204350+00:00,70.51
-25.7421511,28.2227711,LISDOGAN PARK,LISDOGAN AVENUE,TSH,79900092,https://powerfailure.tshwane.gov.za/Tshwanesms/Map.aspx,"-25.7422,28.2228|LISDOGAN PARK#0",2026-09-24 17:14:48.543546+00:00,2026-09-26 14:25:10.204350+00:00,45.17
-25.7204077,28.4068803,MAMELODI X06,MOKATA STREET,TSH,79900040,https://powerfailure.tshwane.gov.za/Tshwanesms/Map.aspx,"-25.7204,28.4069|MAMELODI X06#0",2026-09-23 15:54:26.696532+00:00,2026-09-26 14:25:10.204350+00:00,70.51
-25.7301464,28.4408322,MAMELODI X18,MICHEAL  XOLO AVENUE,TSH,79900097,https://powerfailure.tshwane.gov.za/Tshwanesms/Map.aspx,"-25.7301,28.4408|MAMELODI X18#0",2026-09-23 15:54:26.696532+00:00,2026-09-26 14:25:10.204350+00:00,70.51
-25.7392046,28.3821963,NELLMAPIUS X08,XENON STREET,TSH,79900015,https://powerfailure.tshwane.gov.za/Tshwanesms/Map.aspx,"-25.7392,28.3822|NELLMAPIUS X08#0",2026-09-23 15:54:26.696532+00:00,2026-09-26 14:25:10.204350+00:00,70.51
-25.9104379,28.0899828,OLIEVENHOUTBOS X20,LEADWOOD STREET,TSH,79900106,https://powerfailure.tshwane.gov.za/Tshwanesms/Map.aspx,"-25.9104,28.0900|OLIEVENHOUTBOS X20#0",2026-09-24 17:14:48.543546+00:00,2026-09-26 14:25:10.204350+00:00,45.17
-25.9049626,28.1285486,THE REEDS X05,BEKKER STREET,TSH,79900064,https://powerfailure.tshwane.gov.za/Tshwanesms/Map.aspx,"-25.9050,28.1285|THE REEDS X05#0",2026-09-26 14:25:10.204350+00:00,2026-09-26 14:25:10.204350+00:00,0.0
-25.9083358,28.1352626,THE REEDS X09,HOEWE STREET,TSH,79900064,https://powerfailure.tshwane.gov.za/Tshwanesms/Map.aspx,"-25.9083,28.1353|THE REEDS X09#0",2026-09-26 04:51:34.754667+00:00,2026-09-26 14:25:10.204350+00:00,9.56
-25.897284,28.1190394,THE REEDS X31,FIREWOOD STREET,TSH,79900064,https://powerfailure.tshwane.gov.za/Tshwanesms/Map.aspx,"-25.8973,28.1190|THE REEDS X31#0",2026-09-26 04:51:34.754667+00:00,2026-09-26 14:25:10.204350+00:00,9.56
-25.898412,28.1189184,THE REEDS X31,FIREWOOD STREET,TSH,79900064,https://powerfailure.tshwane.gov.za/Tshwanesms/Map.aspx,"-25.8984,28.1189|THE REEDS X31#0",2026-09-26 04:51:34.754667+00:00,2026-09-26 14:25:10.204350+00:00,9.56
-25.892539,28.1160773,THE REEDS X35,BRITTLEWOOD AVE,TSH,79900064,https://powerfailure.tshwane.gov.za/Tshwanesms/Map.aspx,"-25.8925,28.1161|THE REEDS X35#0",2026-09-26 14:25:10.204350+00:00,2026-09-26 14:25:10.204350+00:00,0.0
-25.859675,28.1358848,WIERDAPARK X06,RUIMTE ROAD,TSH,79900070,https://powerfailure.tshwane.gov.za/Tshwanesms/Map.aspx,"-25.8597,28.1359|WIERDAPARK X06#0",2026-09-23 15:54:26.696532+00:00,2026-09-26 14:25:10.204350+00:00,70.51
-25.8655313,28.1528103,WIERDAPARK X05,LAMBORGHINI AVENUE,TSH,79900070,https://powerfailure.tshwane.gov.za/Tshwanesms/Map.aspx,"-25.8655,28.1528|WIERDAPARK X05#0",2026-09-23 15:54:26.696532+00:00,2026-09-26 14:25:10.204350+00:00,70.51
-25.678763,28.1239934,WITFONTEIN 301-JR,FOURTH AVENUE,TSH,79900098,https://powerfailure.tshwane.gov.za/Tshwanesms/Map.aspx,"-25.6788,28.1240|WITFONTEIN 301-JR#0",2026-09-23 15:54:26.696532+00:00,2026-09-26 14:25:10.204350+00:00,70.51
-25.6781609,28.1153214,AMANDASIG,SPEKBOOM AVENUE,TSH,79900098,https://powerfailure.tshwane.gov.za/Tshwanesms/Map.aspx,"-25.6782,28.1153|AMANDASIG#0",2026-09-23 15:54:26.696532+00:00,2026-09-26 14:25:10.204350+00:00,70.51
-25.6895661,28.26462,MONTANA PARK X20,STANGERIA ROAD,TSH,79900005,https://powerfailure.tshwane.gov.za/Tshwanesms/Map.aspx,"-25.6896,28.2646|MONTANA PARK X20#0",2026-09-23 15:54:26.696532+00:00,2026-09-26 14:25:10.204350+00:00,70.51
-25.5853381,28.0628616,SOSHANGUVE SOUTH X08,STAND 18310,TSH,79900037,https://powerfailure.tshwane.gov.za/Tshwanesms/Map.aspx,"-25.5853,28.0629|SOSHANGUVE SOUTH X08#0",2026-09-24 11:52:55.215094+00:00,2026-09-26 14:25:10.204350+00:00,50.54
-25.7276323,28.2173491,DEERNESS,CHAMBERLAIN STREET,TSH,79900053,https://powerfailure.tshwane.gov.za/Tshwanesms/Map.aspx,"-25.7276,28.2173|DEERNESS#0",2026-09-26 14:25:10.204350+00:00,2026-09-26 14:25:10.204350+00:00,0.0
-25.6717186,28.1596192,DORANDIA X03,COMOSA STREET,TSH,79900098,https://powerfailure.tshwane.gov.za/Tshwanesms/Map.aspx,"-25.6717,28.1596|DORANDIA X03#0",2026-09-23 15:54:26.696532+00:00,2026-09-26 14:25:10.204350+00:00,70.51
-25.8573346,28.2022559,DORINGKLOOF,LEONIE STREET,TSH,79900078,https://powerfailure.tshwane.gov.za/Tshwanesms/Map.aspx,"-25.8573,28.2023|DORINGKLOOF#0",2026-09-23 15:54:26.696532+00:00,2026-09-26 14:25:10.204350+00:00,70.51
-25.8512962,28.2141934,DORINGKLOOF,CALEDON AVENUE,TSH,79900078,https://powerfailure.tshwane.gov.za/Tshwanesms/Map.aspx,"-25.8513,28.2142|DORINGKLOOF#0",2026-09-23 15:54:26.696532+00:00,2026-09-26 14:25:10.204350+00:00,70.51
-25.8547186,28.2126449,DORINGKLOOF,SONJA STREET,TSH,79900078,https://powerfailure.tshwane.gov.za/Tshwanesms/Map.aspx,"-25.8547,28.2126|DORINGKLOOF#0",2026-09-23 15:54:26.696532+00:00,2026-09-26 14:25:10.204350+00:00,70.51
-25.7176609,28.3769669,MAMELODI,STAND 25194,TSH,79900018,https://powerfailure.tshwane.gov.za/Tshwanesms/Map.aspx,"-25.7177,28.3770|MAMELODI#0",2026-09-23 15:54:26.696532+00:00,2026-09-26 14:25:10.204350+00:00,70.51
-25.7180327,28.3782786,MAMELODI,STAND 25323,TSH,79900018,https://powerfailure.tshwane.gov.za/Tshwanesms/Map.aspx,"-25.7180,28.3783|MAMELODI#0",2026-09-23 15:54:26.696532+00:00,2026-09-26 14:25:10.204350+00:00,70.51
-25.7366793,28.3496263,NELLMAPIUS,LOERIESFONTEIN CRESCENT,TSH,79900086,https://powerfailure.tshwane.gov.za/Tshwanesms/Map.aspx,"-25.7367,28.3496|NELLMAPIUS#0",2026-09-26 14:25:10.204350+00:00,2026-09-26 14:25:10.204350+00:00,0.0
-25.7316935,28.3677813,NELLMAPIUS X03,ACES STREET,TSH,79900086,https://powerfailure.tshwane.gov.za/Tshwanesms/Map.aspx,"-25.7317,28.3678|NELLMAPIUS X03#0",2026-09-23 15:54:26.696532+00:00,2026-09-26 14:25:10.204350+00:00,70.51
-25.7288852,28.3600008,NELLMAPIUS X04,BOLENG STREET,TSH,79900028,https://powerfailure.tshwane.gov.za/Tshwanesms/Map.aspx,"-25.7289,28.3600|NELLMAPIUS X04#0",2026-09-23 15:54:26.696532+00:00,2026-09-26 14:25:10.204350+00:00,70.51
-25.7293103,28.3606842,NELLMAPIUS X04,BOLENG STREET,TSH,79900028,https://powerfailure.tshwane.gov.za/Tshwanesms/Map.aspx,"-25.7293,28.3607|NELLMAPIUS X04#0",2026-09-23 15:54:26.696532+00:00,2026-09-26 14:25:10.204350+00:00,70.51
-25.7301151,28.3600438,NELLMAPIUS X04,RAADPLEEG STREET,TSH,79900028,https://powerfailure.tshwane.gov.za/Tshwanesms/Map.aspx,"-25.7301,28.3600|NELLMAPIUS X04#0",2026-09-26 14:25:10.204350+00:00,2026-09-26 14:25:10.204350+00:00,0.0
-25.698875,28.2183624,RIETFONTEIN,20TH AVENUE,TSH,79900054,https://powerfailure.tshwane.gov.za/Tshwanesms/Map.aspx,"-25.6989,28.2184|RIETFONTEIN#0",2026-09-23 15:54:26.696532+00:00,2026-09-26 14:25:10.204350+00:00,70.51
-25.7087422,28.1999832,WONDERBOOM SOUTH,FRED NICHOLSON STREET,TSH,79900054,https://powerfailure.tshwane.gov.za/Tshwanesms/Map.aspx,"-25.7087,28.2000|WONDERBOOM SOUTH#0",2026-09-25 17:15:35.006199+00:00,2026-09-26 14:25:10.204350+00:00,21.16
-25.6505213,28.0985877,THE ORCHARDS,SERING AVENUE,TSH,79900004,https://powerfailure.tshwane.gov.za/Tshwanesms/Map.aspx,"-25.6505,28.0986|THE ORCHARDS#0",2026-09-23 15:54:26.696532+00:00,2026-09-26 14:25:10.204350+00:00,70.51
-25.6497437,28.0995449,THE ORCHARDS,PLANTAIN AVENUE,TSH,79900004,https://powerfailure.tshwane.gov.za/Tshwanesms/Map.aspx,"-25.6497,28.0995|THE ORCHARDS#0",2026-09-23 15:54:26.696532+00:00,2026-09-26 14:25:10.204350+00:00,70.51
-25.7278428,28.3879085,MAMELODI,STAND 20868,TSH,79900018,https://powerfailure.tshwane.gov.za/Tshwanesms/Map.aspx,"-25.7278,28.3879|MAMELODI#0",2026-09-23 15:54:26.696532+00:00,2026-09-26 14:25:10.204350+00:00,70.51
-25.7157249,28.4189076,MAMELODI X08,BENJAMIN SEEMA CRESCENT,TSH,79900017,https://powerfailure.tshwane.gov.za/Tshwanesms/Map.aspx,"-25.7157,28.4189|MAMELODI X08#0",2026-09-23 15:54:26.696532+00:00,2026-09-26 14:25:10.204350+00:00,70.51
-25.7366168,28.3483922,NELLMAPIUS,MAMRE- PLACE,TSH,79900086,https://powerfailure.tshwane.gov.za/Tshwanesms/Map.aspx,"-25.7366,28.3484|NELLMAPIUS#0",2026-09-26 14:25:10.204350+00:00,2026-09-26 14:25:10.204350+00:00,0.0
-25.7300931,28.3676031,NELLMAPIUS X03,BLACKLEOPARD STREET,TSH,79900086,https://powerfailure.tshwane.gov.za/Tshwanesms/Map.aspx,"-25.7301,28.3676|NELLMAPIUS X03#0",2026-09-23 15:54:26.696532+00:00,2026-09-26 14:25:10.204350+00:00,70.51
-25.7308819,28.3576251,NELLMAPIUS X04,GESELS STREET,TSH,79900028,https://powerfailure.tshwane.gov.za/Tshwanesms/Map.aspx,"-25.7309,28.3576|NELLMAPIUS X04#0",2026-09-26 14:25:10.204350+00:00,2026-09-26 14:25:10.204350+00:00,0.0
-25.7336955,28.3600222,NELLMAPIUS X04,POELANO STREET,TSH,79900028,https://powerfailure.tshwane.gov.za/Tshwanesms/Map.aspx,"-25.7337,28.3600|NELLMAPIUS X04#0",2026-09-23 15:54:26.696532+00:00,2026-09-26 14:25:10.204350+00:00,70.51
-25.8841675,28.1373724,ROOIHUISKRAAL NOORD X22,LENCHEN AVENUE,TSH,79900048,https://powerfailure.tshwane.gov.za/Tshwanesms/Map.aspx,"-25.8842,28.1374|ROOIHUISKRAAL NOORD X22#0",2026-09-26 04:51:34.754667+00:00,2026-09-26 14:25:10.204350+00:00,9.56
-25.8857339,28.138697,ROOIHUISKRAAL NOORD X42,NENTABOS STREET,TSH,79900048,https://powerfailure.tshwane.gov.za/Tshwanesms/Map.aspx,"-25.8857,28.1387|ROOIHUISKRAAL NOORD X42#0",2026-09-26 14:25:10.204350+00:00,2026-09-26 14:25:10.204350+00:00,0.0
-25.6761717,28.152544,TILEBA,MAKKIE STREET,TSH,79900098,https://powerfailure.tshwane.gov.za/Tshwanesms/Map.aspx,"-25.6762,28.1525|TILEBA#0",2026-09-23 15:54:26.696532+00:00,2026-09-26 14:25:10.204350+00:00,70.51
-25.7286571,28.2123951,RIETFONTEIN,BLAKE STREET,TSH,79900053,https://powerfailure.tshwane.gov.za/Tshwanesms/Map.aspx,"-25.7287,28.2124|RIETFONTEIN#0",2026-09-26 14:25:10.204350+00:00,2026-09-26 14:25:10.204350+00:00,0.0
-25.6261233,28.3292433,ZEEKOEGAT 296-JR,PL DW-120,TSH,79900087,https://powerfailure.tshwane.gov.za/Tshwanesms/Map.aspx,"-25.6261,28.3292|ZEEKOEGAT 296-JR#0",2026-09-23 15:54:26.696532+00:00,2026-09-26 14:25:10.204350+00:00,70.51
-25.6278211,28.0607523,ROSSLYN X18,INSWEMPE STREET,TSH,79900037,https://powerfailure.tshwane.gov.za/Tshwanesms/Map.aspx,"-25.6278,28.0608|ROSSLYN X18#0",2026-09-25 05:01:45.026219+00:00,2026-09-26 14:25:10.204350+00:00,33.39
-25.6429731,28.1010844,THE ORCHARDS,ORANGE AVENUE,TSH,79900004,https://powerfailure.tshwane.gov.za/Tshwanesms/Map.aspx,"-25.6430,28.1011|THE ORCHARDS#0",2026-09-23 15:54:26.696532+00:00,2026-09-26 14:25:10.204350+00:00,70.51
-25.6484698,28.098898,THE ORCHARDS,PLANTAIN AVENUE,TSH,79900004,https://powerfailure.tshwane.gov.za/Tshwanesms/Map.aspx,"-25.6485,28.0989|THE ORCHARDS#0",2026-09-23 15:54:26.696532+00:00,2026-09-26 14:25:10.204350+00:00,70.51
-25.6508946,28.1013967,THE ORCHARDS,KAREE AVENUE,TSH,79900004,https://powerfailure.tshwane.gov.za/Tshwanesms/Map.aspx,"-25.6509,28.1014|THE ORCHARDS#0",2026-09-23 15:54:26.696532+00:00,2026-09-26 14:25:10.204350+00:00,70.51
-25.6462734,28.0987767,THE ORCHARDS,TAMBOTIE AVENUE,TSH,79900004,https://powerfailure.tshwane.gov.za/Tshwanesms/Map.aspx,"-25.6463,28.0988|THE ORCHARDS#0",2026-09-23 15:54:26.696532+00:00,2026-09-26 14:25:10.204350+00:00,70.51
-25.7696302,28.71964,ZITHOBENI X03,ZITHOBENI,TSH,79900102,https://powerfailure.tshwane.gov.za/Tshwanesms/Map.aspx,"-25.7696,28.7196|ZITHOBENI X03#0",2026-09-25 10:58:56.127220+00:00,2026-09-26 14:25:10.204350+00:00,27.44
-25.8092816,28.7294114,BRONKHORSTSPRUIT X01,TIER PRE-PAID,TSH,79900105,https://powerfailure.tshwane.gov.za/Tshwanesms/Map.aspx,"-25.8093,28.7294|BRONKHORSTSPRUIT X01#0",2026-09-23 15:54:26.696532+00:00,2026-09-26 14:25:10.204350+00:00,70.51
-25.809792,28.7284939,BRONKHORSTSPRUIT x   1,GENERAAL LOUIS BOTHA STREET,TSH,79900105,https://powerfailure.tshwane.gov.za/Tshwanesms/Map.aspx,"-25.8098,28.7285|BRONKHORSTSPRUIT X 1#0",2026-09-23 15:54:26.696532+00:00,2026-09-26 14:25:10.204350+00:00,70.51
-25.668417,28.114316,KARENPARK,MARANTA AVENUE,TSH,79900004,https://powerfailure.tshwane.gov.za/Tshwanesms/Map.aspx,"-25.6684,28.1143|KARENPARK#0",2026-09-23 15:54:26.696532+00:00,2026-09-26 14:25:10.204350+00:00,70.51
-25.656888,28.1100977,KARENPARK X40,EMBUIA STREET,TSH,79900004,https://powerfailure.tshwane.gov.za/Tshwanesms/Map.aspx,"-25.6569,28.1101|KARENPARK X40#0",2026-09-23 15:54:26.696532+00:00,2026-09-26 14:25:10.204350+00:00,70.51
-25.6462935,28.244468,DOORNPOORT,PEERBOOM STREET,TSH,79900096,https://powerfailure.tshwane.gov.za/Tshwanesms/Map.aspx,"-25.6463,28.2445|DOORNPOORT#0",2026-09-25 10:58:56.127220+00:00,2026-09-26 14:25:10.204350+00:00,27.44
-25.6469765,28.2334441,DOORNPOORT,SUIKERBOS DRIVE,TSH,79900096,https://powerfailure.tshwane.gov.za/Tshwanesms/Map.aspx,"-25.6470,28.2334|DOORNPOORT#0",2026-09-25 10:58:56.127220+00:00,2026-09-26 14:25:10.204350+00:00,27.44
-25.6456011,28.2354779,DOORNPOORT,OLIENHOUTBOOM ROAD,TSH,79900096,https://powerfailure.tshwane.gov.za/Tshwanesms/Map.aspx,"-25.6456,28.2355|DOORNPOORT#0",2026-09-25 10:58:56.127220+00:00,2026-09-26 14:25:10.204350+00:00,27.44
-25.6431994,28.2285114,DOORNPOORT,SONNEBLOM STREET,TSH,79900096,https://powerfailure.tshwane.gov.za/Tshwanesms/Map.aspx,"-25.6432,28.2285|DOORNPOORT#0",2026-09-25 10:58:56.127220+00:00,2026-09-26 14:25:10.204350+00:00,27.44
-25.6521344,28.2396269,DOORNPOORT,KERSIEBOOM ROAD,TSH,79900096,https://powerfailure.tshwane.gov.za/Tshwanesms/Map.aspx,"-25.6521,28.2396|DOORNPOORT#0",2026-09-25 10:58:56.127220+00:00,2026-09-26 14:25:10.204350+00:00,27.44
-25.6507556,28.2436346,DOORNPOORT,KATJIEPIERING ROAD,TSH,79900096,https://powerfailure.tshwane.gov.za/Tshwanesms/Map.aspx,"-25.6508,28.2436|DOORNPOORT#0",2026-09-25 10:58:56.127220+00:00,2026-09-26 14:25:10.204350+00:00,27.44
-25.6458228,28.2296742,DOORNPOORT,RAASBLAAR ROAD,TSH,79900096,https://powerfailure.tshwane.gov.za/Tshwanesms/Map.aspx,"-25.6458,28.2297|DOORNPOORT#0",2026-09-25 10:58:56.127220+00:00,2026-09-26 14:25:10.204350+00:00,27.44
-25.6491713,28.2318107,DOORNPOORT,LIVINGSTONE PLACE,TSH,79900096,https://powerfailure.tshwane.gov.za/Tshwanesms/Map.aspx,"-25.6492,28.2318|DOORNPOORT#0",2026-09-25 10:58:56.127220+00:00,2026-09-26 14:25:10.204350+00:00,27.44
-25.6526683,28.2451408,DOORNPOORT X01,GAMBRY AVENUE,TSH,79900096,https://powerfailure.tshwane.gov.za/Tshwanesms/Map.aspx,"-25.6527,28.2451|DOORNPOORT X01#0",2026-09-25 10:58:56.127220+00:00,2026-09-26 14:25:10.204350+00:00,27.44
-25.6464863,28.2463762,DOORNPOORT X06,OKKERNEUT CRESCENT,TSH,79900096,https://powerfailure.tshwane.gov.za/Tshwanesms/Map.aspx,"-25.6465,28.2464|DOORNPOORT X06#0",2026-09-25 10:58:56.127220+00:00,2026-09-26 14:25:10.204350+00:00,27.44
-25.6485331,28.2459501,DOORNPOORT X06,HAIRBELL STREET,TSH,79900096,https://powerfailure.tshwane.gov.za/Tshwanesms/Map.aspx,"-25.6485,28.2460|DOORNPOORT X06#0",2026-09-25 10:58:56.127220+00:00,2026-09-26 14:25:10.204350+00:00,27.44
-25.7939258,28.3248232,FAERIE GLEN X09,SKUKUZA STREET,TSH,79900044,https://powerfailure.tshwane.gov.za/Tshwanesms/Map.aspx,"-25.7939,28.3248|FAERIE GLEN X09#0",2026-09-23 15:54:26.696532+00:00,2026-09-26 14:25:10.204350+00:00,70.51
-25.7884578,28.321371,FAERIE GLEN X08,OLD FARM ROAD,TSH,79900044,https://powerfailure.tshwane.gov.za/Tshwanesms/Map.aspx,"-25.7885,28.3214|FAERIE GLEN X08#0",2026-09-23 15:54:26.696532+00:00,2026-09-26 14:25:10.204350+00:00,70.51
-25.7175047,28.3636206,MAMELODI,STAND 12230,TSH,79900028,https://powerfailure.tshwane.gov.za/Tshwanesms/Map.aspx,"-25.7175,28.3636|MAMELODI#0",2026-09-23 15:54:26.696532+00:00,2026-09-26 14:25:10.204350+00:00,70.51
-25.7186987,28.3648637,MAMELODI,STAND 19387,TSH,79900028,https://powerfailure.tshwane.gov.za/Tshwanesms/Map.aspx,"-25.7187,28.3649|MAMELODI#0",2026-09-23 15:54:26.696532+00:00,2026-09-26 14:25:10.204350+00:00,70.51
-25.7284549,28.2513105,QUEENSWOOD,GARRETT AVENUE,TSH,79900084,https://powerfailure.tshwane.gov.za/Tshwanesms/Map.aspx,"-25.7285,28.2513|QUEENSWOOD#0",2026-09-26 04:51:34.754667+00:00,2026-09-26 14:25:10.204350+00:00,9.56
-25.7294256,28.2530159,QUEENSWOOD,STOREY STREET,TSH,79900084,https://powerfailure.tshwane.gov.za/Tshwanesms/Map.aspx,"-25.7294,28.2530|QUEENSWOOD#0",2026-09-26 04:51:34.754667+00:00,2026-09-26 14:25:10.204350+00:00,9.56
-25.7335787,28.2426302,QUEENSWOOD,COBHAM ROAD,TSH,79900084,https://powerfailure.tshwane.gov.za/Tshwanesms/Map.aspx,"-25.7336,28.2426|QUEENSWOOD#0",2026-09-23 15:54:26.696532+00:00,2026-09-26 14:25:10.204350+00:00,70.51
-25.5352187,28.0753335,KOPANONG,STAND,TSH,79900020,https://powerfailure.tshwane.gov.za/Tshwanesms/Map.aspx,"-25.5352,28.0753|KOPANONG#0",2026-09-23 15:54:26.696532+00:00,2026-09-26 14:25:10.204350+00:00,70.51
-25.7840665,28.2348782,WATERKLOOF RIDGE,CRESCENT ROAD,TSH,79900042,https://powerfailure.tshwane.gov.za/Tshwanesms/Map.aspx,"-25.7841,28.2349|WATERKLOOF RIDGE#0",2026-09-25 17:15:35.006199+00:00,2026-09-26 14:25:10.204350+00:00,21.16
-25.8145566,28.2501331,WATERKLOOF RIDGE X02,POLARIS AVENUE,TSH,79900042,https://powerfailure.tshwane.gov.za/Tshwanesms/Map.aspx,"-25.8146,28.2501|WATERKLOOF RIDGE X02#0",2026-09-26 04:51:34.754667+00:00,2026-09-26 14:25:10.204350+00:00,9.56
-25.7845879,28.2446544,WATERKLOOF RIDGE,PREMIER AVENUE,TSH,79900042,https://powerfailure.tshwane.gov.za/Tshwanesms/Map.aspx,"-25.7846,28.2447|WATERKLOOF RIDGE#0",2026-09-23 15:54:26.696532+00:00,2026-09-26 14:25:10.204350+00:00,70.51
-25.7565727,28.3654837,SAVANNAH COUNTRY ESTATE X04,KIAAT PLACE,TSH,79900015,https://powerfailure.tshwane.gov.za/Tshwanesms/Map.aspx,"-25.7566,28.3655|SAVANNAH COUNTRY ESTATE X04#0",2026-09-23 15:54:26.696532+00:00,2026-09-26 14:25:10.204350+00:00,70.51
-25.8064073,28.7142913,RIAMARPARK,HORTENSIA STREET,TSH,79900102,https://powerfailure.tshwane.gov.za/Tshwanesms/Map.aspx,"-25.8064,28.7143|RIAMARPARK#0",2026-09-23 15:54:26.696532+00:00,2026-09-26 14:25:10.204350+00:00,70.51
-25.7407756,28.2387748,COLBYN,DOUGLAS STREET,TSH,79900092,https://powerfailure.tshwane.gov.za/Tshwanesms/Map.aspx,"-25.7408,28.2388|COLBYN#0",2026-09-26 14:25:10.204350+00:00,2026-09-26 14:25:10.204350+00:00,0.0
-25.4838763,28.1136869,SOSHANGUVE-DD,STAND 493,TSH,79900088,https://powerfailure.tshwane.gov.za/Tshwanesms/Map.aspx,"-25.4839,28.1137|SOSHANGUVE-DD#0",2026-09-23 15:54:26.696532+00:00,2026-09-26 14:25:10.204350+00:00,70.51
-25.5150737,28.0996546,SOSHANGUVE-F,STAND 1225,TSH,79900029,https://powerfailure.tshwane.gov.za/Tshwanesms/Map.aspx,"-25.5151,28.0997|SOSHANGUVE-F#0",2026-09-23 15:54:26.696532+00:00,2026-09-26 14:25:10.204350+00:00,70.51
-25.5152481,28.1016035,SOSHANGUVE-F,STAND 1936,TSH,79900029,https://powerfailure.tshwane.gov.za/Tshwanesms/Map.aspx,"-25.5152,28.1016|SOSHANGUVE-F#0",2026-09-23 15:54:26.696532+00:00,2026-09-26 14:25:10.204350+00:00,70.51
-25.5025239,28.105091,SOSHANGUVE-F,STAND 2037,TSH,79900033,https://powerfailure.tshwane.gov.za/Tshwanesms/Map.aspx,"-25.5025,28.1051|SOSHANGUVE-F#0",2026-09-23 15:54:26.696532+00:00,2026-09-26 14:25:10.204350+00:00,70.51
-25.776774,28.2119503,GROENKLOOF,HERBERT BAKER STREET,TSH,79900059,https://powerfailure.tshwane.gov.za/Tshwanesms/Map.aspx,"-25.7768,28.2120|GROENKLOOF#0",2026-09-23 15:54:26.696532+00:00,2026-09-26 14:25:10.204350+00:00,70.51
-25.7763534,28.2115365,GROENKLOOF,HERBERT BAKER STREET,TSH,79900059,https://powerfailure.tshwane.gov.za/Tshwanesms/Map.aspx,"-25.7764,28.2115|GROENKLOOF#0",2026-09-23 15:54:26.696532+00:00,2026-09-26 14:25:10.204350+00:00,70.51
-25.7757062,28.2127162,GROENKLOOF,BAINES STREET,TSH,79900059,https://powerfailure.tshwane.gov.za/Tshwanesms/Map.aspx,"-25.7757,28.2127|GROENKLOOF#0",2026-09-23 15:54:26.696532+00:00,2026-09-26 14:25:10.204350+00:00,70.51
-25.7740787,28.2119109,GROENKLOOF,VAN WOUW STREET,TSH,79900059,https://powerfailure.tshwane.gov.za/Tshwanesms/Map.aspx,"-25.7741,28.2119|GROENKLOOF#0",2026-09-23 15:54:26.696532+00:00,2026-09-26 14:25:10.204350+00:00,70.51
-25.7732239,28.2111824,GROENKLOOF,VAN WOUW STREET,TSH,79900059,https://powerfailure.tshwane.gov.za/Tshwanesms/Map.aspx,"-25.7732,28.2112|GROENKLOOF#0",2026-09-23 15:54:26.696532+00:00,2026-09-26 14:25:10.204350+00:00,70.51
-25.7728029,28.2108351,GROENKLOOF,VAN WOUW STREET,TSH,79900059,https://powerfailure.tshwane.gov.za/Tshwanesms/Map.aspx,"-25.7728,28.2108|GROENKLOOF#0",2026-09-23 15:54:26.696532+00:00,2026-09-26 14:25:10.204350+00:00,70.51
-25.7729551,28.2115671,GROENKLOOF,WENNING STREET,TSH,79900059,https://powerfailure.tshwane.gov.za/Tshwanesms/Map.aspx,"-25.7730,28.2116|GROENKLOOF#0",2026-09-23 15:54:26.696532+00:00,2026-09-26 14:25:10.204350+00:00,70.51
-25.7740236,28.2124778,GROENKLOOF,WENNING STREET,TSH,79900059,https://powerfailure.tshwane.gov.za/Tshwanesms/Map.aspx,"-25.7740,28.2125|GROENKLOOF#0",2026-09-23 15:54:26.696532+00:00,2026-09-26 14:25:10.204350+00:00,70.51
-25.7731923,28.2132105,GROENKLOOF,FRANS OERDER STREET,TSH,79900059,https://powerfailure.tshwane.gov.za/Tshwanesms/Map.aspx,"-25.7732,28.2132|GROENKLOOF#0",2026-09-23 15:54:26.696532+00:00,2026-09-26 14:25:10.204350+00:00,70.51
-25.7377381,28.0377562,UITZICHT ALIAS RIETVALEI 314-JR,PL MVS-093-28-07,TSH,79900055,https://powerfailure.tshwane.gov.za/Tshwanesms/Map.aspx,"-25.7377,28.0378|UITZICHT ALIAS RIETVALEI 314-JR#0",2026-09-25 17:15:35.006199+00:00,2026-09-26 14:25:10.204350+00:00,21.16
-25.7438096,28.2326384,HATFIELD,FESTIVAL STREET,TSH,79900092,https://powerfailure.tshwane.gov.za/Tshwanesms/Map.aspx,"-25.7438,28.2326|HATFIELD#0",2026-09-26 14:25:10.204350+00:00,2026-09-26 14:25:10.204350+00:00,0.0
-25.7379282,28.3954299,HATHERLEY 331-JR,SOLOMON MAHLANGU DRIVE,TSH,79900015,https://powerfailure.tshwane.gov.za/Tshwanesms/Map.aspx,"-25.7379,28.3954|HATHERLEY 331-JR#0",2026-09-23 15:54:26.696532+00:00,2026-09-26 14:25:10.204350+00:00,70.51
-25.7379282,28.3954299,HATHERLEY 331-JR,SOLOMON MAHLANGU DRIVE,TSH,79900015,https://powerfailure.tshwane.gov.za/Tshwanesms/Map.aspx,"-25.7379,28.3954|HATHERLEY 331-JR#1",2026-09-23 15:54:26.696532+00:00,2026-09-26 14:25:10.204350+00:00,70.51
-25.7162057,28.4082118,MAMELODI X06,TSHOANE STREET,TSH,79900040,https://powerfailure.tshwane.gov.za/Tshwanesms/Map.aspx,"-25.7162,28.4082|MAMELODI X06#0",2026-09-23 15:54:26.696532+00:00,2026-09-26 14:25:10.204350+00:00,70.51
-25.7374762,28.3895603,NELLMAPIUS X08,UMKHENCE STREET,TSH,79900015,https://powerfailure.tshwane.gov.za/Tshwanesms/Map.aspx,"-25.7375,28.3896|NELLMAPIUS X08#0",2026-09-23 15:54:26.696532+00:00,2026-09-26 14:25:10.204350+00:00,70.51
-25.7303788,28.3494853,NELLMAPIUS x  14,STAND,TSH,79900028,https://powerfailure.tshwane.gov.za/Tshwanesms/Map.aspx,"-25.7304,28.3495|NELLMAPIUS X 14#0",2026-09-23 15:54:26.696532+00:00,2026-09-26 14:25:10.204350+00:00,70.51
-25.9110443,28.0901834,OLIEVENHOUTBOS X20,LEADWOOD STREET,TSH,79900106,https://powerfailure.tshwane.gov.za/Tshwanesms/Map.aspx,"-25.9110,28.0902|OLIEVENHOUTBOS X20#0",2026-09-26 04:51:34.754667+00:00,2026-09-26 14:25:10.204350+00:00,9.56
-25.9131011,28.0886405,OLIEVENHOUTBOS X20,FLAT CROWN STREET,TSH,79900106,https://powerfailure.tshwane.gov.za/Tshwanesms/Map.aspx,"-25.9131,28.0886|OLIEVENHOUTBOS X20#0",2026-09-23 15:54:26.696532+00:00,2026-09-26 14:25:10.204350+00:00,70.51
-25.639205,28.3202711,KAMEELDRIFT 298 JR,PL DW-098,TSH,79900087,https://powerfailure.tshwane.gov.za/Tshwanesms/Map.aspx,"-25.6392,28.3203|KAMEELDRIFT 298 JR#0",2026-09-23 15:54:26.696532+00:00,2026-09-26 14:25:10.204350+00:00,70.51
-25.6552608,28.3250607,KAMEELDRIFT 298-JR,KAMEELDRIFT ROAD,TSH,79900087,https://powerfailure.tshwane.gov.za/Tshwanesms/Map.aspx,"-25.6553,28.3251|KAMEELDRIFT 298-JR#0",2026-09-23 15:54:26.696532+00:00,2026-09-26 14:25:10.204350+00:00,70.51
-25.9040408,28.1383618,THE REEDS X09,ANTON AVENUE,TSH,79900064,https://powerfailure.tshwane.gov.za/Tshwanesms/Map.aspx,"-25.9040,28.1384|THE REEDS X09#0",2026-09-26 14:25:10.204350+00:00,2026-09-26 14:25:10.204350+00:00,0.0
-25.9063962,28.1334387,THE REEDS X09,EVERT AVENUE,TSH,79900064,https://powerfailure.tshwane.gov.za/Tshwanesms/Map.aspx,"-25.9064,28.1334|THE REEDS X09#0",2026-09-26 14:25:10.204350+00:00,2026-09-26 14:25:10.204350+00:00,0.0
-25.9049589,28.1470551,THE REEDS X02,BRENDA STREET,TSH,79900064,https://powerfailure.tshwane.gov.za/Tshwanesms/Map.aspx,"-25.9050,28.1471|THE REEDS X02#0",2026-09-26 14:25:10.204350+00:00,2026-09-26 14:25:10.204350+00:00,0.0
-25.9076891,28.147284,THE REEDS X02,HERON STREET,TSH,79900064,https://powerfailure.tshwane.gov.za/Tshwanesms/Map.aspx,"-25.9077,28.1473|THE REEDS X02#0",2026-09-26 14:25:10.204350+00:00,2026-09-26 14:25:10.204350+00:00,0.0
-25.907027,28.1467536,THE REEDS X02,HERON STREET,TSH,79900064,https://powerfailure.tshwane.gov.za/Tshwanesms/Map.aspx,"-25.9070,28.1468|THE REEDS X02#0",2026-09-26 04:51:34.754667+00:00,2026-09-26 14:25:10.204350+00:00,9.56
-25.9097595,28.1442394,THE REEDS X19,SKIMMER STREET,TSH,79900064,https://powerfailure.tshwane.gov.za/Tshwanesms/Map.aspx,"-25.9098,28.1442|THE REEDS X19#0",2026-09-26 14:25:10.204350+00:00,2026-09-26 14:25:10.204350+00:00,0.0
-25.8907043,28.1278728,THE REEDS X03,.,TSH,79900064,https://powerfailure.tshwane.gov.za/Tshwanesms/Map.aspx,"-25.8907,28.1279|THE REEDS X03#0",2026-09-26 04:51:34.754667+00:00,2026-09-26 14:25:10.204350+00:00,9.56
-25.8914751,28.1258967,THE REEDS X03,MOONFLOWER CRESCENT,TSH,79900064,https://powerfailure.tshwane.gov.za/Tshwanesms/Map.aspx,"-25.8915,28.1259|THE REEDS X03#0",2026-09-26 14:25:10.204350+00:00,2026-09-26 14:25:10.204350+00:00,0.0
-25.8922714,28.1261642,THE REEDS X03,MOONFLOWER CRESCENT (GATE),TSH,79900064,https://powerfailure.tshwane.gov.za/Tshwanesms/Map.aspx,"-25.8923,28.1262|THE REEDS X03#0",2026-09-26 04:51:34.754667+00:00,2026-09-26 14:25:10.204350+00:00,9.56
-25.8928587,28.1231,THE REEDS X29,HIBISCUS CLOSE,TSH,79900064,https://powerfailure.tshwane.gov.za/Tshwanesms/Map.aspx,"-25.8929,28.1231|THE REEDS X29#0",2026-09-26 04:51:34.754667+00:00,2026-09-26 14:25:10.204350+00:00,9.56
-25.8986825,28.1192119,THE REEDS X31,FIREWOOD STREET,TSH,79900064,https://powerfailure.tshwane.gov.za/Tshwanesms/Map.aspx,"-25.8987,28.1192|THE REEDS X31#0",2026-09-26 04:51:34.754667+00:00,2026-09-26 14:25:10.204350+00:00,9.56
-25.8991659,28.1180829,THE REEDS X31,FIREWOOD STREET,TSH,79900064,https://powerfailure.tshwane.gov.za/Tshwanesms/Map.aspx,"-25.8992,28.1181|THE REEDS X31#0",2026-09-26 14:25:10.204350+00:00,2026-09-26 14:25:10.204350+00:00,0.0
-25.8912567,28.1186121,THE REEDS X34,BRITTLEWOOD AVENUE,TSH,79900064,https://powerfailure.tshwane.gov.za/Tshwanesms/Map.aspx,"-25.8913,28.1186|THE REEDS X34#0",2026-09-26 14:25:10.204350+00:00,2026-09-26 14:25:10.204350+00:00,0.0
-25.8931131,28.1188245,THE REEDS X34,BUSHWILLOW AVENUE,TSH,79900064,https://powerfailure.tshwane.gov.za/Tshwanesms/Map.aspx,"-25.8931,28.1188|THE REEDS X34#0",2026-09-26 14:25:10.204350+00:00,2026-09-26 14:25:10.204350+00:00,0.0
-25.6815231,28.2842258,WOLMARANSPOORT AH,PL DW-025-A03,TSH,79900087,https://powerfailure.tshwane.gov.za/Tshwanesms/Map.aspx,"-25.6815,28.2842|WOLMARANSPOORT AH#0",2026-09-23 15:54:26.696532+00:00,2026-09-26 14:25:10.204350+00:00,70.51
-25.7836125,28.4298567,MOOIPLAATS 367-JR,PL D -230-10W,TSH,79900101,https://powerfailure.tshwane.gov.za/Tshwanesms/Map.aspx,"-25.7836,28.4299|MOOIPLAATS 367-JR#0",2026-09-26 04:51:34.754667+00:00,2026-09-26 14:25:10.204350+00:00,9.56
-25.6785994,28.1120183,AMANDASIG,IVY STREET,TSH,79900098,https://powerfailure.tshwane.gov.za/Tshwanesms/Map.aspx,"-25.6786,28.1120|AMANDASIG#0",2026-09-23 15:54:26.696532+00:00,2026-09-26 14:25:10.204350+00:00,70.51
-25.6802732,28.1170174,AMANDASIG X12,WILDE SERING,TSH,79900098,https://powerfailure.tshwane.gov.za/Tshwanesms/Map.aspx,"-25.6803,28.1170|AMANDASIG X12#0",2026-09-23 15:54:26.696532+00:00,2026-09-26 14:25:10.204350+00:00,70.51
-25.6874221,28.2705047,MONTANA PARK X01,VISVANGER ROAD,TSH,79900005,https://powerfailure.tshwane.gov.za/Tshwanesms/Map.aspx,"-25.6874,28.2705|MONTANA PARK X01#0",2026-09-23 15:54:26.696532+00:00,2026-09-26 14:25:10.204350+00:00,70.51
-25.686041,28.2604126,MONTANA PARK X40,DABCHICK STREET,TSH,79900005,https://powerfailure.tshwane.gov.za/Tshwanesms/Map.aspx,"-25.6860,28.2604|MONTANA PARK X40#0",2026-09-23 15:54:26.696532+00:00,2026-09-26 14:25:10.204350+00:00,70.51
-25.7603385,28.2322415,BROOKLYN,ANDERSON STREET,TSH,79900056,https://powerfailure.tshwane.gov.za/Tshwanesms/Map.aspx,"-25.7603,28.2322|BROOKLYN#0",2026-09-23 15:54:26.696532+00:00,2026-09-26 14:25:10.204350+00:00,70.51
-25.5842667,28.0612226,SOSHANGUVE SOUTH X08,STAND 18195,TSH,79900037,https://powerfailure.tshwane.gov.za/Tshwanesms/Map.aspx,"-25.5843,28.0612|SOSHANGUVE SOUTH X08#0",2026-09-24 11:52:55.215094+00:00,2026-09-26 14:25:10.204350+00:00,50.54
-25.6038752,28.1100804,SOSHANGUVE-A,MASINGA STREET,TSH,79900090,https://powerfailure.tshwane.gov.za/Tshwanesms/Map.aspx,"-25.6039,28.1101|SOSHANGUVE-A#0",2026-09-23 15:54:26.696532+00:00,2026-09-26 14:25:10.204350+00:00,70.51
-25.7245186,28.2163056,DEERNESS,MOGG AVENUE,TSH,79900053,https://powerfailure.tshwane.gov.za/Tshwanesms/Map.aspx,"-25.7245,28.2163|DEERNESS#0",2026-09-23 21:32:43.518437+00:00,2026-09-26 14:25:10.204350+00:00,64.87
-25.6422487,28.1960332,DE ONDERSTEPOORT 300-JR,PL SP-061-08 (STAND 93),TSH,79900096,https://powerfailure.tshwane.gov.za/Tshwanesms/Map.aspx,"-25.6422,28.1960|DE ONDERSTEPOORT 300-JR#0",2026-09-23 15:54:26.696532+00:00,2026-09-26 14:25:10.204350+00:00,70.51
-25.6695215,28.2776193,DERDEPOORT 326-JR,PL DW-39-16-03,TSH,79900087,https://powerfailure.tshwane.gov.za/Tshwanesms/Map.aspx,"-25.6695,28.2776|DERDEPOORT 326-JR#0",2026-09-23 15:54:26.696532+00:00,2026-09-26 14:25:10.204350+00:00,70.51
-25.8528652,28.2084796,DORINGKLOOF,GLOVER AVENUE,TSH,79900078,https://powerfailure.tshwane.gov.za/Tshwanesms/Map.aspx,"-25.8529,28.2085|DORINGKLOOF#0",2026-09-23 15:54:26.696532+00:00,2026-09-26 14:25:10.204350+00:00,70.51
-25.8512637,28.2075064,DORINGKLOOF,GLOVER AVENUE,TSH,79900078,https://powerfailure.tshwane.gov.za/Tshwanesms/Map.aspx,"-25.8513,28.2075|DORINGKLOOF#0",2026-09-23 15:54:26.696532+00:00,2026-09-26 14:25:10.204350+00:00,70.51
-25.8527058,28.2150342,DORINGKLOOF,JASPER AVENUE,TSH,79900078,https://powerfailure.tshwane.gov.za/Tshwanesms/Map.aspx,"-25.8527,28.2150|DORINGKLOOF#0",2026-09-23 15:54:26.696532+00:00,2026-09-26 14:25:10.204350+00:00,70.51
-25.4355797,28.1215203,SOSHANGUVE-V,STAND,TSH,79900025,https://powerfailure.tshwane.gov.za/Tshwanesms/Map.aspx,"-25.4356,28.1215|SOSHANGUVE-V#0",2026-09-24 11:52:55.215094+00:00,2026-09-26 14:25:10.204350+00:00,50.54
-25.726943,28.3983953,MAMELODI X03,STAND 21520,TSH,79900015,https://powerfailure.tshwane.gov.za/Tshwanesms/Map.aspx,"-25.7269,28.3984|MAMELODI X03#0",2026-09-23 15:54:26.696532+00:00,2026-09-26 14:25:10.204350+00:00,70.51
-25.7289875,28.3972584,MAMELODI X03,STAND 21798,TSH,79900015,https://powerfailure.tshwane.gov.za/Tshwanesms/Map.aspx,"-25.7290,28.3973|MAMELODI X03#0",2026-09-23 15:54:26.696532+00:00,2026-09-26 14:25:10.204350+00:00,70.51
-25.7412504,28.34823,NELLMAPIUS,DE PERS- PLACE,TSH,79900086,https://powerfailure.tshwane.gov.za/Tshwanesms/Map.aspx,"-25.7413,28.3482|NELLMAPIUS#0",2026-09-26 14:25:10.204350+00:00,2026-09-26 14:25:10.204350+00:00,0.0
-25.7370607,28.3683462,NELLMAPIUS X03,CT SPURS STREET,TSH,79900086,https://powerfailure.tshwane.gov.za/Tshwanesms/Map.aspx,"-25.7371,28.3683|NELLMAPIUS X03#0",2026-09-23 15:54:26.696532+00:00,2026-09-26 14:25:10.204350+00:00,70.51
-25.7353673,28.3724428,NELLMAPIUS X03,BALTSWOOD STREET,TSH,79900086,https://powerfailure.tshwane.gov.za/Tshwanesms/Map.aspx,"-25.7354,28.3724|NELLMAPIUS X03#0",2026-09-23 15:54:26.696532+00:00,2026-09-26 14:25:10.204350+00:00,70.51
-25.7344945,28.3639781,NELLMAPIUS X04,STERKTE CRESCENT,TSH,79900028,https://powerfailure.tshwane.gov.za/Tshwanesms/Map.aspx,"-25.7345,28.3640|NELLMAPIUS X04#0",2026-09-23 15:54:26.696532+00:00,2026-09-26 14:25:10.204350+00:00,70.51
-25.7298319,28.3581167,NELLMAPIUS X04,THERESO STREET,TSH,79900028,https://powerfailure.tshwane.gov.za/Tshwanesms/Map.aspx,"-25.7298,28.3581|NELLMAPIUS X04#0",2026-09-23 15:54:26.696532+00:00,2026-09-26 14:25:10.204350+00:00,70.51
-25.7303716,28.3587775,NELLMAPIUS X04,THERESO STREET,TSH,79900028,https://powerfailure.tshwane.gov.za/Tshwanesms/Map.aspx,"-25.7304,28.3588|NELLMAPIUS X04#0",2026-09-26 14:25:10.204350+00:00,2026-09-26 14:25:10.204350+00:00,0.0
-25.7333652,28.361534,NELLMAPIUS X04,HALLELUJAH CRESCENT,TSH,79900028,https://powerfailure.tshwane.gov.za/Tshwanesms/Map.aspx,"-25.7334,28.3615|NELLMAPIUS X04#0",2026-09-23 15:54:26.696532+00:00,2026-09-26 14:25:10.204350+00:00,70.51
-25.7325139,28.3603905,NELLMAPIUS X04,KARABO STREET,TSH,79900028,https://powerfailure.tshwane.gov.za/Tshwanesms/Map.aspx,"-25.7325,28.3604|NELLMAPIUS X04#0",2026-09-26 14:25:10.204350+00:00,2026-09-26 14:25:10.204350+00:00,0.0
-25.8838638,28.1383442,ROOIHUISKRAAL NOORD EXT 21,ALEPPO CRESCENT,TSH,79900048,https://powerfailure.tshwane.gov.za/Tshwanesms/Map.aspx,"-25.8839,28.1383|ROOIHUISKRAAL NOORD EXT 21#0",2026-09-26 14:25:10.204350+00:00,2026-09-26 14:25:10.204350+00:00,0.0
-25.7287837,28.2112043,RIETFONTEIN,BALLARD STREET,TSH,79900053,https://powerfailure.tshwane.gov.za/Tshwanesms/Map.aspx,"-25.7288,28.2112|RIETFONTEIN#0",2026-09-26 14:25:10.204350+00:00,2026-09-26 14:25:10.204350+00:00,0.0
-25.7287837,28.2112043,RIETFONTEIN,BALLARD STREET,TSH,79900053,https://powerfailure.tshwane.gov.za/Tshwanesms/Map.aspx,"-25.7288,28.2112|RIETFONTEIN#1",2026-09-26 14:25:10.204350+00:00,2026-09-26 14:25:10.204350+00:00,0.0
-25.6353621,28.5297572,REFILWE,STAND,TSH,79900099,https://powerfailure.tshwane.gov.za/Tshwanesms/Map.aspx,"-25.6354,28.5298|REFILWE#0",2026-09-23 15:54:26.696532+00:00,2026-09-26 14:25:10.204350+00:00,70.51
-25.6319344,28.5249302,REFILWE X05,STAND,TSH,79900099,https://powerfailure.tshwane.gov.za/Tshwanesms/Map.aspx,"-25.6319,28.5249|REFILWE X05#0",2026-09-23 15:54:26.696532+00:00,2026-09-26 14:25:10.204350+00:00,70.51
-25.6343729,28.527841,REFILWE X05,STAND,TSH,79900099,https://powerfailure.tshwane.gov.za/Tshwanesms/Map.aspx,"-25.6344,28.5278|REFILWE X05#0",2026-09-23 15:54:26.696532+00:00,2026-09-26 14:25:10.204350+00:00,70.51
-25.7554159,28.2020556,SUNNYSIDE,STEVE BIKO ROAD,TSH,79900081,https://powerfailure.tshwane.gov.za/Tshwanesms/Map.aspx,"-25.7554,28.2021|SUNNYSIDE#0",2026-09-24 17:14:48.543546+00:00,2026-09-26 14:25:10.204350+00:00,45.17
-25.7087238,28.1996518,WONDERBOOM SOUTH,FRED NICHOLSON STREET,TSH,79900054,https://powerfailure.tshwane.gov.za/Tshwanesms/Map.aspx,"-25.7087,28.1997|WONDERBOOM SOUTH#0",2026-09-25 05:01:45.026219+00:00,2026-09-26 14:25:10.204350+00:00,33.39
-25.728931,28.0878211,ZANDFONTEIN 317-JR,PL MVS-030-019-01E,TSH,79900055,https://powerfailure.tshwane.gov.za/Tshwanesms/Map.aspx,"-25.7289,28.0878|ZANDFONTEIN 317-JR#0",2026-09-25 17:15:35.006199+00:00,2026-09-26 14:25:10.204350+00:00,21.16
-25.7254477,28.0817405,ZANDFONTEIN 317-JR,PL MVS-030-13,TSH,79900055,https://powerfailure.tshwane.gov.za/Tshwanesms/Map.aspx,"-25.7254,28.0817|ZANDFONTEIN 317-JR#0",2026-09-25 17:15:35.006199+00:00,2026-09-26 14:25:10.204350+00:00,21.16
-25.6290778,28.1014357,ROSSLYN,POTGIETER,TSH,79900037,https://powerfailure.tshwane.gov.za/Tshwanesms/Map.aspx,"-25.6291,28.1014|ROSSLYN#0",2026-09-23 15:54:26.696532+00:00,2026-09-26 14:25:10.204350+00:00,70.51
-25.6472727,28.1022099,THE ORCHARDS,MAROELA AVENUE,TSH,79900004,https://powerfailure.tshwane.gov.za/Tshwanesms/Map.aspx,"-25.6473,28.1022|THE ORCHARDS#0",2026-09-23 15:54:26.696532+00:00,2026-09-26 14:25:10.204350+00:00,70.51
-25.6489628,28.0981792,THE ORCHARDS,SERING AVENUE,TSH,79900004,https://powerfailure.tshwane.gov.za/Tshwanesms/Map.aspx,"-25.6490,28.0982|THE ORCHARDS#0",2026-09-23 15:54:26.696532+00:00,2026-09-26 14:25:10.204350+00:00,70.51
-25.6411435,28.100456,THE ORCHARDS,MOPANI AVENUE,TSH,79900004,https://powerfailure.tshwane.gov.za/Tshwanesms/Map.aspx,"-25.6411,28.1005|THE ORCHARDS#0",2026-09-23 15:54:26.696532+00:00,2026-09-26 14:25:10.204350+00:00,70.51
-25.6417811,28.101859,THE ORCHARDS,MOPANI AVENUE,TSH,79900004,https://powerfailure.tshwane.gov.za/Tshwanesms/Map.aspx,"-25.6418,28.1019|THE ORCHARDS#0",2026-09-23 15:54:26.696532+00:00,2026-09-26 14:25:10.204350+00:00,70.51
-25.6467323,28.1058883,THE ORCHARDS X03,BOSMAN STREET,TSH,79900004,https://powerfailure.tshwane.gov.za/Tshwanesms/Map.aspx,"-25.6467,28.1059|THE ORCHARDS X03#0",2026-09-23 15:54:26.696532+00:00,2026-09-26 14:25:10.204350+00:00,70.51
-25.8601318,28.1416478,WIERDAPARK,KOEDOE STREET,TSH,79900070,https://powerfailure.tshwane.gov.za/Tshwanesms/Map.aspx,"-25.8601,28.1416|WIERDAPARK#0",2026-09-23 15:54:26.696532+00:00,2026-09-26 14:25:10.204350+00:00,70.51
-25.8652571,28.1485667,WIERDAPARK,THEUNS VAN NIEKERK STREET,TSH,79900070,https://powerfailure.tshwane.gov.za/Tshwanesms/Map.aspx,"-25.8653,28.1486|WIERDAPARK#0",2026-09-23 15:54:26.696532+00:00,2026-09-26 14:25:10.204350+00:00,70.51
-25.8621729,28.1389078,WIERDAPARK,KOEDOE STREET,TSH,79900070,https://powerfailure.tshwane.gov.za/Tshwanesms/Map.aspx,"-25.8622,28.1389|WIERDAPARK#0",2026-09-23 15:54:26.696532+00:00,2026-09-26 14:25:10.204350+00:00,70.51
-25.8650078,28.1460762,WIERDAPARK,THEUNS VAN NIEKERK STREET,TSH,79900070,https://powerfailure.tshwane.gov.za/Tshwanesms/Map.aspx,"-25.8650,28.1461|WIERDAPARK#0",2026-09-23 15:54:26.696532+00:00,2026-09-26 14:25:10.204350+00:00,70.51
-25.6719618,28.1140026,KARENPARK,ANEMOON,TSH,79900004,https://powerfailure.tshwane.gov.za/Tshwanesms/Map.aspx,"-25.6720,28.1140|KARENPARK#0",2026-09-23 15:54:26.696532+00:00,2026-09-26 14:25:10.204350+00:00,70.51
-25.659847,28.1051538,KARENPARK X10,REGINALD,TSH,79900004,https://powerfailure.tshwane.gov.za/Tshwanesms/Map.aspx,"-25.6598,28.1052|KARENPARK X10#0",2026-09-23 15:54:26.696532+00:00,2026-09-26 14:25:10.204350+00:00,70.51
-25.8560501,28.2143622,DORINGKLOOF,DAHLIA AVENUE,TSH,79900078,https://powerfailure.tshwane.gov.za/Tshwanesms/Map.aspx,"-25.8561,28.2144|DORINGKLOOF#0",2026-09-23 15:54:26.696532+00:00,2026-09-26 14:25:10.204350+00:00,70.51
-25.6441325,28.242413,DOORNPOORT,PEERBOOM STREET,TSH,79900096,https://powerfailure.tshwane.gov.za/Tshwanesms/Map.aspx,"-25.6441,28.2424|DOORNPOORT#0",2026-09-25 10:58:56.127220+00:00,2026-09-26 14:25:10.204350+00:00,27.44
-25.649259,28.2418371,DOORNPOORT,AIRPORT ROAD,TSH,79900096,https://powerfailure.tshwane.gov.za/Tshwanesms/Map.aspx,"-25.6493,28.2418|DOORNPOORT#0",2026-09-25 10:58:56.127220+00:00,2026-09-26 14:25:10.204350+00:00,27.44
-25.6450731,28.2385449,DOORNPOORT,VYEBOOM ROAD,TSH,79900096,https://powerfailure.tshwane.gov.za/Tshwanesms/Map.aspx,"-25.6451,28.2385|DOORNPOORT#0",2026-09-25 10:58:56.127220+00:00,2026-09-26 14:25:10.204350+00:00,27.44
-25.6486367,28.2348759,DOORNPOORT,AIRPORT ROAD,TSH,79900096,https://powerfailure.tshwane.gov.za/Tshwanesms/Map.aspx,"-25.6486,28.2349|DOORNPOORT#0",2026-09-25 10:58:56.127220+00:00,2026-09-26 14:25:10.204350+00:00,27.44
-25.65208,28.2412329,DOORNPOORT,FOXGLOVE STREET,TSH,79900096,https://powerfailure.tshwane.gov.za/Tshwanesms/Map.aspx,"-25.6521,28.2412|DOORNPOORT#0",2026-09-25 10:58:56.127220+00:00,2026-09-26 14:25:10.204350+00:00,27.44
-25.6505119,28.2395199,DOORNPOORT,FOXGLOVE STREET,TSH,79900096,https://powerfailure.tshwane.gov.za/Tshwanesms/Map.aspx,"-25.6505,28.2395|DOORNPOORT#0",2026-09-25 10:58:56.127220+00:00,2026-09-26 14:25:10.204350+00:00,27.44
-25.6494439,28.2400806,DOORNPOORT,AIRPORT ROAD,TSH,79900096,https://powerfailure.tshwane.gov.za/Tshwanesms/Map.aspx,"-25.6494,28.2401|DOORNPOORT#0",2026-09-25 10:58:56.127220+00:00,2026-09-26 14:25:10.204350+00:00,27.44
-25.6505319,28.2328282,DOORNPOORT,DRAKE PLACE,TSH,79900096,https://powerfailure.tshwane.gov.za/Tshwanesms/Map.aspx,"-25.6505,28.2328|DOORNPOORT#0",2026-09-25 10:58:56.127220+00:00,2026-09-26 14:25:10.204350+00:00,27.44
-25.6512707,28.2314591,DOORNPOORT,POLO PLACE,TSH,79900096,https://powerfailure.tshwane.gov.za/Tshwanesms/Map.aspx,"-25.6513,28.2315|DOORNPOORT#0",2026-09-25 10:58:56.127220+00:00,2026-09-26 14:25:10.204350+00:00,27.44
-25.6466536,28.246855,DOORNPOORT X06,OKKERNEUT CRESCENT,TSH,79900096,https://powerfailure.tshwane.gov.za/Tshwanesms/Map.aspx,"-25.6467,28.2469|DOORNPOORT X06#0",2026-09-25 10:58:56.127220+00:00,2026-09-26 14:25:10.204350+00:00,27.44
-25.6518772,28.2329665,DOORNPOORT,ANEMOON PLACE,TSH,79900096,https://powerfailure.tshwane.gov.za/Tshwanesms/Map.aspx,"-25.6519,28.2330|DOORNPOORT#0",2026-09-25 10:58:56.127220+00:00,2026-09-26 14:25:10.204350+00:00,27.44
-25.7798818,28.3039331,FAERIE GLEN X01,LOUISIANA STREET,TSH,79900044,https://powerfailure.tshwane.gov.za/Tshwanesms/Map.aspx,"-25.7799,28.3039|FAERIE GLEN X01#0",2026-09-26 14:25:10.204350+00:00,2026-09-26 14:25:10.204350+00:00,0.0
-25.6839679,28.1577171,FLORAUNA,OCHNA AVENUE,TSH,79900002,https://powerfailure.tshwane.gov.za/Tshwanesms/Map.aspx,"-25.6840,28.1577|FLORAUNA#0",2026-09-23 15:54:26.696532+00:00,2026-09-26 14:25:10.204350+00:00,70.51
-25.6797139,28.1616265,FLORAUNA X01,NUNANDA STREET,TSH,79900002,https://powerfailure.tshwane.gov.za/Tshwanesms/Map.aspx,"-25.6797,28.1616|FLORAUNA X01#0",2026-09-23 15:54:26.696532+00:00,2026-09-26 14:25:10.204350+00:00,70.51
-25.7168189,28.3430188,MAMELODI,STAND 19686,TSH,79900038,https://powerfailure.tshwane.gov.za/Tshwanesms/Map.aspx,"-25.7168,28.3430|MAMELODI#0",2026-09-23 15:54:26.696532+00:00,2026-09-26 14:25:10.204350+00:00,70.51
-25.7210851,28.3784426,MAMELODI,A28651,TSH,79900018,https://powerfailure.tshwane.gov.za/Tshwanesms/Map.aspx,"-25.7211,28.3784|MAMELODI#0",2026-09-23 15:54:26.696532+00:00,2026-09-26 14:25:10.204350+00:00,70.51
-25.7207202,28.3787362,MAMELODI,STAND 20197,TSH,79900018,https://powerfailure.tshwane.gov.za/Tshwanesms/Map.aspx,"-25.7207,28.3787|MAMELODI#0",2026-09-23 15:54:26.696532+00:00,2026-09-26 14:25:10.204350+00:00,70.51
-25.6951913,28.1735021,MOUNTAIN VIEW,BARNATO STREET,TSH,79900054,https://powerfailure.tshwane.gov.za/Tshwanesms/Map.aspx,"-25.6952,28.1735|MOUNTAIN VIEW#0",2026-09-26 14:25:10.204350+00:00,2026-09-26 14:25:10.204350+00:00,0.0
-25.7298462,28.2543855,QUEENSWOOD,KIRKBY STREET,TSH,79900084,https://powerfailure.tshwane.gov.za/Tshwanesms/Map.aspx,"-25.7298,28.2544|QUEENSWOOD#0",2026-09-26 04:51:34.754667+00:00,2026-09-26 14:25:10.204350+00:00,9.56
-25.7297368,28.2567635,QUEENSWOOD,KIRKBY STREET,TSH,79900084,https://powerfailure.tshwane.gov.za/Tshwanesms/Map.aspx,"-25.7297,28.2568|QUEENSWOOD#0",2026-09-26 04:51:34.754667+00:00,2026-09-26 14:25:10.204350+00:00,9.56
-25.6893066,28.2232576,SINOVILLE,MOLOPO AVENUE,TSH,79900050,https://powerfailure.tshwane.gov.za/Tshwanesms/Map.aspx,"-25.6893,28.2233|SINOVILLE#0",2026-09-23 15:54:26.696532+00:00,2026-09-26 14:25:10.204350+00:00,70.51
-25.6650676,28.2329364,SINOVILLE X04,HENRY CRESCENT,TSH,79900096,https://powerfailure.tshwane.gov.za/Tshwanesms/Map.aspx,"-25.6651,28.2329|SINOVILLE X04#0",2026-09-25 10:58:56.127220+00:00,2026-09-26 14:25:10.204350+00:00,27.44
-25.6585205,28.233345,SINOVILLE X06,H O MONNIG STREET,TSH,79900096,https://powerfailure.tshwane.gov.za/Tshwanesms/Map.aspx,"-25.6585,28.2333|SINOVILLE X06#0",2026-09-25 10:58:56.127220+00:00,2026-09-26 14:25:10.204350+00:00,27.44
-25.6601517,28.2344099,SINOVILLE X06,KLIPPAN ROAD,TSH,79900096,https://powerfailure.tshwane.gov.za/Tshwanesms/Map.aspx,"-25.6602,28.2344|SINOVILLE X06#0",2026-09-25 10:58:56.127220+00:00,2026-09-26 14:25:10.204350+00:00,27.44
-25.816456,28.2449451,WATERKLOOF RIDGE X02,CLIFF AVENUE,TSH,79900042,https://powerfailure.tshwane.gov.za/Tshwanesms/Map.aspx,"-25.8165,28.2449|WATERKLOOF RIDGE X02#0",2026-09-26 04:51:34.754667+00:00,2026-09-26 14:25:10.204350+00:00,9.56
-25.8159432,28.2452853,WATERKLOOF RIDGE X02,CLIFF AVENUE,TSH,79900042,https://powerfailure.tshwane.gov.za/Tshwanesms/Map.aspx,"-25.8159,28.2453|WATERKLOOF RIDGE X02#0",2026-09-26 04:51:34.754667+00:00,2026-09-26 14:25:10.204350+00:00,9.56
-25.8051451,28.713862,RIAMARPARK X04,SONNEBLOM ROAD,TSH,79900102,https://powerfailure.tshwane.gov.za/Tshwanesms/Map.aspx,"-25.8051,28.7139|RIAMARPARK X04#0",2026-09-23 15:54:26.696532+00:00,2026-09-26 14:25:10.204350+00:00,70.51
-25.7400832,28.2389967,COLBYN,TAIT STREET,TSH,79900092,https://powerfailure.tshwane.gov.za/Tshwanesms/Map.aspx,"-25.7401,28.2390|COLBYN#0",2026-09-26 14:25:10.204350+00:00,2026-09-26 14:25:10.204350+00:00,0.0
-25.4906272,28.1082857,SOSHANGUVE-DD,STAND 610,TSH,79900088,https://powerfailure.tshwane.gov.za/Tshwanesms/Map.aspx,"-25.4906,28.1083|SOSHANGUVE-DD#0",2026-09-23 15:54:26.696532+00:00,2026-09-26 14:25:10.204350+00:00,70.51
-25.7782857,28.216097,GROENKLOOF,HERBERT BAKER STREET,TSH,79900059,https://powerfailure.tshwane.gov.za/Tshwanesms/Map.aspx,"-25.7783,28.2161|GROENKLOOF#0",2026-09-23 15:54:26.696532+00:00,2026-09-26 14:25:10.204350+00:00,70.51
-25.7782518,28.2157854,GROENKLOOF,HERBERT BAKER STREET,TSH,79900059,https://powerfailure.tshwane.gov.za/Tshwanesms/Map.aspx,"-25.7783,28.2158|GROENKLOOF#0",2026-09-23 15:54:26.696532+00:00,2026-09-26 14:25:10.204350+00:00,70.51
-25.7740422,28.2110161,GROENKLOOF,VAN WOUW STREET,TSH,79900059,https://powerfailure.tshwane.gov.za/Tshwanesms/Map.aspx,"-25.7740,28.2110|GROENKLOOF#0",2026-09-23 15:54:26.696532+00:00,2026-09-26 14:25:10.204350+00:00,70.51
-25.7761002,28.2122708,GROENKLOOF,HERBERT BAKER STREET,TSH,79900059,https://powerfailure.tshwane.gov.za/Tshwanesms/Map.aspx,"-25.7761,28.2123|GROENKLOOF#0",2026-09-23 15:54:26.696532+00:00,2026-09-26 14:25:10.204350+00:00,70.51
-25.772381,28.2105667,GROENKLOOF,VAN WOUW STREET,TSH,79900059,https://powerfailure.tshwane.gov.za/Tshwanesms/Map.aspx,"-25.7724,28.2106|GROENKLOOF#0",2026-09-23 15:54:26.696532+00:00,2026-09-26 14:25:10.204350+00:00,70.51
-25.7733825,28.2119314,GROENKLOOF,WENNING STREET,TSH,79900059,https://powerfailure.tshwane.gov.za/Tshwanesms/Map.aspx,"-25.7734,28.2119|GROENKLOOF#0",2026-09-23 15:54:26.696532+00:00,2026-09-26 14:25:10.204350+00:00,70.51
-25.7733522,28.2144069,GROENKLOOF,KONINGIN WILHELMINA AVENUE,TSH,79900059,https://powerfailure.tshwane.gov.za/Tshwanesms/Map.aspx,"-25.7734,28.2144|GROENKLOOF#0",2026-09-23 15:54:26.696532+00:00,2026-09-26 14:25:10.204350+00:00,70.51
-25.7733522,28.2144069,GROENKLOOF,FRANS OERDER STREET,TSH,79900059,https://powerfailure.tshwane.gov.za/Tshwanesms/Map.aspx,"-25.7734,28.2144|GROENKLOOF#1",2026-09-23 15:54:26.696532+00:00,2026-09-26 14:25:10.204350+00:00,70.51
-25.7733522,28.2144069,GROENKLOOF,TOTIUS STREET,TSH,79900059,https://powerfailure.tshwane.gov.za/Tshwanesms/Map.aspx,"-25.7734,28.2144|GROENKLOOF#2",2026-09-23 15:54:26.696532+00:00,2026-09-26 14:25:10.204350+00:00,70.51
-25.7733522,28.2144069,GROENKLOOF,Totius Street,TSH,79900059,https://powerfailure.tshwane.gov.za/Tshwanesms/Map.aspx,"-25.7734,28.2144|GROENKLOOF#3",2026-09-23 15:54:26.696532+00:00,2026-09-26 14:25:10.204350+00:00,70.51
-25.7733522,28.2144069,GROENKLOOF,LEIPOLDT STREET,TSH,79900059,https://powerfailure.tshwane.gov.za/Tshwanesms/Map.aspx,"-25.7734,28.2144|GROENKLOOF#4",2026-09-23 15:54:26.696532+00:00,2026-09-26 14:25:10.204350+00:00,70.51
-25.7743175,28.1779529,GROENKLOOF 358-JR,NO STREET,TSH,79900059,https://powerfailure.tshwane.gov.za/Tshwanesms/Map.aspx,"-25.7743,28.1780|GROENKLOOF 358-JR#0",2026-09-23 15:54:26.696532+00:00,2026-09-26 14:25:10.204350+00:00,70.51
-25.6743198,28.1284458,HEATHERDALE AH,MAIN,TSH,79900098,https://powerfailure.tshwane.gov.za/Tshwanesms/Map.aspx,"-25.6743,28.1284|HEATHERDALE AH#0",2026-09-23 15:54:26.696532+00:00,2026-09-26 14:25:10.204350+00:00,70.51
-25.7173743,28.4089694,MAMELODI X06,LENGANA STREET,TSH,79900040,https://powerfailure.tshwane.gov.za/Tshwanesms/Map.aspx,"-25.7174,28.4090|MAMELODI X06#0",2026-09-23 15:54:26.696532+00:00,2026-09-26 14:25:10.204350+00:00,70.51
-25.720514,28.4349621,MAMELODI X22,LETSOGO STREET,TSH,79900010,https://powerfailure.tshwane.gov.za/Tshwanesms/Map.aspx,"-25.7205,28.4350|MAMELODI X22#0",2026-09-25 17:15:35.006199+00:00,2026-09-26 14:25:10.204350+00:00,21.16
-25.7306513,28.3507943,NELLMAPIUS X14,STAND,TSH,79900028,https://powerfailure.tshwane.gov.za/Tshwanesms/Map.aspx,"-25.7307,28.3508|NELLMAPIUS X14#0",2026-09-26 14:25:10.204350+00:00,2026-09-26 14:25:10.204350+00:00,0.0
-25.7917172,28.2654678,NEWLANDS X01,WILD AVENUE,TSH,79900082,https://powerfailure.tshwane.gov.za/Tshwanesms/Map.aspx,"-25.7917,28.2655|NEWLANDS X01#0",2026-09-23 15:54:26.696532+00:00,2026-09-26 14:25:10.204350+00:00,70.51
-25.6671422,28.3041084,KAMEELDRIFT 298-JR,PL DE-032-02-03,TSH,79900087,https://powerfailure.tshwane.gov.za/Tshwanesms/Map.aspx,"-25.6671,28.3041|KAMEELDRIFT 298-JR#0",2026-09-23 15:54:26.696532+00:00,2026-09-26 14:25:10.204350+00:00,70.51
-25.7760662,28.0664894,SAULSVILLE,SEKHU STREET,TSH,79900072,https://powerfailure.tshwane.gov.za/Tshwanesms/Map.aspx,"-25.7761,28.0665|SAULSVILLE#0",2026-09-26 14:25:10.204350+00:00,2026-09-26 14:25:10.204350+00:00,0.0
-25.9028384,28.1322589,THE REEDS X05,WILLIAM STREET,TSH,79900064,https://powerfailure.tshwane.gov.za/Tshwanesms/Map.aspx,"-25.9028,28.1323|THE REEDS X05#0",2026-09-26 14:25:10.204350+00:00,2026-09-26 14:25:10.204350+00:00,0.0
-25.9044735,28.1323061,THE REEDS X09,JACQUELINE STREET,TSH,79900064,https://powerfailure.tshwane.gov.za/Tshwanesms/Map.aspx,"-25.9045,28.1323|THE REEDS X09#0",2026-09-26 14:25:10.204350+00:00,2026-09-26 14:25:10.204350+00:00,0.0
-25.9050744,28.1350445,THE REEDS X09,QUINTON AVENUE,TSH,79900064,https://powerfailure.tshwane.gov.za/Tshwanesms/Map.aspx,"-25.9051,28.1350|THE REEDS X09#0",2026-09-26 14:25:10.204350+00:00,2026-09-26 14:25:10.204350+00:00,0.0
-25.9085083,28.1387353,THE REEDS X09,MARKUS AVENUE,TSH,79900064,https://powerfailure.tshwane.gov.za/Tshwanesms/Map.aspx,"-25.9085,28.1387|THE REEDS X09#0",2026-09-26 04:51:34.754667+00:00,2026-09-26 14:25:10.204350+00:00,9.56
-25.8926777,28.1253226,THE REEDS X03,MOONFLOWER CRESCENT,TSH,79900064,https://powerfailure.tshwane.gov.za/Tshwanesms/Map.aspx,"-25.8927,28.1253|THE REEDS X03#0",2026-09-26 14:25:10.204350+00:00,2026-09-26 14:25:10.204350+00:00,0.0
-25.8913825,28.1238837,THE REEDS X03,MOONFLOWER CRESCENT,TSH,79900064,https://powerfailure.tshwane.gov.za/Tshwanesms/Map.aspx,"-25.8914,28.1239|THE REEDS X03#0",2026-09-26 14:25:10.204350+00:00,2026-09-26 14:25:10.204350+00:00,0.0
-25.892208,28.1269277,THE REEDS X03,MOONFLOWER CRESCENT,TSH,79900064,https://powerfailure.tshwane.gov.za/Tshwanesms/Map.aspx,"-25.8922,28.1269|THE REEDS X03#0",2026-09-26 14:25:10.204350+00:00,2026-09-26 14:25:10.204350+00:00,0.0
-25.8961599,28.122862,THE REEDS X29,HIBISCUS CLOSE,TSH,79900064,https://powerfailure.tshwane.gov.za/Tshwanesms/Map.aspx,"-25.8962,28.1229|THE REEDS X29#0",2026-09-26 14:25:10.204350+00:00,2026-09-26 14:25:10.204350+00:00,0.0
-25.8944855,28.1189026,THE REEDS X34,BUSHWILLOW AVENUE,TSH,79900064,https://powerfailure.tshwane.gov.za/Tshwanesms/Map.aspx,"-25.8945,28.1189|THE REEDS X34#0",2026-09-26 14:25:10.204350+00:00,2026-09-26 14:25:10.204350+00:00,0.0
-25.8568663,28.1360071,WIERDAPARK X06,SEESWAEL ROAD,TSH,79900070,https://powerfailure.tshwane.gov.za/Tshwanesms/Map.aspx,"-25.8569,28.1360|WIERDAPARK X06#0",2026-09-23 15:54:26.696532+00:00,2026-09-26 14:25:10.204350+00:00,70.51
-25.8711787,28.1514457,WIERDAPARK X02,UVONGO STREET,TSH,79900069,https://powerfailure.tshwane.gov.za/Tshwanesms/Map.aspx,"-25.8712,28.1514|WIERDAPARK X02#0",2026-09-24 11:52:55.215094+00:00,2026-09-26 14:25:10.204350+00:00,50.54
-25.8741052,28.1583079,WIERDAPARK X02,ILLOVO AVENUE,TSH,79900069,https://powerfailure.tshwane.gov.za/Tshwanesms/Map.aspx,"-25.8741,28.1583|WIERDAPARK X02#0",2026-09-23 15:54:26.696532+00:00,2026-09-26 14:25:10.204350+00:00,70.51
-25.7976089,28.3692777,TYGER VALLEY 334-JR,TYGERVALLEY,TSH,79900101,https://powerfailure.tshwane.gov.za/Tshwanesms/Map.aspx,"-25.7976,28.3693|TYGER VALLEY 334-JR#0",2026-09-23 15:54:26.696532+00:00,2026-09-26 14:25:10.204350+00:00,70.51
-25.6795309,28.1062196,AMANDASIG X24,BERG AVENUE,TSH,79900098,https://powerfailure.tshwane.gov.za/Tshwanesms/Map.aspx,"-25.6795,28.1062|AMANDASIG X24#0",2026-09-23 15:54:26.696532+00:00,2026-09-26 14:25:10.204350+00:00,70.51
-25.5857823,28.0626282,SOSHANGUVE SOUTH X08,STAND 18240,TSH,79900037,https://powerfailure.tshwane.gov.za/Tshwanesms/Map.aspx,"-25.5858,28.0626|SOSHANGUVE SOUTH X08#0",2026-09-23 21:32:43.518437+00:00,2026-09-26 14:25:10.204350+00:00,64.87
-25.6823743,28.3221435,DERDEPOORT 326-JR,PL BP-130-02-02,TSH,79900087,https://powerfailure.tshwane.gov.za/Tshwanesms/Map.aspx,"-25.6824,28.3221|DERDEPOORT 326-JR#0",2026-09-23 15:54:26.696532+00:00,2026-09-26 14:25:10.204350+00:00,70.51
-25.674222,28.2795749,DERDEPOORT 326-JR,PL DW-032-11A-02,TSH,79900087,https://powerfailure.tshwane.gov.za/Tshwanesms/Map.aspx,"-25.6742,28.2796|DERDEPOORT 326-JR#0",2026-09-23 15:54:26.696532+00:00,2026-09-26 14:25:10.204350+00:00,70.51
-25.8585511,28.2018804,DORINGKLOOF,LOUISE STREET,TSH,79900078,https://powerfailure.tshwane.gov.za/Tshwanesms/Map.aspx,"-25.8586,28.2019|DORINGKLOOF#0",2026-09-23 15:54:26.696532+00:00,2026-09-26 14:25:10.204350+00:00,70.51
-25.8571181,28.2029761,DORINGKLOOF,LOUISE STREET,TSH,79900078,https://powerfailure.tshwane.gov.za/Tshwanesms/Map.aspx,"-25.8571,28.2030|DORINGKLOOF#0",2026-09-23 15:54:26.696532+00:00,2026-09-26 14:25:10.204350+00:00,70.51
-25.8509857,28.2077506,DORINGKLOOF,BASHEE AVENUE,TSH,79900078,https://powerfailure.tshwane.gov.za/Tshwanesms/Map.aspx,"-25.8510,28.2078|DORINGKLOOF#0",2026-09-23 15:54:26.696532+00:00,2026-09-26 14:25:10.204350+00:00,70.51
-25.8542646,28.2142192,DORINGKLOOF,TUGELA AVENUE,TSH,79900078,https://powerfailure.tshwane.gov.za/Tshwanesms/Map.aspx,"-25.8543,28.2142|DORINGKLOOF#0",2026-09-23 15:54:26.696532+00:00,2026-09-26 14:25:10.204350+00:00,70.51
-25.8550053,28.210239,DORINGKLOOF,ORANJE AVENUE,TSH,79900078,https://powerfailure.tshwane.gov.za/Tshwanesms/Map.aspx,"-25.8550,28.2102|DORINGKLOOF#0",2026-09-23 15:54:26.696532+00:00,2026-09-26 14:25:10.204350+00:00,70.51
-25.7195918,28.3648896,MAMELODI,STAND 20535,TSH,79900015,https://powerfailure.tshwane.gov.za/Tshwanesms/Map.aspx,"-25.7196,28.3649|MAMELODI#0",2026-09-23 15:54:26.696532+00:00,2026-09-26 14:25:10.204350+00:00,70.51
-25.727922,28.3881962,MAMELODI,MORWA-THAMAGA STREET,TSH,79900018,https://powerfailure.tshwane.gov.za/Tshwanesms/Map.aspx,"-25.7279,28.3882|MAMELODI#0",2026-09-23 15:54:26.696532+00:00,2026-09-26 14:25:10.204350+00:00,70.51
-25.7198589,28.3794334,MAMELODI,STAND 25255,TSH,79900018,https://powerfailure.tshwane.gov.za/Tshwanesms/Map.aspx,"-25.7199,28.3794|MAMELODI#0",2026-09-23 15:54:26.696532+00:00,2026-09-26 14:25:10.204350+00:00,70.51
-25.7182139,28.3799653,MAMELODI,STAND 25381,TSH,79900018,https://powerfailure.tshwane.gov.za/Tshwanesms/Map.aspx,"-25.7182,28.3800|MAMELODI#0",2026-09-23 15:54:26.696532+00:00,2026-09-26 14:25:10.204350+00:00,70.51
-25.7370033,28.3495303,NELLMAPIUS,LOERIESFONTEIN CRESCENT,TSH,79900086,https://powerfailure.tshwane.gov.za/Tshwanesms/Map.aspx,"-25.7370,28.3495|NELLMAPIUS#0",2026-09-23 15:54:26.696532+00:00,2026-09-26 14:25:10.204350+00:00,70.51
-25.7337426,28.3674396,NELLMAPIUS X03,SAXON STREET,TSH,79900086,https://powerfailure.tshwane.gov.za/Tshwanesms/Map.aspx,"-25.7337,28.3674|NELLMAPIUS X03#0",2026-09-23 15:54:26.696532+00:00,2026-09-26 14:25:10.204350+00:00,70.51
-25.7302768,28.3581034,NELLMAPIUS X04,THERESO STREET,TSH,79900028,https://powerfailure.tshwane.gov.za/Tshwanesms/Map.aspx,"-25.7303,28.3581|NELLMAPIUS X04#0",2026-09-26 14:25:10.204350+00:00,2026-09-26 14:25:10.204350+00:00,0.0
-25.8840314,28.1299042,ROOIHUISKRAAL NOORD X23,EUCLEA CLOSE,TSH,79900048,https://powerfailure.tshwane.gov.za/Tshwanesms/Map.aspx,"-25.8840,28.1299|ROOIHUISKRAAL NOORD X23#0",2026-09-26 04:51:34.754667+00:00,2026-09-26 14:25:10.204350+00:00,9.56
-25.6771097,28.1558409,TILEBA,LEON STREET,TSH,79900098,https://powerfailure.tshwane.gov.za/Tshwanesms/Map.aspx,"-25.6771,28.1558|TILEBA#0",2026-09-23 15:54:26.696532+00:00,2026-09-26 14:25:10.204350+00:00,70.51
-25.7293609,28.2133713,RIETFONTEIN,14TH AVENUE,TSH,79900053,https://powerfailure.tshwane.gov.za/Tshwanesms/Map.aspx,"-25.7294,28.2134|RIETFONTEIN#0",2026-09-26 14:25:10.204350+00:00,2026-09-26 14:25:10.204350+00:00,0.0
-25.634964,28.5279704,REFILWE X05,STAND,TSH,79900099,https://powerfailure.tshwane.gov.za/Tshwanesms/Map.aspx,"-25.6350,28.5280|REFILWE X05#0",2026-09-23 15:54:26.696532+00:00,2026-09-26 14:25:10.204350+00:00,70.51
-25.6356906,28.5281027,REFILWE X05,STAND,TSH,79900099,https://powerfailure.tshwane.gov.za/Tshwanesms/Map.aspx,"-25.6357,28.5281|REFILWE X05#0",2026-09-24 11:52:55.215094+00:00,2026-09-26 14:25:10.204350+00:00,50.54
-25.642912,28.1000384,THE ORCHARDS,PLANTAIN AVENUE,TSH,79900004,https://powerfailure.tshwane.gov.za/Tshwanesms/Map.aspx,"-25.6429,28.1000|THE ORCHARDS#0",2026-09-23 15:54:26.696532+00:00,2026-09-26 14:25:10.204350+00:00,70.51
-25.643018,28.0989209,THE ORCHARDS X05,HITCHCOCK STREET,TSH,79900004,https://powerfailure.tshwane.gov.za/Tshwanesms/Map.aspx,"-25.6430,28.0989|THE ORCHARDS X05#0",2026-09-23 15:54:26.696532+00:00,2026-09-26 14:25:10.204350+00:00,70.51
-25.6516994,28.1050085,THE ORCHARDS X03,DORFLING STREET,TSH,79900004,https://powerfailure.tshwane.gov.za/Tshwanesms/Map.aspx,"-25.6517,28.1050|THE ORCHARDS X03#0",2026-09-23 15:54:26.696532+00:00,2026-09-26 14:25:10.204350+00:00,70.51
-25.6447641,28.1046708,THE ORCHARDS X10,KIRKNESS ROAD,TSH,79900004,https://powerfailure.tshwane.gov.za/Tshwanesms/Map.aspx,"-25.6448,28.1047|THE ORCHARDS X10#0",2026-09-23 15:54:26.696532+00:00,2026-09-26 14:25:10.204350+00:00,70.51
-25.8139261,28.7277957,BRONKHORSTSPRUIT X01,ANTELOPE,TSH,79900105,https://powerfailure.tshwane.gov.za/Tshwanesms/Map.aspx,"-25.8139,28.7278|BRONKHORSTSPRUIT X01#0",2026-09-23 15:54:26.696532+00:00,2026-09-26 14:25:10.204350+00:00,70.51
