area,measure,period,value,source
ZA,unemployment,Jan-Mar 2008,23.2,https://www.statssa.gov.za/publications/P0211/QLFS%20Trends%202008-2026Q2.xlsx
ZA,unemployment,Apr-Jun 2008,22.6,https://www.statssa.gov.za/publications/P0211/QLFS%20Trends%202008-2026Q2.xlsx
ZA,unemployment,Jul-Sep 2008,22.8,https://www.statssa.gov.za/publications/P0211/QLFS%20Trends%202008-2026Q2.xlsx
ZA,unemployment,Oct-Dec 2008,21.5,https://www.statssa.gov.za/publications/P0211/QLFS%20Trends%202008-2026Q2.xlsx
ZA,unemployment,Jan-Mar 2009,23.0,https://www.statssa.gov.za/publications/P0211/QLFS%20Trends%202008-2026Q2.xlsx
ZA,unemployment,Apr-Jun 2009,23.2,https://www.statssa.gov.za/publications/P0211/QLFS%20Trends%202008-2026Q2.xlsx
ZA,unemployment,Jul-Sep 2009,24.5,https://www.statssa.gov.za/publications/P0211/QLFS%20Trends%202008-2026Q2.xlsx
ZA,unemployment,Oct-Dec 2009,24.1,https://www.statssa.gov.za/publications/P0211/QLFS%20Trends%202008-2026Q2.xlsx
ZA,unemployment,Jan-Mar 2010,25.1,https://www.statssa.gov.za/publications/P0211/QLFS%20Trends%202008-2026Q2.xlsx
ZA,unemployment,Apr-Jun 2010,25.1,https://www.statssa.gov.za/publications/P0211/QLFS%20Trends%202008-2026Q2.xlsx
ZA,unemployment,Jul-Sep 2010,25.4,https://www.statssa.gov.za/publications/P0211/QLFS%20Trends%202008-2026Q2.xlsx
ZA,unemployment,Oct-Dec 2010,23.9,https://www.statssa.gov.za/publications/P0211/QLFS%20Trends%202008-2026Q2.xlsx
ZA,unemployment,Jan-Mar 2011,24.8,https://www.statssa.gov.za/publications/P0211/QLFS%20Trends%202008-2026Q2.xlsx
ZA,unemployment,Apr-Jun 2011,25.6,https://www.statssa.gov.za/publications/P0211/QLFS%20Trends%202008-2026Q2.xlsx
ZA,unemployment,Jul-Sep 2011,25.0,https://www.statssa.gov.za/publications/P0211/QLFS%20Trends%202008-2026Q2.xlsx
ZA,unemployment,Oct-Dec 2011,23.8,https://www.statssa.gov.za/publications/P0211/QLFS%20Trends%202008-2026Q2.xlsx
ZA,unemployment,Jan-Mar 2012,25.0,https://www.statssa.gov.za/publications/P0211/QLFS%20Trends%202008-2026Q2.xlsx
ZA,unemployment,Apr-Jun 2012,24.8,https://www.statssa.gov.za/publications/P0211/QLFS%20Trends%202008-2026Q2.xlsx
ZA,unemployment,Jul-Sep 2012,25.2,https://www.statssa.gov.za/publications/P0211/QLFS%20Trends%202008-2026Q2.xlsx
ZA,unemployment,Oct-Dec 2012,24.5,https://www.statssa.gov.za/publications/P0211/QLFS%20Trends%202008-2026Q2.xlsx
ZA,unemployment,Jan-Mar 2013,25.0,https://www.statssa.gov.za/publications/P0211/QLFS%20Trends%202008-2026Q2.xlsx
ZA,unemployment,Apr-Jun 2013,25.3,https://www.statssa.gov.za/publications/P0211/QLFS%20Trends%202008-2026Q2.xlsx
ZA,unemployment,Jul-Sep 2013,24.5,https://www.statssa.gov.za/publications/P0211/QLFS%20Trends%202008-2026Q2.xlsx
ZA,unemployment,Oct-Dec 2013,24.1,https://www.statssa.gov.za/publications/P0211/QLFS%20Trends%202008-2026Q2.xlsx
ZA,unemployment,Jan-Mar 2014,25.2,https://www.statssa.gov.za/publications/P0211/QLFS%20Trends%202008-2026Q2.xlsx
ZA,unemployment,Apr-Jun 2014,25.5,https://www.statssa.gov.za/publications/P0211/QLFS%20Trends%202008-2026Q2.xlsx
ZA,unemployment,Jul-Sep 2014,25.4,https://www.statssa.gov.za/publications/P0211/QLFS%20Trends%202008-2026Q2.xlsx
ZA,unemployment,Oct-Dec 2014,24.3,https://www.statssa.gov.za/publications/P0211/QLFS%20Trends%202008-2026Q2.xlsx
ZA,unemployment,Jan-Mar 2015,26.4,https://www.statssa.gov.za/publications/P0211/QLFS%20Trends%202008-2026Q2.xlsx
ZA,unemployment,Apr-Jun 2015,25.0,https://www.statssa.gov.za/publications/P0211/QLFS%20Trends%202008-2026Q2.xlsx
ZA,unemployment,Jul-Sep 2015,25.5,https://www.statssa.gov.za/publications/P0211/QLFS%20Trends%202008-2026Q2.xlsx
ZA,unemployment,Oct-Dec 2015,24.5,https://www.statssa.gov.za/publications/P0211/QLFS%20Trends%202008-2026Q2.xlsx
ZA,unemployment,Jan-Mar 2016,26.7,https://www.statssa.gov.za/publications/P0211/QLFS%20Trends%202008-2026Q2.xlsx
ZA,unemployment,Apr-Jun 2016,26.6,https://www.statssa.gov.za/publications/P0211/QLFS%20Trends%202008-2026Q2.xlsx
ZA,unemployment,Jul-Sep 2016,27.1,https://www.statssa.gov.za/publications/P0211/QLFS%20Trends%202008-2026Q2.xlsx
ZA,unemployment,Oct-Dec 2016,26.5,https://www.statssa.gov.za/publications/P0211/QLFS%20Trends%202008-2026Q2.xlsx
ZA,unemployment,Jan-Mar 2017,27.7,https://www.statssa.gov.za/publications/P0211/QLFS%20Trends%202008-2026Q2.xlsx
ZA,unemployment,Apr-Jun 2017,27.7,https://www.statssa.gov.za/publications/P0211/QLFS%20Trends%202008-2026Q2.xlsx
ZA,unemployment,Jul-Sep 2017,27.7,https://www.statssa.gov.za/publications/P0211/QLFS%20Trends%202008-2026Q2.xlsx
ZA,unemployment,Oct-Dec 2017,26.7,https://www.statssa.gov.za/publications/P0211/QLFS%20Trends%202008-2026Q2.xlsx
ZA,unemployment,Jan-Mar 2018,26.7,https://www.statssa.gov.za/publications/P0211/QLFS%20Trends%202008-2026Q2.xlsx
ZA,unemployment,Apr-Jun 2018,27.2,https://www.statssa.gov.za/publications/P0211/QLFS%20Trends%202008-2026Q2.xlsx
ZA,unemployment,Jul-Sep 2018,27.5,https://www.statssa.gov.za/publications/P0211/QLFS%20Trends%202008-2026Q2.xlsx
ZA,unemployment,Oct-Dec 2018,27.1,https://www.statssa.gov.za/publications/P0211/QLFS%20Trends%202008-2026Q2.xlsx
ZA,unemployment,Jan-Mar 2019,27.6,https://www.statssa.gov.za/publications/P0211/QLFS%20Trends%202008-2026Q2.xlsx
ZA,unemployment,Apr-Jun 2019,29.0,https://www.statssa.gov.za/publications/P0211/QLFS%20Trends%202008-2026Q2.xlsx
ZA,unemployment,Jul-Sep 2019,29.1,https://www.statssa.gov.za/publications/P0211/QLFS%20Trends%202008-2026Q2.xlsx
ZA,unemployment,Oct-Dec 2019,29.1,https://www.statssa.gov.za/publications/P0211/QLFS%20Trends%202008-2026Q2.xlsx
ZA,unemployment,Jan-Mar 2020,30.1,https://www.statssa.gov.za/publications/P0211/QLFS%20Trends%202008-2026Q2.xlsx
ZA,unemployment,Apr-Jun 2020,23.3,https://www.statssa.gov.za/publications/P0211/QLFS%20Trends%202008-2026Q2.xlsx
ZA,unemployment,Jul-Sep 2020,30.8,https://www.statssa.gov.za/publications/P0211/QLFS%20Trends%202008-2026Q2.xlsx
ZA,unemployment,Oct-Dec 2020,32.5,https://www.statssa.gov.za/publications/P0211/QLFS%20Trends%202008-2026Q2.xlsx
ZA,unemployment,Jan-Mar 2021,32.6,https://www.statssa.gov.za/publications/P0211/QLFS%20Trends%202008-2026Q2.xlsx
ZA,unemployment,Apr-Jun 2021,34.4,https://www.statssa.gov.za/publications/P0211/QLFS%20Trends%202008-2026Q2.xlsx
ZA,unemployment,Jul-Sep 2021,34.9,https://www.statssa.gov.za/publications/P0211/QLFS%20Trends%202008-2026Q2.xlsx
ZA,unemployment,Oct-Dec 2021,35.3,https://www.statssa.gov.za/publications/P0211/QLFS%20Trends%202008-2026Q2.xlsx
ZA,unemployment,Jan-Mar 2022,34.5,https://www.statssa.gov.za/publications/P0211/QLFS%20Trends%202008-2026Q2.xlsx
ZA,unemployment,Apr-Jun 2022,33.9,https://www.statssa.gov.za/publications/P0211/QLFS%20Trends%202008-2026Q2.xlsx
ZA,unemployment,Jul-Sep 2022,32.9,https://www.statssa.gov.za/publications/P0211/QLFS%20Trends%202008-2026Q2.xlsx
ZA,unemployment,Oct-Dec 2022,32.7,https://www.statssa.gov.za/publications/P0211/QLFS%20Trends%202008-2026Q2.xlsx
ZA,unemployment,Jan-Mar 2023,32.9,https://www.statssa.gov.za/publications/P0211/QLFS%20Trends%202008-2026Q2.xlsx
ZA,unemployment,Apr-Jun 2023,32.6,https://www.statssa.gov.za/publications/P0211/QLFS%20Trends%202008-2026Q2.xlsx
ZA,unemployment,Jul-Sep 2023,31.9,https://www.statssa.gov.za/publications/P0211/QLFS%20Trends%202008-2026Q2.xlsx
ZA,unemployment,Oct-Dec 2023,32.1,https://www.statssa.gov.za/publications/P0211/QLFS%20Trends%202008-2026Q2.xlsx
ZA,unemployment,Jan-Mar 2024,32.9,https://www.statssa.gov.za/publications/P0211/QLFS%20Trends%202008-2026Q2.xlsx
ZA,unemployment,Apr-Jun 2024,33.5,https://www.statssa.gov.za/publications/P0211/QLFS%20Trends%202008-2026Q2.xlsx
ZA,unemployment,Jul-Sep 2024,32.1,https://www.statssa.gov.za/publications/P0211/QLFS%20Trends%202008-2026Q2.xlsx
ZA,unemployment,Oct-Dec 2024,31.9,https://www.statssa.gov.za/publications/P0211/QLFS%20Trends%202008-2026Q2.xlsx
ZA,unemployment,Jan-Mar 2025,32.9,https://www.statssa.gov.za/publications/P0211/QLFS%20Trends%202008-2026Q2.xlsx
ZA,unemployment,Apr-Jun 2025,33.2,https://www.statssa.gov.za/publications/P0211/QLFS%20Trends%202008-2026Q2.xlsx
ZA,unemployment,Jul-Sep 2025,31.9,https://www.statssa.gov.za/publications/P0211/QLFS%20Trends%202008-2026Q2.xlsx
ZA,unemployment,Oct-Dec 2025,31.4,https://www.statssa.gov.za/publications/P0211/QLFS%20Trends%202008-2026Q2.xlsx
ZA,unemployment,Jan-Mar 2026,32.7,https://www.statssa.gov.za/publications/P0211/QLFS%20Trends%202008-2026Q2.xlsx
ZA,unemployment,Apr-Jun 2026,33.6,https://www.statssa.gov.za/publications/P0211/QLFS%20Trends%202008-2026Q2.xlsx
WC,unemployment,Jan-Mar 2008,17.7,https://www.statssa.gov.za/publications/P0211/QLFS%20Trends%202008-2026Q2.xlsx
WC,unemployment,Apr-Jun 2008,18.4,https://www.statssa.gov.za/publications/P0211/QLFS%20Trends%202008-2026Q2.xlsx
WC,unemployment,Jul-Sep 2008,18.9,https://www.statssa.gov.za/publications/P0211/QLFS%20Trends%202008-2026Q2.xlsx
WC,unemployment,Oct-Dec 2008,16.4,https://www.statssa.gov.za/publications/P0211/QLFS%20Trends%202008-2026Q2.xlsx
WC,unemployment,Jan-Mar 2009,18.1,https://www.statssa.gov.za/publications/P0211/QLFS%20Trends%202008-2026Q2.xlsx
WC,unemployment,Apr-Jun 2009,20.1,https://www.statssa.gov.za/publications/P0211/QLFS%20Trends%202008-2026Q2.xlsx
WC,unemployment,Jul-Sep 2009,22.1,https://www.statssa.gov.za/publications/P0211/QLFS%20Trends%202008-2026Q2.xlsx
WC,unemployment,Oct-Dec 2009,21.1,https://www.statssa.gov.za/publications/P0211/QLFS%20Trends%202008-2026Q2.xlsx
WC,unemployment,Jan-Mar 2010,20.0,https://www.statssa.gov.za/publications/P0211/QLFS%20Trends%202008-2026Q2.xlsx
WC,unemployment,Apr-Jun 2010,21.4,https://www.statssa.gov.za/publications/P0211/QLFS%20Trends%202008-2026Q2.xlsx
WC,unemployment,Jul-Sep 2010,22.5,https://www.statssa.gov.za/publications/P0211/QLFS%20Trends%202008-2026Q2.xlsx
WC,unemployment,Oct-Dec 2010,21.6,https://www.statssa.gov.za/publications/P0211/QLFS%20Trends%202008-2026Q2.xlsx
WC,unemployment,Jan-Mar 2011,21.7,https://www.statssa.gov.za/publications/P0211/QLFS%20Trends%202008-2026Q2.xlsx
WC,unemployment,Apr-Jun 2011,21.3,https://www.statssa.gov.za/publications/P0211/QLFS%20Trends%202008-2026Q2.xlsx
WC,unemployment,Jul-Sep 2011,23.0,https://www.statssa.gov.za/publications/P0211/QLFS%20Trends%202008-2026Q2.xlsx
WC,unemployment,Oct-Dec 2011,21.2,https://www.statssa.gov.za/publications/P0211/QLFS%20Trends%202008-2026Q2.xlsx
WC,unemployment,Jan-Mar 2012,22.5,https://www.statssa.gov.za/publications/P0211/QLFS%20Trends%202008-2026Q2.xlsx
WC,unemployment,Apr-Jun 2012,22.9,https://www.statssa.gov.za/publications/P0211/QLFS%20Trends%202008-2026Q2.xlsx
WC,unemployment,Jul-Sep 2012,24.8,https://www.statssa.gov.za/publications/P0211/QLFS%20Trends%202008-2026Q2.xlsx
WC,unemployment,Oct-Dec 2012,23.4,https://www.statssa.gov.za/publications/P0211/QLFS%20Trends%202008-2026Q2.xlsx
WC,unemployment,Jan-Mar 2013,23.1,https://www.statssa.gov.za/publications/P0211/QLFS%20Trends%202008-2026Q2.xlsx
WC,unemployment,Apr-Jun 2013,23.6,https://www.statssa.gov.za/publications/P0211/QLFS%20Trends%202008-2026Q2.xlsx
WC,unemployment,Jul-Sep 2013,23.1,https://www.statssa.gov.za/publications/P0211/QLFS%20Trends%202008-2026Q2.xlsx
WC,unemployment,Oct-Dec 2013,21.0,https://www.statssa.gov.za/publications/P0211/QLFS%20Trends%202008-2026Q2.xlsx
WC,unemployment,Jan-Mar 2014,20.9,https://www.statssa.gov.za/publications/P0211/QLFS%20Trends%202008-2026Q2.xlsx
WC,unemployment,Apr-Jun 2014,23.5,https://www.statssa.gov.za/publications/P0211/QLFS%20Trends%202008-2026Q2.xlsx
WC,unemployment,Jul-Sep 2014,23.6,https://www.statssa.gov.za/publications/P0211/QLFS%20Trends%202008-2026Q2.xlsx
WC,unemployment,Oct-Dec 2014,22.9,https://www.statssa.gov.za/publications/P0211/QLFS%20Trends%202008-2026Q2.xlsx
WC,unemployment,Jan-Mar 2015,21.0,https://www.statssa.gov.za/publications/P0211/QLFS%20Trends%202008-2026Q2.xlsx
WC,unemployment,Apr-Jun 2015,21.7,https://www.statssa.gov.za/publications/P0211/QLFS%20Trends%202008-2026Q2.xlsx
WC,unemployment,Jul-Sep 2015,20.6,https://www.statssa.gov.za/publications/P0211/QLFS%20Trends%202008-2026Q2.xlsx
WC,unemployment,Oct-Dec 2015,19.4,https://www.statssa.gov.za/publications/P0211/QLFS%20Trends%202008-2026Q2.xlsx
WC,unemployment,Jan-Mar 2016,20.9,https://www.statssa.gov.za/publications/P0211/QLFS%20Trends%202008-2026Q2.xlsx
WC,unemployment,Apr-Jun 2016,22.2,https://www.statssa.gov.za/publications/P0211/QLFS%20Trends%202008-2026Q2.xlsx
WC,unemployment,Jul-Sep 2016,21.7,https://www.statssa.gov.za/publications/P0211/QLFS%20Trends%202008-2026Q2.xlsx
WC,unemployment,Oct-Dec 2016,20.5,https://www.statssa.gov.za/publications/P0211/QLFS%20Trends%202008-2026Q2.xlsx
WC,unemployment,Jan-Mar 2017,21.5,https://www.statssa.gov.za/publications/P0211/QLFS%20Trends%202008-2026Q2.xlsx
WC,unemployment,Apr-Jun 2017,20.7,https://www.statssa.gov.za/publications/P0211/QLFS%20Trends%202008-2026Q2.xlsx
WC,unemployment,Jul-Sep 2017,21.9,https://www.statssa.gov.za/publications/P0211/QLFS%20Trends%202008-2026Q2.xlsx
WC,unemployment,Oct-Dec 2017,19.5,https://www.statssa.gov.za/publications/P0211/QLFS%20Trends%202008-2026Q2.xlsx
WC,unemployment,Jan-Mar 2018,19.7,https://www.statssa.gov.za/publications/P0211/QLFS%20Trends%202008-2026Q2.xlsx
WC,unemployment,Apr-Jun 2018,20.7,https://www.statssa.gov.za/publications/P0211/QLFS%20Trends%202008-2026Q2.xlsx
WC,unemployment,Jul-Sep 2018,20.4,https://www.statssa.gov.za/publications/P0211/QLFS%20Trends%202008-2026Q2.xlsx
WC,unemployment,Oct-Dec 2018,19.3,https://www.statssa.gov.za/publications/P0211/QLFS%20Trends%202008-2026Q2.xlsx
WC,unemployment,Jan-Mar 2019,19.5,https://www.statssa.gov.za/publications/P0211/QLFS%20Trends%202008-2026Q2.xlsx
WC,unemployment,Apr-Jun 2019,20.4,https://www.statssa.gov.za/publications/P0211/QLFS%20Trends%202008-2026Q2.xlsx
WC,unemployment,Jul-Sep 2019,21.5,https://www.statssa.gov.za/publications/P0211/QLFS%20Trends%202008-2026Q2.xlsx
WC,unemployment,Oct-Dec 2019,20.9,https://www.statssa.gov.za/publications/P0211/QLFS%20Trends%202008-2026Q2.xlsx
WC,unemployment,Jan-Mar 2020,20.9,https://www.statssa.gov.za/publications/P0211/QLFS%20Trends%202008-2026Q2.xlsx
WC,unemployment,Apr-Jun 2020,16.6,https://www.statssa.gov.za/publications/P0211/QLFS%20Trends%202008-2026Q2.xlsx
WC,unemployment,Jul-Sep 2020,21.6,https://www.statssa.gov.za/publications/P0211/QLFS%20Trends%202008-2026Q2.xlsx
WC,unemployment,Oct-Dec 2020,22.5,https://www.statssa.gov.za/publications/P0211/QLFS%20Trends%202008-2026Q2.xlsx
WC,unemployment,Jan-Mar 2021,23.7,https://www.statssa.gov.za/publications/P0211/QLFS%20Trends%202008-2026Q2.xlsx
WC,unemployment,Apr-Jun 2021,25.8,https://www.statssa.gov.za/publications/P0211/QLFS%20Trends%202008-2026Q2.xlsx
WC,unemployment,Jul-Sep 2021,26.3,https://www.statssa.gov.za/publications/P0211/QLFS%20Trends%202008-2026Q2.xlsx
WC,unemployment,Oct-Dec 2021,28.0,https://www.statssa.gov.za/publications/P0211/QLFS%20Trends%202008-2026Q2.xlsx
WC,unemployment,Jan-Mar 2022,25.2,https://www.statssa.gov.za/publications/P0211/QLFS%20Trends%202008-2026Q2.xlsx
WC,unemployment,Apr-Jun 2022,27.5,https://www.statssa.gov.za/publications/P0211/QLFS%20Trends%202008-2026Q2.xlsx
WC,unemployment,Jul-Sep 2022,24.5,https://www.statssa.gov.za/publications/P0211/QLFS%20Trends%202008-2026Q2.xlsx
WC,unemployment,Oct-Dec 2022,22.5,https://www.statssa.gov.za/publications/P0211/QLFS%20Trends%202008-2026Q2.xlsx
WC,unemployment,Jan-Mar 2023,21.6,https://www.statssa.gov.za/publications/P0211/QLFS%20Trends%202008-2026Q2.xlsx
WC,unemployment,Apr-Jun 2023,20.9,https://www.statssa.gov.za/publications/P0211/QLFS%20Trends%202008-2026Q2.xlsx
WC,unemployment,Jul-Sep 2023,20.2,https://www.statssa.gov.za/publications/P0211/QLFS%20Trends%202008-2026Q2.xlsx
WC,unemployment,Oct-Dec 2023,20.3,https://www.statssa.gov.za/publications/P0211/QLFS%20Trends%202008-2026Q2.xlsx
WC,unemployment,Jan-Mar 2024,21.4,https://www.statssa.gov.za/publications/P0211/QLFS%20Trends%202008-2026Q2.xlsx
WC,unemployment,Apr-Jun 2024,22.2,https://www.statssa.gov.za/publications/P0211/QLFS%20Trends%202008-2026Q2.xlsx
WC,unemployment,Jul-Sep 2024,19.6,https://www.statssa.gov.za/publications/P0211/QLFS%20Trends%202008-2026Q2.xlsx
WC,unemployment,Oct-Dec 2024,19.6,https://www.statssa.gov.za/publications/P0211/QLFS%20Trends%202008-2026Q2.xlsx
WC,unemployment,Jan-Mar 2025,19.6,https://www.statssa.gov.za/publications/P0211/QLFS%20Trends%202008-2026Q2.xlsx
WC,unemployment,Apr-Jun 2025,21.1,https://www.statssa.gov.za/publications/P0211/QLFS%20Trends%202008-2026Q2.xlsx
WC,unemployment,Jul-Sep 2025,19.7,https://www.statssa.gov.za/publications/P0211/QLFS%20Trends%202008-2026Q2.xlsx
WC,unemployment,Oct-Dec 2025,18.1,https://www.statssa.gov.za/publications/P0211/QLFS%20Trends%202008-2026Q2.xlsx
WC,unemployment,Jan-Mar 2026,19.6,https://www.statssa.gov.za/publications/P0211/QLFS%20Trends%202008-2026Q2.xlsx
WC,unemployment,Apr-Jun 2026,19.5,https://www.statssa.gov.za/publications/P0211/QLFS%20Trends%202008-2026Q2.xlsx
CPT,unemployment,Jan-Mar 2015,23.5,https://www.statssa.gov.za/publications/P0211/QLFS%20Trends%202008-2026Q2.xlsx
CPT,unemployment,Apr-Jun 2015,22.6,https://www.statssa.gov.za/publications/P0211/QLFS%20Trends%202008-2026Q2.xlsx
CPT,unemployment,Jul-Sep 2015,21.9,https://www.statssa.gov.za/publications/P0211/QLFS%20Trends%202008-2026Q2.xlsx
CPT,unemployment,Oct-Dec 2015,20.5,https://www.statssa.gov.za/publications/P0211/QLFS%20Trends%202008-2026Q2.xlsx
CPT,unemployment,Jan-Mar 2016,21.1,https://www.statssa.gov.za/publications/P0211/QLFS%20Trends%202008-2026Q2.xlsx
CPT,unemployment,Apr-Jun 2016,23.0,https://www.statssa.gov.za/publications/P0211/QLFS%20Trends%202008-2026Q2.xlsx
CPT,unemployment,Jul-Sep 2016,23.0,https://www.statssa.gov.za/publications/P0211/QLFS%20Trends%202008-2026Q2.xlsx
CPT,unemployment,Oct-Dec 2016,23.9,https://www.statssa.gov.za/publications/P0211/QLFS%20Trends%202008-2026Q2.xlsx
CPT,unemployment,Jan-Mar 2017,23.0,https://www.statssa.gov.za/publications/P0211/QLFS%20Trends%202008-2026Q2.xlsx
CPT,unemployment,Apr-Jun 2017,22.7,https://www.statssa.gov.za/publications/P0211/QLFS%20Trends%202008-2026Q2.xlsx
CPT,unemployment,Jul-Sep 2017,23.2,https://www.statssa.gov.za/publications/P0211/QLFS%20Trends%202008-2026Q2.xlsx
CPT,unemployment,Oct-Dec 2017,21.7,https://www.statssa.gov.za/publications/P0211/QLFS%20Trends%202008-2026Q2.xlsx
CPT,unemployment,Jan-Mar 2018,22.4,https://www.statssa.gov.za/publications/P0211/QLFS%20Trends%202008-2026Q2.xlsx
CPT,unemployment,Apr-Jun 2018,21.3,https://www.statssa.gov.za/publications/P0211/QLFS%20Trends%202008-2026Q2.xlsx
CPT,unemployment,Jul-Sep 2018,21.1,https://www.statssa.gov.za/publications/P0211/QLFS%20Trends%202008-2026Q2.xlsx
CPT,unemployment,Oct-Dec 2018,21.2,https://www.statssa.gov.za/publications/P0211/QLFS%20Trends%202008-2026Q2.xlsx
CPT,unemployment,Jan-Mar 2019,21.2,https://www.statssa.gov.za/publications/P0211/QLFS%20Trends%202008-2026Q2.xlsx
CPT,unemployment,Apr-Jun 2019,21.8,https://www.statssa.gov.za/publications/P0211/QLFS%20Trends%202008-2026Q2.xlsx
CPT,unemployment,Jul-Sep 2019,22.0,https://www.statssa.gov.za/publications/P0211/QLFS%20Trends%202008-2026Q2.xlsx
CPT,unemployment,Oct-Dec 2019,22.6,https://www.statssa.gov.za/publications/P0211/QLFS%20Trends%202008-2026Q2.xlsx
CPT,unemployment,Jan-Mar 2020,22.5,https://www.statssa.gov.za/publications/P0211/QLFS%20Trends%202008-2026Q2.xlsx
CPT,unemployment,Apr-Jun 2020,18.7,https://www.statssa.gov.za/publications/P0211/QLFS%20Trends%202008-2026Q2.xlsx
CPT,unemployment,Jul-Sep 2020,23.1,https://www.statssa.gov.za/publications/P0211/QLFS%20Trends%202008-2026Q2.xlsx
CPT,unemployment,Oct-Dec 2020,26.0,https://www.statssa.gov.za/publications/P0211/QLFS%20Trends%202008-2026Q2.xlsx
CPT,unemployment,Jan-Mar 2021,26.5,https://www.statssa.gov.za/publications/P0211/QLFS%20Trends%202008-2026Q2.xlsx
CPT,unemployment,Apr-Jun 2021,27.6,https://www.statssa.gov.za/publications/P0211/QLFS%20Trends%202008-2026Q2.xlsx
CPT,unemployment,Jul-Sep 2021,27.5,https://www.statssa.gov.za/publications/P0211/QLFS%20Trends%202008-2026Q2.xlsx
CPT,unemployment,Jan-Mar 2022,27.4,https://www.statssa.gov.za/publications/P0211/QLFS%20Trends%202008-2026Q2.xlsx
CPT,unemployment,Apr-Jun 2022,30.0,https://www.statssa.gov.za/publications/P0211/QLFS%20Trends%202008-2026Q2.xlsx
CPT,unemployment,Jul-Sep 2022,26.8,https://www.statssa.gov.za/publications/P0211/QLFS%20Trends%202008-2026Q2.xlsx
CPT,unemployment,Oct-Dec 2022,24.5,https://www.statssa.gov.za/publications/P0211/QLFS%20Trends%202008-2026Q2.xlsx
CPT,unemployment,Jan-Mar 2023,23.4,https://www.statssa.gov.za/publications/P0211/QLFS%20Trends%202008-2026Q2.xlsx
CPT,unemployment,Apr-Jun 2023,22.4,https://www.statssa.gov.za/publications/P0211/QLFS%20Trends%202008-2026Q2.xlsx
CPT,unemployment,Jul-Sep 2023,23.1,https://www.statssa.gov.za/publications/P0211/QLFS%20Trends%202008-2026Q2.xlsx
CPT,unemployment,Oct-Dec 2023,22.9,https://www.statssa.gov.za/publications/P0211/QLFS%20Trends%202008-2026Q2.xlsx
CPT,unemployment,Jan-Mar 2024,23.9,https://www.statssa.gov.za/publications/P0211/QLFS%20Trends%202008-2026Q2.xlsx
CPT,unemployment,Apr-Jun 2024,23.4,https://www.statssa.gov.za/publications/P0211/QLFS%20Trends%202008-2026Q2.xlsx
CPT,unemployment,Jul-Sep 2024,22.3,https://www.statssa.gov.za/publications/P0211/QLFS%20Trends%202008-2026Q2.xlsx
CPT,unemployment,Oct-Dec 2024,22.4,https://www.statssa.gov.za/publications/P0211/QLFS%20Trends%202008-2026Q2.xlsx
CPT,unemployment,Jan-Mar 2025,21.9,https://www.statssa.gov.za/publications/P0211/QLFS%20Trends%202008-2026Q2.xlsx
CPT,unemployment,Apr-Jun 2025,23.3,https://www.statssa.gov.za/publications/P0211/QLFS%20Trends%202008-2026Q2.xlsx
CPT,unemployment,Jul-Sep 2025,21.6,https://www.statssa.gov.za/publications/P0211/QLFS%20Trends%202008-2026Q2.xlsx
CPT,unemployment,Oct-Dec 2025,19.8,https://www.statssa.gov.za/publications/P0211/QLFS%20Trends%202008-2026Q2.xlsx
CPT,unemployment,Jan-Mar 2026,21.4,https://www.statssa.gov.za/publications/P0211/QLFS%20Trends%202008-2026Q2.xlsx
CPT,unemployment,Apr-Jun 2026,21.9,https://www.statssa.gov.za/publications/P0211/QLFS%20Trends%202008-2026Q2.xlsx
EC,unemployment,Jan-Mar 2008,28.0,https://www.statssa.gov.za/publications/P0211/QLFS%20Trends%202008-2026Q2.xlsx
EC,unemployment,Apr-Jun 2008,24.8,https://www.statssa.gov.za/publications/P0211/QLFS%20Trends%202008-2026Q2.xlsx
EC,unemployment,Jul-Sep 2008,27.2,https://www.statssa.gov.za/publications/P0211/QLFS%20Trends%202008-2026Q2.xlsx
EC,unemployment,Oct-Dec 2008,25.2,https://www.statssa.gov.za/publications/P0211/QLFS%20Trends%202008-2026Q2.xlsx
EC,unemployment,Jan-Mar 2009,28.3,https://www.statssa.gov.za/publications/P0211/QLFS%20Trends%202008-2026Q2.xlsx
EC,unemployment,Apr-Jun 2009,27.7,https://www.statssa.gov.za/publications/P0211/QLFS%20Trends%202008-2026Q2.xlsx
EC,unemployment,Jul-Sep 2009,26.8,https://www.statssa.gov.za/publications/P0211/QLFS%20Trends%202008-2026Q2.xlsx
EC,unemployment,Oct-Dec 2009,26.6,https://www.statssa.gov.za/publications/P0211/QLFS%20Trends%202008-2026Q2.xlsx
EC,unemployment,Jan-Mar 2010,29.7,https://www.statssa.gov.za/publications/P0211/QLFS%20Trends%202008-2026Q2.xlsx
EC,unemployment,Apr-Jun 2010,27.4,https://www.statssa.gov.za/publications/P0211/QLFS%20Trends%202008-2026Q2.xlsx
EC,unemployment,Jul-Sep 2010,26.7,https://www.statssa.gov.za/publications/P0211/QLFS%20Trends%202008-2026Q2.xlsx
EC,unemployment,Oct-Dec 2010,24.2,https://www.statssa.gov.za/publications/P0211/QLFS%20Trends%202008-2026Q2.xlsx
EC,unemployment,Jan-Mar 2011,26.7,https://www.statssa.gov.za/publications/P0211/QLFS%20Trends%202008-2026Q2.xlsx
EC,unemployment,Apr-Jun 2011,28.4,https://www.statssa.gov.za/publications/P0211/QLFS%20Trends%202008-2026Q2.xlsx
EC,unemployment,Jul-Sep 2011,26.8,https://www.statssa.gov.za/publications/P0211/QLFS%20Trends%202008-2026Q2.xlsx
EC,unemployment,Oct-Dec 2011,26.9,https://www.statssa.gov.za/publications/P0211/QLFS%20Trends%202008-2026Q2.xlsx
EC,unemployment,Jan-Mar 2012,28.0,https://www.statssa.gov.za/publications/P0211/QLFS%20Trends%202008-2026Q2.xlsx
EC,unemployment,Apr-Jun 2012,28.5,https://www.statssa.gov.za/publications/P0211/QLFS%20Trends%202008-2026Q2.xlsx
EC,unemployment,Jul-Sep 2012,28.8,https://www.statssa.gov.za/publications/P0211/QLFS%20Trends%202008-2026Q2.xlsx
EC,unemployment,Oct-Dec 2012,29.5,https://www.statssa.gov.za/publications/P0211/QLFS%20Trends%202008-2026Q2.xlsx
EC,unemployment,Jan-Mar 2013,29.8,https://www.statssa.gov.za/publications/P0211/QLFS%20Trends%202008-2026Q2.xlsx
EC,unemployment,Apr-Jun 2013,30.2,https://www.statssa.gov.za/publications/P0211/QLFS%20Trends%202008-2026Q2.xlsx
EC,unemployment,Jul-Sep 2013,30.4,https://www.statssa.gov.za/publications/P0211/QLFS%20Trends%202008-2026Q2.xlsx
EC,unemployment,Oct-Dec 2013,27.8,https://www.statssa.gov.za/publications/P0211/QLFS%20Trends%202008-2026Q2.xlsx
EC,unemployment,Jan-Mar 2014,29.4,https://www.statssa.gov.za/publications/P0211/QLFS%20Trends%202008-2026Q2.xlsx
EC,unemployment,Apr-Jun 2014,30.4,https://www.statssa.gov.za/publications/P0211/QLFS%20Trends%202008-2026Q2.xlsx
EC,unemployment,Jul-Sep 2014,29.5,https://www.statssa.gov.za/publications/P0211/QLFS%20Trends%202008-2026Q2.xlsx
EC,unemployment,Oct-Dec 2014,29.1,https://www.statssa.gov.za/publications/P0211/QLFS%20Trends%202008-2026Q2.xlsx
EC,unemployment,Jan-Mar 2015,29.6,https://www.statssa.gov.za/publications/P0211/QLFS%20Trends%202008-2026Q2.xlsx
EC,unemployment,Apr-Jun 2015,29.1,https://www.statssa.gov.za/publications/P0211/QLFS%20Trends%202008-2026Q2.xlsx
EC,unemployment,Jul-Sep 2015,29.2,https://www.statssa.gov.za/publications/P0211/QLFS%20Trends%202008-2026Q2.xlsx
EC,unemployment,Oct-Dec 2015,27.4,https://www.statssa.gov.za/publications/P0211/QLFS%20Trends%202008-2026Q2.xlsx
EC,unemployment,Jan-Mar 2016,28.6,https://www.statssa.gov.za/publications/P0211/QLFS%20Trends%202008-2026Q2.xlsx
EC,unemployment,Apr-Jun 2016,28.6,https://www.statssa.gov.za/publications/P0211/QLFS%20Trends%202008-2026Q2.xlsx
EC,unemployment,Jul-Sep 2016,28.2,https://www.statssa.gov.za/publications/P0211/QLFS%20Trends%202008-2026Q2.xlsx
EC,unemployment,Oct-Dec 2016,28.4,https://www.statssa.gov.za/publications/P0211/QLFS%20Trends%202008-2026Q2.xlsx
EC,unemployment,Jan-Mar 2017,32.2,https://www.statssa.gov.za/publications/P0211/QLFS%20Trends%202008-2026Q2.xlsx
EC,unemployment,Apr-Jun 2017,34.4,https://www.statssa.gov.za/publications/P0211/QLFS%20Trends%202008-2026Q2.xlsx
EC,unemployment,Jul-Sep 2017,35.5,https://www.statssa.gov.za/publications/P0211/QLFS%20Trends%202008-2026Q2.xlsx
EC,unemployment,Oct-Dec 2017,35.1,https://www.statssa.gov.za/publications/P0211/QLFS%20Trends%202008-2026Q2.xlsx
EC,unemployment,Jan-Mar 2018,35.6,https://www.statssa.gov.za/publications/P0211/QLFS%20Trends%202008-2026Q2.xlsx
EC,unemployment,Apr-Jun 2018,34.2,https://www.statssa.gov.za/publications/P0211/QLFS%20Trends%202008-2026Q2.xlsx
EC,unemployment,Jul-Sep 2018,35.6,https://www.statssa.gov.za/publications/P0211/QLFS%20Trends%202008-2026Q2.xlsx
EC,unemployment,Oct-Dec 2018,36.1,https://www.statssa.gov.za/publications/P0211/QLFS%20Trends%202008-2026Q2.xlsx
EC,unemployment,Jan-Mar 2019,37.4,https://www.statssa.gov.za/publications/P0211/QLFS%20Trends%202008-2026Q2.xlsx
EC,unemployment,Apr-Jun 2019,35.4,https://www.statssa.gov.za/publications/P0211/QLFS%20Trends%202008-2026Q2.xlsx
EC,unemployment,Jul-Sep 2019,36.5,https://www.statssa.gov.za/publications/P0211/QLFS%20Trends%202008-2026Q2.xlsx
EC,unemployment,Oct-Dec 2019,39.5,https://www.statssa.gov.za/publications/P0211/QLFS%20Trends%202008-2026Q2.xlsx
EC,unemployment,Jan-Mar 2020,40.5,https://www.statssa.gov.za/publications/P0211/QLFS%20Trends%202008-2026Q2.xlsx
EC,unemployment,Apr-Jun 2020,36.9,https://www.statssa.gov.za/publications/P0211/QLFS%20Trends%202008-2026Q2.xlsx
EC,unemployment,Jul-Sep 2020,45.8,https://www.statssa.gov.za/publications/P0211/QLFS%20Trends%202008-2026Q2.xlsx
EC,unemployment,Oct-Dec 2020,47.9,https://www.statssa.gov.za/publications/P0211/QLFS%20Trends%202008-2026Q2.xlsx
EC,unemployment,Jan-Mar 2021,43.8,https://www.statssa.gov.za/publications/P0211/QLFS%20Trends%202008-2026Q2.xlsx
EC,unemployment,Apr-Jun 2021,47.1,https://www.statssa.gov.za/publications/P0211/QLFS%20Trends%202008-2026Q2.xlsx
EC,unemployment,Jul-Sep 2021,47.4,https://www.statssa.gov.za/publications/P0211/QLFS%20Trends%202008-2026Q2.xlsx
EC,unemployment,Oct-Dec 2021,45.0,https://www.statssa.gov.za/publications/P0211/QLFS%20Trends%202008-2026Q2.xlsx
EC,unemployment,Jan-Mar 2022,44.0,https://www.statssa.gov.za/publications/P0211/QLFS%20Trends%202008-2026Q2.xlsx
EC,unemployment,Apr-Jun 2022,42.8,https://www.statssa.gov.za/publications/P0211/QLFS%20Trends%202008-2026Q2.xlsx
EC,unemployment,Jul-Sep 2022,42.4,https://www.statssa.gov.za/publications/P0211/QLFS%20Trends%202008-2026Q2.xlsx
EC,unemployment,Oct-Dec 2022,42.1,https://www.statssa.gov.za/publications/P0211/QLFS%20Trends%202008-2026Q2.xlsx
EC,unemployment,Jan-Mar 2023,40.0,https://www.statssa.gov.za/publications/P0211/QLFS%20Trends%202008-2026Q2.xlsx
EC,unemployment,Apr-Jun 2023,39.7,https://www.statssa.gov.za/publications/P0211/QLFS%20Trends%202008-2026Q2.xlsx
EC,unemployment,Jul-Sep 2023,38.8,https://www.statssa.gov.za/publications/P0211/QLFS%20Trends%202008-2026Q2.xlsx
EC,unemployment,Oct-Dec 2023,41.9,https://www.statssa.gov.za/publications/P0211/QLFS%20Trends%202008-2026Q2.xlsx
EC,unemployment,Jan-Mar 2024,42.4,https://www.statssa.gov.za/publications/P0211/QLFS%20Trends%202008-2026Q2.xlsx
EC,unemployment,Apr-Jun 2024,41.0,https://www.statssa.gov.za/publications/P0211/QLFS%20Trends%202008-2026Q2.xlsx
EC,unemployment,Jul-Sep 2024,37.2,https://www.statssa.gov.za/publications/P0211/QLFS%20Trends%202008-2026Q2.xlsx
EC,unemployment,Oct-Dec 2024,36.6,https://www.statssa.gov.za/publications/P0211/QLFS%20Trends%202008-2026Q2.xlsx
EC,unemployment,Jan-Mar 2025,39.3,https://www.statssa.gov.za/publications/P0211/QLFS%20Trends%202008-2026Q2.xlsx
EC,unemployment,Apr-Jun 2025,39.5,https://www.statssa.gov.za/publications/P0211/QLFS%20Trends%202008-2026Q2.xlsx
EC,unemployment,Jul-Sep 2025,41.2,https://www.statssa.gov.za/publications/P0211/QLFS%20Trends%202008-2026Q2.xlsx
EC,unemployment,Oct-Dec 2025,42.5,https://www.statssa.gov.za/publications/P0211/QLFS%20Trends%202008-2026Q2.xlsx
EC,unemployment,Jan-Mar 2026,44.6,https://www.statssa.gov.za/publications/P0211/QLFS%20Trends%202008-2026Q2.xlsx
EC,unemployment,Apr-Jun 2026,47.5,https://www.statssa.gov.za/publications/P0211/QLFS%20Trends%202008-2026Q2.xlsx
BUF,unemployment,Jan-Mar 2015,27.4,https://www.statssa.gov.za/publications/P0211/QLFS%20Trends%202008-2026Q2.xlsx
BUF,unemployment,Apr-Jun 2015,28.8,https://www.statssa.gov.za/publications/P0211/QLFS%20Trends%202008-2026Q2.xlsx
BUF,unemployment,Jul-Sep 2015,26.4,https://www.statssa.gov.za/publications/P0211/QLFS%20Trends%202008-2026Q2.xlsx
BUF,unemployment,Oct-Dec 2015,23.8,https://www.statssa.gov.za/publications/P0211/QLFS%20Trends%202008-2026Q2.xlsx
BUF,unemployment,Jan-Mar 2016,24.1,https://www.statssa.gov.za/publications/P0211/QLFS%20Trends%202008-2026Q2.xlsx
BUF,unemployment,Apr-Jun 2016,29.8,https://www.statssa.gov.za/publications/P0211/QLFS%20Trends%202008-2026Q2.xlsx
BUF,unemployment,Jul-Sep 2016,28.1,https://www.statssa.gov.za/publications/P0211/QLFS%20Trends%202008-2026Q2.xlsx
BUF,unemployment,Oct-Dec 2016,33.4,https://www.statssa.gov.za/publications/P0211/QLFS%20Trends%202008-2026Q2.xlsx
BUF,unemployment,Jan-Mar 2017,29.5,https://www.statssa.gov.za/publications/P0211/QLFS%20Trends%202008-2026Q2.xlsx
BUF,unemployment,Apr-Jun 2017,29.1,https://www.statssa.gov.za/publications/P0211/QLFS%20Trends%202008-2026Q2.xlsx
BUF,unemployment,Jul-Sep 2017,34.1,https://www.statssa.gov.za/publications/P0211/QLFS%20Trends%202008-2026Q2.xlsx
BUF,unemployment,Oct-Dec 2017,29.0,https://www.statssa.gov.za/publications/P0211/QLFS%20Trends%202008-2026Q2.xlsx
BUF,unemployment,Jan-Mar 2018,30.5,https://www.statssa.gov.za/publications/P0211/QLFS%20Trends%202008-2026Q2.xlsx
BUF,unemployment,Apr-Jun 2018,28.7,https://www.statssa.gov.za/publications/P0211/QLFS%20Trends%202008-2026Q2.xlsx
BUF,unemployment,Jul-Sep 2018,27.0,https://www.statssa.gov.za/publications/P0211/QLFS%20Trends%202008-2026Q2.xlsx
BUF,unemployment,Oct-Dec 2018,26.1,https://www.statssa.gov.za/publications/P0211/QLFS%20Trends%202008-2026Q2.xlsx
BUF,unemployment,Jan-Mar 2019,26.0,https://www.statssa.gov.za/publications/P0211/QLFS%20Trends%202008-2026Q2.xlsx
BUF,unemployment,Apr-Jun 2019,28.2,https://www.statssa.gov.za/publications/P0211/QLFS%20Trends%202008-2026Q2.xlsx
BUF,unemployment,Jul-Sep 2019,31.0,https://www.statssa.gov.za/publications/P0211/QLFS%20Trends%202008-2026Q2.xlsx
BUF,unemployment,Oct-Dec 2019,31.2,https://www.statssa.gov.za/publications/P0211/QLFS%20Trends%202008-2026Q2.xlsx
BUF,unemployment,Jan-Mar 2020,29.8,https://www.statssa.gov.za/publications/P0211/QLFS%20Trends%202008-2026Q2.xlsx
BUF,unemployment,Apr-Jun 2020,23.1,https://www.statssa.gov.za/publications/P0211/QLFS%20Trends%202008-2026Q2.xlsx
BUF,unemployment,Jul-Sep 2020,31.0,https://www.statssa.gov.za/publications/P0211/QLFS%20Trends%202008-2026Q2.xlsx
BUF,unemployment,Oct-Dec 2020,36.3,https://www.statssa.gov.za/publications/P0211/QLFS%20Trends%202008-2026Q2.xlsx
BUF,unemployment,Jan-Mar 2021,30.3,https://www.statssa.gov.za/publications/P0211/QLFS%20Trends%202008-2026Q2.xlsx
BUF,unemployment,Apr-Jun 2021,32.6,https://www.statssa.gov.za/publications/P0211/QLFS%20Trends%202008-2026Q2.xlsx
BUF,unemployment,Jul-Sep 2021,40.1,https://www.statssa.gov.za/publications/P0211/QLFS%20Trends%202008-2026Q2.xlsx
BUF,unemployment,Jan-Mar 2022,33.7,https://www.statssa.gov.za/publications/P0211/QLFS%20Trends%202008-2026Q2.xlsx
BUF,unemployment,Apr-Jun 2022,27.3,https://www.statssa.gov.za/publications/P0211/QLFS%20Trends%202008-2026Q2.xlsx
BUF,unemployment,Jul-Sep 2022,28.1,https://www.statssa.gov.za/publications/P0211/QLFS%20Trends%202008-2026Q2.xlsx
BUF,unemployment,Oct-Dec 2022,35.2,https://www.statssa.gov.za/publications/P0211/QLFS%20Trends%202008-2026Q2.xlsx
BUF,unemployment,Jan-Mar 2023,27.8,https://www.statssa.gov.za/publications/P0211/QLFS%20Trends%202008-2026Q2.xlsx
BUF,unemployment,Apr-Jun 2023,30.7,https://www.statssa.gov.za/publications/P0211/QLFS%20Trends%202008-2026Q2.xlsx
BUF,unemployment,Jul-Sep 2023,31.8,https://www.statssa.gov.za/publications/P0211/QLFS%20Trends%202008-2026Q2.xlsx
BUF,unemployment,Oct-Dec 2023,33.0,https://www.statssa.gov.za/publications/P0211/QLFS%20Trends%202008-2026Q2.xlsx
BUF,unemployment,Jan-Mar 2024,33.8,https://www.statssa.gov.za/publications/P0211/QLFS%20Trends%202008-2026Q2.xlsx
BUF,unemployment,Apr-Jun 2024,33.7,https://www.statssa.gov.za/publications/P0211/QLFS%20Trends%202008-2026Q2.xlsx
BUF,unemployment,Jul-Sep 2024,30.1,https://www.statssa.gov.za/publications/P0211/QLFS%20Trends%202008-2026Q2.xlsx
BUF,unemployment,Oct-Dec 2024,31.9,https://www.statssa.gov.za/publications/P0211/QLFS%20Trends%202008-2026Q2.xlsx
BUF,unemployment,Jan-Mar 2025,37.3,https://www.statssa.gov.za/publications/P0211/QLFS%20Trends%202008-2026Q2.xlsx
BUF,unemployment,Apr-Jun 2025,28.6,https://www.statssa.gov.za/publications/P0211/QLFS%20Trends%202008-2026Q2.xlsx
BUF,unemployment,Jul-Sep 2025,26.7,https://www.statssa.gov.za/publications/P0211/QLFS%20Trends%202008-2026Q2.xlsx
BUF,unemployment,Oct-Dec 2025,25.7,https://www.statssa.gov.za/publications/P0211/QLFS%20Trends%202008-2026Q2.xlsx
BUF,unemployment,Jan-Mar 2026,28.7,https://www.statssa.gov.za/publications/P0211/QLFS%20Trends%202008-2026Q2.xlsx
BUF,unemployment,Apr-Jun 2026,30.5,https://www.statssa.gov.za/publications/P0211/QLFS%20Trends%202008-2026Q2.xlsx
NMA,unemployment,Jan-Mar 2015,33.1,https://www.statssa.gov.za/publications/P0211/QLFS%20Trends%202008-2026Q2.xlsx
NMA,unemployment,Apr-Jun 2015,33.2,https://www.statssa.gov.za/publications/P0211/QLFS%20Trends%202008-2026Q2.xlsx
NMA,unemployment,Jul-Sep 2015,34.3,https://www.statssa.gov.za/publications/P0211/QLFS%20Trends%202008-2026Q2.xlsx
NMA,unemployment,Oct-Dec 2015,30.6,https://www.statssa.gov.za/publications/P0211/QLFS%20Trends%202008-2026Q2.xlsx
NMA,unemployment,Jan-Mar 2016,33.3,https://www.statssa.gov.za/publications/P0211/QLFS%20Trends%202008-2026Q2.xlsx
NMA,unemployment,Apr-Jun 2016,32.0,https://www.statssa.gov.za/publications/P0211/QLFS%20Trends%202008-2026Q2.xlsx
NMA,unemployment,Jul-Sep 2016,31.8,https://www.statssa.gov.za/publications/P0211/QLFS%20Trends%202008-2026Q2.xlsx
NMA,unemployment,Oct-Dec 2016,29.6,https://www.statssa.gov.za/publications/P0211/QLFS%20Trends%202008-2026Q2.xlsx
NMA,unemployment,Jan-Mar 2017,30.2,https://www.statssa.gov.za/publications/P0211/QLFS%20Trends%202008-2026Q2.xlsx
NMA,unemployment,Apr-Jun 2017,34.5,https://www.statssa.gov.za/publications/P0211/QLFS%20Trends%202008-2026Q2.xlsx
NMA,unemployment,Jul-Sep 2017,36.0,https://www.statssa.gov.za/publications/P0211/QLFS%20Trends%202008-2026Q2.xlsx
NMA,unemployment,Oct-Dec 2017,36.9,https://www.statssa.gov.za/publications/P0211/QLFS%20Trends%202008-2026Q2.xlsx
NMA,unemployment,Jan-Mar 2018,36.3,https://www.statssa.gov.za/publications/P0211/QLFS%20Trends%202008-2026Q2.xlsx
NMA,unemployment,Apr-Jun 2018,35.0,https://www.statssa.gov.za/publications/P0211/QLFS%20Trends%202008-2026Q2.xlsx
NMA,unemployment,Jul-Sep 2018,36.4,https://www.statssa.gov.za/publications/P0211/QLFS%20Trends%202008-2026Q2.xlsx
NMA,unemployment,Oct-Dec 2018,35.9,https://www.statssa.gov.za/publications/P0211/QLFS%20Trends%202008-2026Q2.xlsx
NMA,unemployment,Jan-Mar 2019,38.2,https://www.statssa.gov.za/publications/P0211/QLFS%20Trends%202008-2026Q2.xlsx
NMA,unemployment,Apr-Jun 2019,36.4,https://www.statssa.gov.za/publications/P0211/QLFS%20Trends%202008-2026Q2.xlsx
NMA,unemployment,Jul-Sep 2019,34.9,https://www.statssa.gov.za/publications/P0211/QLFS%20Trends%202008-2026Q2.xlsx
NMA,unemployment,Oct-Dec 2019,34.1,https://www.statssa.gov.za/publications/P0211/QLFS%20Trends%202008-2026Q2.xlsx
NMA,unemployment,Jan-Mar 2020,35.8,https://www.statssa.gov.za/publications/P0211/QLFS%20Trends%202008-2026Q2.xlsx
NMA,unemployment,Apr-Jun 2020,40.4,https://www.statssa.gov.za/publications/P0211/QLFS%20Trends%202008-2026Q2.xlsx
NMA,unemployment,Jul-Sep 2020,40.5,https://www.statssa.gov.za/publications/P0211/QLFS%20Trends%202008-2026Q2.xlsx
NMA,unemployment,Oct-Dec 2020,42.3,https://www.statssa.gov.za/publications/P0211/QLFS%20Trends%202008-2026Q2.xlsx
NMA,unemployment,Jan-Mar 2021,39.2,https://www.statssa.gov.za/publications/P0211/QLFS%20Trends%202008-2026Q2.xlsx
NMA,unemployment,Apr-Jun 2021,39.8,https://www.statssa.gov.za/publications/P0211/QLFS%20Trends%202008-2026Q2.xlsx
NMA,unemployment,Jul-Sep 2021,40.7,https://www.statssa.gov.za/publications/P0211/QLFS%20Trends%202008-2026Q2.xlsx
NMA,unemployment,Jan-Mar 2022,36.4,https://www.statssa.gov.za/publications/P0211/QLFS%20Trends%202008-2026Q2.xlsx
NMA,unemployment,Apr-Jun 2022,34.7,https://www.statssa.gov.za/publications/P0211/QLFS%20Trends%202008-2026Q2.xlsx
NMA,unemployment,Jul-Sep 2022,33.6,https://www.statssa.gov.za/publications/P0211/QLFS%20Trends%202008-2026Q2.xlsx
NMA,unemployment,Oct-Dec 2022,34.4,https://www.statssa.gov.za/publications/P0211/QLFS%20Trends%202008-2026Q2.xlsx
NMA,unemployment,Jan-Mar 2023,33.9,https://www.statssa.gov.za/publications/P0211/QLFS%20Trends%202008-2026Q2.xlsx
NMA,unemployment,Apr-Jun 2023,32.0,https://www.statssa.gov.za/publications/P0211/QLFS%20Trends%202008-2026Q2.xlsx
NMA,unemployment,Jul-Sep 2023,32.0,https://www.statssa.gov.za/publications/P0211/QLFS%20Trends%202008-2026Q2.xlsx
NMA,unemployment,Oct-Dec 2023,33.9,https://www.statssa.gov.za/publications/P0211/QLFS%20Trends%202008-2026Q2.xlsx
NMA,unemployment,Jan-Mar 2024,32.4,https://www.statssa.gov.za/publications/P0211/QLFS%20Trends%202008-2026Q2.xlsx
NMA,unemployment,Apr-Jun 2024,30.9,https://www.statssa.gov.za/publications/P0211/QLFS%20Trends%202008-2026Q2.xlsx
NMA,unemployment,Jul-Sep 2024,24.5,https://www.statssa.gov.za/publications/P0211/QLFS%20Trends%202008-2026Q2.xlsx
NMA,unemployment,Oct-Dec 2024,21.8,https://www.statssa.gov.za/publications/P0211/QLFS%20Trends%202008-2026Q2.xlsx
NMA,unemployment,Jan-Mar 2025,22.3,https://www.statssa.gov.za/publications/P0211/QLFS%20Trends%202008-2026Q2.xlsx
NMA,unemployment,Apr-Jun 2025,26.4,https://www.statssa.gov.za/publications/P0211/QLFS%20Trends%202008-2026Q2.xlsx
NMA,unemployment,Jul-Sep 2025,27.1,https://www.statssa.gov.za/publications/P0211/QLFS%20Trends%202008-2026Q2.xlsx
NMA,unemployment,Oct-Dec 2025,28.2,https://www.statssa.gov.za/publications/P0211/QLFS%20Trends%202008-2026Q2.xlsx
NMA,unemployment,Jan-Mar 2026,29.8,https://www.statssa.gov.za/publications/P0211/QLFS%20Trends%202008-2026Q2.xlsx
NMA,unemployment,Apr-Jun 2026,33.1,https://www.statssa.gov.za/publications/P0211/QLFS%20Trends%202008-2026Q2.xlsx
NC,unemployment,Jan-Mar 2008,24.4,https://www.statssa.gov.za/publications/P0211/QLFS%20Trends%202008-2026Q2.xlsx
NC,unemployment,Apr-Jun 2008,23.8,https://www.statssa.gov.za/publications/P0211/QLFS%20Trends%202008-2026Q2.xlsx
NC,unemployment,Jul-Sep 2008,22.0,https://www.statssa.gov.za/publications/P0211/QLFS%20Trends%202008-2026Q2.xlsx
NC,unemployment,Oct-Dec 2008,21.2,https://www.statssa.gov.za/publications/P0211/QLFS%20Trends%202008-2026Q2.xlsx
NC,unemployment,Jan-Mar 2009,26.9,https://www.statssa.gov.za/publications/P0211/QLFS%20Trends%202008-2026Q2.xlsx
NC,unemployment,Apr-Jun 2009,25.7,https://www.statssa.gov.za/publications/P0211/QLFS%20Trends%202008-2026Q2.xlsx
NC,unemployment,Jul-Sep 2009,29.3,https://www.statssa.gov.za/publications/P0211/QLFS%20Trends%202008-2026Q2.xlsx
NC,unemployment,Oct-Dec 2009,24.5,https://www.statssa.gov.za/publications/P0211/QLFS%20Trends%202008-2026Q2.xlsx
NC,unemployment,Jan-Mar 2010,27.2,https://www.statssa.gov.za/publications/P0211/QLFS%20Trends%202008-2026Q2.xlsx
NC,unemployment,Apr-Jun 2010,29.0,https://www.statssa.gov.za/publications/P0211/QLFS%20Trends%202008-2026Q2.xlsx
NC,unemployment,Jul-Sep 2010,25.3,https://www.statssa.gov.za/publications/P0211/QLFS%20Trends%202008-2026Q2.xlsx
NC,unemployment,Oct-Dec 2010,24.3,https://www.statssa.gov.za/publications/P0211/QLFS%20Trends%202008-2026Q2.xlsx
NC,unemployment,Jan-Mar 2011,31.1,https://www.statssa.gov.za/publications/P0211/QLFS%20Trends%202008-2026Q2.xlsx
NC,unemployment,Apr-Jun 2011,28.4,https://www.statssa.gov.za/publications/P0211/QLFS%20Trends%202008-2026Q2.xlsx
NC,unemployment,Jul-Sep 2011,28.0,https://www.statssa.gov.za/publications/P0211/QLFS%20Trends%202008-2026Q2.xlsx
NC,unemployment,Oct-Dec 2011,26.4,https://www.statssa.gov.za/publications/P0211/QLFS%20Trends%202008-2026Q2.xlsx
NC,unemployment,Jan-Mar 2012,25.3,https://www.statssa.gov.za/publications/P0211/QLFS%20Trends%202008-2026Q2.xlsx
NC,unemployment,Apr-Jun 2012,29.9,https://www.statssa.gov.za/publications/P0211/QLFS%20Trends%202008-2026Q2.xlsx
NC,unemployment,Jul-Sep 2012,29.6,https://www.statssa.gov.za/publications/P0211/QLFS%20Trends%202008-2026Q2.xlsx
NC,unemployment,Oct-Dec 2012,28.3,https://www.statssa.gov.za/publications/P0211/QLFS%20Trends%202008-2026Q2.xlsx
NC,unemployment,Jan-Mar 2013,29.3,https://www.statssa.gov.za/publications/P0211/QLFS%20Trends%202008-2026Q2.xlsx
NC,unemployment,Apr-Jun 2013,29.5,https://www.statssa.gov.za/publications/P0211/QLFS%20Trends%202008-2026Q2.xlsx
NC,unemployment,Jul-Sep 2013,27.9,https://www.statssa.gov.za/publications/P0211/QLFS%20Trends%202008-2026Q2.xlsx
NC,unemployment,Oct-Dec 2013,24.9,https://www.statssa.gov.za/publications/P0211/QLFS%20Trends%202008-2026Q2.xlsx
NC,unemployment,Jan-Mar 2014,29.0,https://www.statssa.gov.za/publications/P0211/QLFS%20Trends%202008-2026Q2.xlsx
NC,unemployment,Apr-Jun 2014,32.3,https://www.statssa.gov.za/publications/P0211/QLFS%20Trends%202008-2026Q2.xlsx
NC,unemployment,Jul-Sep 2014,29.7,https://www.statssa.gov.za/publications/P0211/QLFS%20Trends%202008-2026Q2.xlsx
NC,unemployment,Oct-Dec 2014,28.7,https://www.statssa.gov.za/publications/P0211/QLFS%20Trends%202008-2026Q2.xlsx
NC,unemployment,Jan-Mar 2015,34.1,https://www.statssa.gov.za/publications/P0211/QLFS%20Trends%202008-2026Q2.xlsx
NC,unemployment,Apr-Jun 2015,32.7,https://www.statssa.gov.za/publications/P0211/QLFS%20Trends%202008-2026Q2.xlsx
NC,unemployment,Jul-Sep 2015,34.8,https://www.statssa.gov.za/publications/P0211/QLFS%20Trends%202008-2026Q2.xlsx
NC,unemployment,Oct-Dec 2015,25.8,https://www.statssa.gov.za/publications/P0211/QLFS%20Trends%202008-2026Q2.xlsx
NC,unemployment,Jan-Mar 2016,27.8,https://www.statssa.gov.za/publications/P0211/QLFS%20Trends%202008-2026Q2.xlsx
NC,unemployment,Apr-Jun 2016,27.4,https://www.statssa.gov.za/publications/P0211/QLFS%20Trends%202008-2026Q2.xlsx
NC,unemployment,Jul-Sep 2016,29.6,https://www.statssa.gov.za/publications/P0211/QLFS%20Trends%202008-2026Q2.xlsx
NC,unemployment,Oct-Dec 2016,32.0,https://www.statssa.gov.za/publications/P0211/QLFS%20Trends%202008-2026Q2.xlsx
NC,unemployment,Jan-Mar 2017,30.7,https://www.statssa.gov.za/publications/P0211/QLFS%20Trends%202008-2026Q2.xlsx
NC,unemployment,Apr-Jun 2017,30.5,https://www.statssa.gov.za/publications/P0211/QLFS%20Trends%202008-2026Q2.xlsx
NC,unemployment,Jul-Sep 2017,29.9,https://www.statssa.gov.za/publications/P0211/QLFS%20Trends%202008-2026Q2.xlsx
NC,unemployment,Oct-Dec 2017,27.1,https://www.statssa.gov.za/publications/P0211/QLFS%20Trends%202008-2026Q2.xlsx
NC,unemployment,Jan-Mar 2018,29.5,https://www.statssa.gov.za/publications/P0211/QLFS%20Trends%202008-2026Q2.xlsx
NC,unemployment,Apr-Jun 2018,28.9,https://www.statssa.gov.za/publications/P0211/QLFS%20Trends%202008-2026Q2.xlsx
NC,unemployment,Jul-Sep 2018,27.0,https://www.statssa.gov.za/publications/P0211/QLFS%20Trends%202008-2026Q2.xlsx
NC,unemployment,Oct-Dec 2018,25.0,https://www.statssa.gov.za/publications/P0211/QLFS%20Trends%202008-2026Q2.xlsx
NC,unemployment,Jan-Mar 2019,26.0,https://www.statssa.gov.za/publications/P0211/QLFS%20Trends%202008-2026Q2.xlsx
NC,unemployment,Apr-Jun 2019,29.4,https://www.statssa.gov.za/publications/P0211/QLFS%20Trends%202008-2026Q2.xlsx
NC,unemployment,Jul-Sep 2019,29.8,https://www.statssa.gov.za/publications/P0211/QLFS%20Trends%202008-2026Q2.xlsx
NC,unemployment,Oct-Dec 2019,26.9,https://www.statssa.gov.za/publications/P0211/QLFS%20Trends%202008-2026Q2.xlsx
NC,unemployment,Jan-Mar 2020,27.0,https://www.statssa.gov.za/publications/P0211/QLFS%20Trends%202008-2026Q2.xlsx
NC,unemployment,Apr-Jun 2020,25.1,https://www.statssa.gov.za/publications/P0211/QLFS%20Trends%202008-2026Q2.xlsx
NC,unemployment,Jul-Sep 2020,23.1,https://www.statssa.gov.za/publications/P0211/QLFS%20Trends%202008-2026Q2.xlsx
NC,unemployment,Oct-Dec 2020,28.7,https://www.statssa.gov.za/publications/P0211/QLFS%20Trends%202008-2026Q2.xlsx
NC,unemployment,Jan-Mar 2021,23.4,https://www.statssa.gov.za/publications/P0211/QLFS%20Trends%202008-2026Q2.xlsx
NC,unemployment,Apr-Jun 2021,28.1,https://www.statssa.gov.za/publications/P0211/QLFS%20Trends%202008-2026Q2.xlsx
NC,unemployment,Jul-Sep 2021,24.9,https://www.statssa.gov.za/publications/P0211/QLFS%20Trends%202008-2026Q2.xlsx
NC,unemployment,Oct-Dec 2021,25.0,https://www.statssa.gov.za/publications/P0211/QLFS%20Trends%202008-2026Q2.xlsx
NC,unemployment,Jan-Mar 2022,24.9,https://www.statssa.gov.za/publications/P0211/QLFS%20Trends%202008-2026Q2.xlsx
NC,unemployment,Apr-Jun 2022,23.7,https://www.statssa.gov.za/publications/P0211/QLFS%20Trends%202008-2026Q2.xlsx
NC,unemployment,Jul-Sep 2022,26.4,https://www.statssa.gov.za/publications/P0211/QLFS%20Trends%202008-2026Q2.xlsx
NC,unemployment,Oct-Dec 2022,22.1,https://www.statssa.gov.za/publications/P0211/QLFS%20Trends%202008-2026Q2.xlsx
NC,unemployment,Jan-Mar 2023,26.6,https://www.statssa.gov.za/publications/P0211/QLFS%20Trends%202008-2026Q2.xlsx
NC,unemployment,Apr-Jun 2023,26.9,https://www.statssa.gov.za/publications/P0211/QLFS%20Trends%202008-2026Q2.xlsx
NC,unemployment,Jul-Sep 2023,26.3,https://www.statssa.gov.za/publications/P0211/QLFS%20Trends%202008-2026Q2.xlsx
NC,unemployment,Oct-Dec 2023,26.9,https://www.statssa.gov.za/publications/P0211/QLFS%20Trends%202008-2026Q2.xlsx
NC,unemployment,Jan-Mar 2024,28.3,https://www.statssa.gov.za/publications/P0211/QLFS%20Trends%202008-2026Q2.xlsx
NC,unemployment,Apr-Jun 2024,32.0,https://www.statssa.gov.za/publications/P0211/QLFS%20Trends%202008-2026Q2.xlsx
NC,unemployment,Jul-Sep 2024,30.4,https://www.statssa.gov.za/publications/P0211/QLFS%20Trends%202008-2026Q2.xlsx
NC,unemployment,Oct-Dec 2024,27.4,https://www.statssa.gov.za/publications/P0211/QLFS%20Trends%202008-2026Q2.xlsx
NC,unemployment,Jan-Mar 2025,29.5,https://www.statssa.gov.za/publications/P0211/QLFS%20Trends%202008-2026Q2.xlsx
NC,unemployment,Apr-Jun 2025,32.7,https://www.statssa.gov.za/publications/P0211/QLFS%20Trends%202008-2026Q2.xlsx
NC,unemployment,Jul-Sep 2025,31.2,https://www.statssa.gov.za/publications/P0211/QLFS%20Trends%202008-2026Q2.xlsx
NC,unemployment,Oct-Dec 2025,27.1,https://www.statssa.gov.za/publications/P0211/QLFS%20Trends%202008-2026Q2.xlsx
NC,unemployment,Jan-Mar 2026,30.4,https://www.statssa.gov.za/publications/P0211/QLFS%20Trends%202008-2026Q2.xlsx
NC,unemployment,Apr-Jun 2026,28.7,https://www.statssa.gov.za/publications/P0211/QLFS%20Trends%202008-2026Q2.xlsx
FS,unemployment,Jan-Mar 2008,24.6,https://www.statssa.gov.za/publications/P0211/QLFS%20Trends%202008-2026Q2.xlsx
FS,unemployment,Apr-Jun 2008,25.4,https://www.statssa.gov.za/publications/P0211/QLFS%20Trends%202008-2026Q2.xlsx
FS,unemployment,Jul-Sep 2008,22.5,https://www.statssa.gov.za/publications/P0211/QLFS%20Trends%202008-2026Q2.xlsx
FS,unemployment,Oct-Dec 2008,22.0,https://www.statssa.gov.za/publications/P0211/QLFS%20Trends%202008-2026Q2.xlsx
FS,unemployment,Jan-Mar 2009,24.8,https://www.statssa.gov.za/publications/P0211/QLFS%20Trends%202008-2026Q2.xlsx
FS,unemployment,Apr-Jun 2009,26.4,https://www.statssa.gov.za/publications/P0211/QLFS%20Trends%202008-2026Q2.xlsx
FS,unemployment,Jul-Sep 2009,28.1,https://www.statssa.gov.za/publications/P0211/QLFS%20Trends%202008-2026Q2.xlsx
FS,unemployment,Oct-Dec 2009,24.8,https://www.statssa.gov.za/publications/P0211/QLFS%20Trends%202008-2026Q2.xlsx
FS,unemployment,Jan-Mar 2010,26.7,https://www.statssa.gov.za/publications/P0211/QLFS%20Trends%202008-2026Q2.xlsx
FS,unemployment,Apr-Jun 2010,27.7,https://www.statssa.gov.za/publications/P0211/QLFS%20Trends%202008-2026Q2.xlsx
FS,unemployment,Jul-Sep 2010,29.7,https://www.statssa.gov.za/publications/P0211/QLFS%20Trends%202008-2026Q2.xlsx
FS,unemployment,Oct-Dec 2010,27.1,https://www.statssa.gov.za/publications/P0211/QLFS%20Trends%202008-2026Q2.xlsx
FS,unemployment,Jan-Mar 2011,27.9,https://www.statssa.gov.za/publications/P0211/QLFS%20Trends%202008-2026Q2.xlsx
FS,unemployment,Apr-Jun 2011,28.0,https://www.statssa.gov.za/publications/P0211/QLFS%20Trends%202008-2026Q2.xlsx
FS,unemployment,Jul-Sep 2011,25.0,https://www.statssa.gov.za/publications/P0211/QLFS%20Trends%202008-2026Q2.xlsx
FS,unemployment,Oct-Dec 2011,29.2,https://www.statssa.gov.za/publications/P0211/QLFS%20Trends%202008-2026Q2.xlsx
FS,unemployment,Jan-Mar 2012,31.9,https://www.statssa.gov.za/publications/P0211/QLFS%20Trends%202008-2026Q2.xlsx
FS,unemployment,Apr-Jun 2012,32.7,https://www.statssa.gov.za/publications/P0211/QLFS%20Trends%202008-2026Q2.xlsx
FS,unemployment,Jul-Sep 2012,31.6,https://www.statssa.gov.za/publications/P0211/QLFS%20Trends%202008-2026Q2.xlsx
FS,unemployment,Oct-Dec 2012,32.7,https://www.statssa.gov.za/publications/P0211/QLFS%20Trends%202008-2026Q2.xlsx
FS,unemployment,Jan-Mar 2013,31.2,https://www.statssa.gov.za/publications/P0211/QLFS%20Trends%202008-2026Q2.xlsx
FS,unemployment,Apr-Jun 2013,32.8,https://www.statssa.gov.za/publications/P0211/QLFS%20Trends%202008-2026Q2.xlsx
FS,unemployment,Jul-Sep 2013,33.7,https://www.statssa.gov.za/publications/P0211/QLFS%20Trends%202008-2026Q2.xlsx
FS,unemployment,Oct-Dec 2013,33.0,https://www.statssa.gov.za/publications/P0211/QLFS%20Trends%202008-2026Q2.xlsx
FS,unemployment,Jan-Mar 2014,34.7,https://www.statssa.gov.za/publications/P0211/QLFS%20Trends%202008-2026Q2.xlsx
FS,unemployment,Apr-Jun 2014,35.0,https://www.statssa.gov.za/publications/P0211/QLFS%20Trends%202008-2026Q2.xlsx
FS,unemployment,Jul-Sep 2014,34.6,https://www.statssa.gov.za/publications/P0211/QLFS%20Trends%202008-2026Q2.xlsx
FS,unemployment,Oct-Dec 2014,32.2,https://www.statssa.gov.za/publications/P0211/QLFS%20Trends%202008-2026Q2.xlsx
FS,unemployment,Jan-Mar 2015,30.4,https://www.statssa.gov.za/publications/P0211/QLFS%20Trends%202008-2026Q2.xlsx
FS,unemployment,Apr-Jun 2015,31.4,https://www.statssa.gov.za/publications/P0211/QLFS%20Trends%202008-2026Q2.xlsx
FS,unemployment,Jul-Sep 2015,31.5,https://www.statssa.gov.za/publications/P0211/QLFS%20Trends%202008-2026Q2.xlsx
FS,unemployment,Oct-Dec 2015,29.8,https://www.statssa.gov.za/publications/P0211/QLFS%20Trends%202008-2026Q2.xlsx
FS,unemployment,Jan-Mar 2016,33.9,https://www.statssa.gov.za/publications/P0211/QLFS%20Trends%202008-2026Q2.xlsx
FS,unemployment,Apr-Jun 2016,32.2,https://www.statssa.gov.za/publications/P0211/QLFS%20Trends%202008-2026Q2.xlsx
FS,unemployment,Jul-Sep 2016,34.2,https://www.statssa.gov.za/publications/P0211/QLFS%20Trends%202008-2026Q2.xlsx
FS,unemployment,Oct-Dec 2016,34.7,https://www.statssa.gov.za/publications/P0211/QLFS%20Trends%202008-2026Q2.xlsx
FS,unemployment,Jan-Mar 2017,35.5,https://www.statssa.gov.za/publications/P0211/QLFS%20Trends%202008-2026Q2.xlsx
FS,unemployment,Apr-Jun 2017,34.4,https://www.statssa.gov.za/publications/P0211/QLFS%20Trends%202008-2026Q2.xlsx
FS,unemployment,Jul-Sep 2017,31.8,https://www.statssa.gov.za/publications/P0211/QLFS%20Trends%202008-2026Q2.xlsx
FS,unemployment,Oct-Dec 2017,32.6,https://www.statssa.gov.za/publications/P0211/QLFS%20Trends%202008-2026Q2.xlsx
FS,unemployment,Jan-Mar 2018,32.8,https://www.statssa.gov.za/publications/P0211/QLFS%20Trends%202008-2026Q2.xlsx
FS,unemployment,Apr-Jun 2018,34.4,https://www.statssa.gov.za/publications/P0211/QLFS%20Trends%202008-2026Q2.xlsx
FS,unemployment,Jul-Sep 2018,36.3,https://www.statssa.gov.za/publications/P0211/QLFS%20Trends%202008-2026Q2.xlsx
FS,unemployment,Oct-Dec 2018,32.9,https://www.statssa.gov.za/publications/P0211/QLFS%20Trends%202008-2026Q2.xlsx
FS,unemployment,Jan-Mar 2019,34.9,https://www.statssa.gov.za/publications/P0211/QLFS%20Trends%202008-2026Q2.xlsx
FS,unemployment,Apr-Jun 2019,34.4,https://www.statssa.gov.za/publications/P0211/QLFS%20Trends%202008-2026Q2.xlsx
FS,unemployment,Jul-Sep 2019,34.5,https://www.statssa.gov.za/publications/P0211/QLFS%20Trends%202008-2026Q2.xlsx
FS,unemployment,Oct-Dec 2019,35.0,https://www.statssa.gov.za/publications/P0211/QLFS%20Trends%202008-2026Q2.xlsx
FS,unemployment,Jan-Mar 2020,38.4,https://www.statssa.gov.za/publications/P0211/QLFS%20Trends%202008-2026Q2.xlsx
FS,unemployment,Apr-Jun 2020,25.3,https://www.statssa.gov.za/publications/P0211/QLFS%20Trends%202008-2026Q2.xlsx
FS,unemployment,Jul-Sep 2020,35.5,https://www.statssa.gov.za/publications/P0211/QLFS%20Trends%202008-2026Q2.xlsx
FS,unemployment,Oct-Dec 2020,33.4,https://www.statssa.gov.za/publications/P0211/QLFS%20Trends%202008-2026Q2.xlsx
FS,unemployment,Jan-Mar 2021,35.6,https://www.statssa.gov.za/publications/P0211/QLFS%20Trends%202008-2026Q2.xlsx
FS,unemployment,Apr-Jun 2021,36.5,https://www.statssa.gov.za/publications/P0211/QLFS%20Trends%202008-2026Q2.xlsx
FS,unemployment,Jul-Sep 2021,38.1,https://www.statssa.gov.za/publications/P0211/QLFS%20Trends%202008-2026Q2.xlsx
FS,unemployment,Oct-Dec 2021,36.7,https://www.statssa.gov.za/publications/P0211/QLFS%20Trends%202008-2026Q2.xlsx
FS,unemployment,Jan-Mar 2022,31.1,https://www.statssa.gov.za/publications/P0211/QLFS%20Trends%202008-2026Q2.xlsx
FS,unemployment,Apr-Jun 2022,32.4,https://www.statssa.gov.za/publications/P0211/QLFS%20Trends%202008-2026Q2.xlsx
FS,unemployment,Jul-Sep 2022,33.8,https://www.statssa.gov.za/publications/P0211/QLFS%20Trends%202008-2026Q2.xlsx
FS,unemployment,Oct-Dec 2022,34.6,https://www.statssa.gov.za/publications/P0211/QLFS%20Trends%202008-2026Q2.xlsx
FS,unemployment,Jan-Mar 2023,34.4,https://www.statssa.gov.za/publications/P0211/QLFS%20Trends%202008-2026Q2.xlsx
FS,unemployment,Apr-Jun 2023,36.7,https://www.statssa.gov.za/publications/P0211/QLFS%20Trends%202008-2026Q2.xlsx
FS,unemployment,Jul-Sep 2023,38.5,https://www.statssa.gov.za/publications/P0211/QLFS%20Trends%202008-2026Q2.xlsx
FS,unemployment,Oct-Dec 2023,37.0,https://www.statssa.gov.za/publications/P0211/QLFS%20Trends%202008-2026Q2.xlsx
FS,unemployment,Jan-Mar 2024,38.0,https://www.statssa.gov.za/publications/P0211/QLFS%20Trends%202008-2026Q2.xlsx
FS,unemployment,Apr-Jun 2024,37.6,https://www.statssa.gov.za/publications/P0211/QLFS%20Trends%202008-2026Q2.xlsx
FS,unemployment,Jul-Sep 2024,36.0,https://www.statssa.gov.za/publications/P0211/QLFS%20Trends%202008-2026Q2.xlsx
FS,unemployment,Oct-Dec 2024,37.9,https://www.statssa.gov.za/publications/P0211/QLFS%20Trends%202008-2026Q2.xlsx
FS,unemployment,Jan-Mar 2025,37.9,https://www.statssa.gov.za/publications/P0211/QLFS%20Trends%202008-2026Q2.xlsx
FS,unemployment,Apr-Jun 2025,38.5,https://www.statssa.gov.za/publications/P0211/QLFS%20Trends%202008-2026Q2.xlsx
FS,unemployment,Jul-Sep 2025,36.2,https://www.statssa.gov.za/publications/P0211/QLFS%20Trends%202008-2026Q2.xlsx
FS,unemployment,Oct-Dec 2025,37.2,https://www.statssa.gov.za/publications/P0211/QLFS%20Trends%202008-2026Q2.xlsx
FS,unemployment,Jan-Mar 2026,37.8,https://www.statssa.gov.za/publications/P0211/QLFS%20Trends%202008-2026Q2.xlsx
FS,unemployment,Apr-Jun 2026,37.3,https://www.statssa.gov.za/publications/P0211/QLFS%20Trends%202008-2026Q2.xlsx
MAN,unemployment,Jan-Mar 2015,26.9,https://www.statssa.gov.za/publications/P0211/QLFS%20Trends%202008-2026Q2.xlsx
MAN,unemployment,Apr-Jun 2015,29.0,https://www.statssa.gov.za/publications/P0211/QLFS%20Trends%202008-2026Q2.xlsx
MAN,unemployment,Jul-Sep 2015,28.5,https://www.statssa.gov.za/publications/P0211/QLFS%20Trends%202008-2026Q2.xlsx
MAN,unemployment,Oct-Dec 2015,22.8,https://www.statssa.gov.za/publications/P0211/QLFS%20Trends%202008-2026Q2.xlsx
MAN,unemployment,Jan-Mar 2016,28.2,https://www.statssa.gov.za/publications/P0211/QLFS%20Trends%202008-2026Q2.xlsx
MAN,unemployment,Apr-Jun 2016,28.8,https://www.statssa.gov.za/publications/P0211/QLFS%20Trends%202008-2026Q2.xlsx
MAN,unemployment,Jul-Sep 2016,30.9,https://www.statssa.gov.za/publications/P0211/QLFS%20Trends%202008-2026Q2.xlsx
MAN,unemployment,Oct-Dec 2016,34.5,https://www.statssa.gov.za/publications/P0211/QLFS%20Trends%202008-2026Q2.xlsx
MAN,unemployment,Jan-Mar 2017,34.4,https://www.statssa.gov.za/publications/P0211/QLFS%20Trends%202008-2026Q2.xlsx
MAN,unemployment,Apr-Jun 2017,33.4,https://www.statssa.gov.za/publications/P0211/QLFS%20Trends%202008-2026Q2.xlsx
MAN,unemployment,Jul-Sep 2017,31.9,https://www.statssa.gov.za/publications/P0211/QLFS%20Trends%202008-2026Q2.xlsx
MAN,unemployment,Oct-Dec 2017,29.0,https://www.statssa.gov.za/publications/P0211/QLFS%20Trends%202008-2026Q2.xlsx
MAN,unemployment,Jan-Mar 2018,29.9,https://www.statssa.gov.za/publications/P0211/QLFS%20Trends%202008-2026Q2.xlsx
MAN,unemployment,Apr-Jun 2018,31.4,https://www.statssa.gov.za/publications/P0211/QLFS%20Trends%202008-2026Q2.xlsx
MAN,unemployment,Jul-Sep 2018,31.8,https://www.statssa.gov.za/publications/P0211/QLFS%20Trends%202008-2026Q2.xlsx
MAN,unemployment,Oct-Dec 2018,29.7,https://www.statssa.gov.za/publications/P0211/QLFS%20Trends%202008-2026Q2.xlsx
MAN,unemployment,Jan-Mar 2019,32.2,https://www.statssa.gov.za/publications/P0211/QLFS%20Trends%202008-2026Q2.xlsx
MAN,unemployment,Apr-Jun 2019,29.9,https://www.statssa.gov.za/publications/P0211/QLFS%20Trends%202008-2026Q2.xlsx
MAN,unemployment,Jul-Sep 2019,30.2,https://www.statssa.gov.za/publications/P0211/QLFS%20Trends%202008-2026Q2.xlsx
MAN,unemployment,Oct-Dec 2019,30.3,https://www.statssa.gov.za/publications/P0211/QLFS%20Trends%202008-2026Q2.xlsx
MAN,unemployment,Jan-Mar 2020,32.5,https://www.statssa.gov.za/publications/P0211/QLFS%20Trends%202008-2026Q2.xlsx
MAN,unemployment,Apr-Jun 2020,22.2,https://www.statssa.gov.za/publications/P0211/QLFS%20Trends%202008-2026Q2.xlsx
MAN,unemployment,Jul-Sep 2020,37.6,https://www.statssa.gov.za/publications/P0211/QLFS%20Trends%202008-2026Q2.xlsx
MAN,unemployment,Oct-Dec 2020,26.2,https://www.statssa.gov.za/publications/P0211/QLFS%20Trends%202008-2026Q2.xlsx
MAN,unemployment,Jan-Mar 2021,24.6,https://www.statssa.gov.za/publications/P0211/QLFS%20Trends%202008-2026Q2.xlsx
MAN,unemployment,Apr-Jun 2021,23.0,https://www.statssa.gov.za/publications/P0211/QLFS%20Trends%202008-2026Q2.xlsx
MAN,unemployment,Jul-Sep 2021,29.3,https://www.statssa.gov.za/publications/P0211/QLFS%20Trends%202008-2026Q2.xlsx
MAN,unemployment,Jan-Mar 2022,21.9,https://www.statssa.gov.za/publications/P0211/QLFS%20Trends%202008-2026Q2.xlsx
MAN,unemployment,Apr-Jun 2022,20.3,https://www.statssa.gov.za/publications/P0211/QLFS%20Trends%202008-2026Q2.xlsx
MAN,unemployment,Jul-Sep 2022,26.5,https://www.statssa.gov.za/publications/P0211/QLFS%20Trends%202008-2026Q2.xlsx
MAN,unemployment,Oct-Dec 2022,32.0,https://www.statssa.gov.za/publications/P0211/QLFS%20Trends%202008-2026Q2.xlsx
MAN,unemployment,Jan-Mar 2023,31.7,https://www.statssa.gov.za/publications/P0211/QLFS%20Trends%202008-2026Q2.xlsx
MAN,unemployment,Apr-Jun 2023,32.7,https://www.statssa.gov.za/publications/P0211/QLFS%20Trends%202008-2026Q2.xlsx
MAN,unemployment,Jul-Sep 2023,34.4,https://www.statssa.gov.za/publications/P0211/QLFS%20Trends%202008-2026Q2.xlsx
MAN,unemployment,Oct-Dec 2023,33.5,https://www.statssa.gov.za/publications/P0211/QLFS%20Trends%202008-2026Q2.xlsx
MAN,unemployment,Jan-Mar 2024,30.1,https://www.statssa.gov.za/publications/P0211/QLFS%20Trends%202008-2026Q2.xlsx
MAN,unemployment,Apr-Jun 2024,30.5,https://www.statssa.gov.za/publications/P0211/QLFS%20Trends%202008-2026Q2.xlsx
MAN,unemployment,Jul-Sep 2024,27.5,https://www.statssa.gov.za/publications/P0211/QLFS%20Trends%202008-2026Q2.xlsx
MAN,unemployment,Oct-Dec 2024,28.2,https://www.statssa.gov.za/publications/P0211/QLFS%20Trends%202008-2026Q2.xlsx
MAN,unemployment,Jan-Mar 2025,30.2,https://www.statssa.gov.za/publications/P0211/QLFS%20Trends%202008-2026Q2.xlsx
MAN,unemployment,Apr-Jun 2025,31.5,https://www.statssa.gov.za/publications/P0211/QLFS%20Trends%202008-2026Q2.xlsx
MAN,unemployment,Jul-Sep 2025,27.8,https://www.statssa.gov.za/publications/P0211/QLFS%20Trends%202008-2026Q2.xlsx
MAN,unemployment,Oct-Dec 2025,33.5,https://www.statssa.gov.za/publications/P0211/QLFS%20Trends%202008-2026Q2.xlsx
MAN,unemployment,Jan-Mar 2026,30.3,https://www.statssa.gov.za/publications/P0211/QLFS%20Trends%202008-2026Q2.xlsx
MAN,unemployment,Apr-Jun 2026,33.0,https://www.statssa.gov.za/publications/P0211/QLFS%20Trends%202008-2026Q2.xlsx
KZN,unemployment,Jan-Mar 2008,22.5,https://www.statssa.gov.za/publications/P0211/QLFS%20Trends%202008-2026Q2.xlsx
KZN,unemployment,Apr-Jun 2008,21.9,https://www.statssa.gov.za/publications/P0211/QLFS%20Trends%202008-2026Q2.xlsx
KZN,unemployment,Jul-Sep 2008,21.7,https://www.statssa.gov.za/publications/P0211/QLFS%20Trends%202008-2026Q2.xlsx
KZN,unemployment,Oct-Dec 2008,20.5,https://www.statssa.gov.za/publications/P0211/QLFS%20Trends%202008-2026Q2.xlsx
KZN,unemployment,Jan-Mar 2009,22.1,https://www.statssa.gov.za/publications/P0211/QLFS%20Trends%202008-2026Q2.xlsx
KZN,unemployment,Apr-Jun 2009,18.9,https://www.statssa.gov.za/publications/P0211/QLFS%20Trends%202008-2026Q2.xlsx
KZN,unemployment,Jul-Sep 2009,18.3,https://www.statssa.gov.za/publications/P0211/QLFS%20Trends%202008-2026Q2.xlsx
KZN,unemployment,Oct-Dec 2009,19.0,https://www.statssa.gov.za/publications/P0211/QLFS%20Trends%202008-2026Q2.xlsx
KZN,unemployment,Jan-Mar 2010,19.1,https://www.statssa.gov.za/publications/P0211/QLFS%20Trends%202008-2026Q2.xlsx
KZN,unemployment,Apr-Jun 2010,20.6,https://www.statssa.gov.za/publications/P0211/QLFS%20Trends%202008-2026Q2.xlsx
KZN,unemployment,Jul-Sep 2010,19.5,https://www.statssa.gov.za/publications/P0211/QLFS%20Trends%202008-2026Q2.xlsx
KZN,unemployment,Oct-Dec 2010,19.4,https://www.statssa.gov.za/publications/P0211/QLFS%20Trends%202008-2026Q2.xlsx
KZN,unemployment,Jan-Mar 2011,19.8,https://www.statssa.gov.za/publications/P0211/QLFS%20Trends%202008-2026Q2.xlsx
KZN,unemployment,Apr-Jun 2011,20.0,https://www.statssa.gov.za/publications/P0211/QLFS%20Trends%202008-2026Q2.xlsx
KZN,unemployment,Jul-Sep 2011,18.7,https://www.statssa.gov.za/publications/P0211/QLFS%20Trends%202008-2026Q2.xlsx
KZN,unemployment,Oct-Dec 2011,18.8,https://www.statssa.gov.za/publications/P0211/QLFS%20Trends%202008-2026Q2.xlsx
KZN,unemployment,Jan-Mar 2012,20.0,https://www.statssa.gov.za/publications/P0211/QLFS%20Trends%202008-2026Q2.xlsx
KZN,unemployment,Apr-Jun 2012,19.3,https://www.statssa.gov.za/publications/P0211/QLFS%20Trends%202008-2026Q2.xlsx
KZN,unemployment,Jul-Sep 2012,20.6,https://www.statssa.gov.za/publications/P0211/QLFS%20Trends%202008-2026Q2.xlsx
KZN,unemployment,Oct-Dec 2012,21.9,https://www.statssa.gov.za/publications/P0211/QLFS%20Trends%202008-2026Q2.xlsx
KZN,unemployment,Jan-Mar 2013,20.5,https://www.statssa.gov.za/publications/P0211/QLFS%20Trends%202008-2026Q2.xlsx
KZN,unemployment,Apr-Jun 2013,22.2,https://www.statssa.gov.za/publications/P0211/QLFS%20Trends%202008-2026Q2.xlsx
KZN,unemployment,Jul-Sep 2013,20.6,https://www.statssa.gov.za/publications/P0211/QLFS%20Trends%202008-2026Q2.xlsx
KZN,unemployment,Oct-Dec 2013,19.9,https://www.statssa.gov.za/publications/P0211/QLFS%20Trends%202008-2026Q2.xlsx
KZN,unemployment,Jan-Mar 2014,20.7,https://www.statssa.gov.za/publications/P0211/QLFS%20Trends%202008-2026Q2.xlsx
KZN,unemployment,Apr-Jun 2014,23.7,https://www.statssa.gov.za/publications/P0211/QLFS%20Trends%202008-2026Q2.xlsx
KZN,unemployment,Jul-Sep 2014,24.1,https://www.statssa.gov.za/publications/P0211/QLFS%20Trends%202008-2026Q2.xlsx
KZN,unemployment,Oct-Dec 2014,20.8,https://www.statssa.gov.za/publications/P0211/QLFS%20Trends%202008-2026Q2.xlsx
KZN,unemployment,Jan-Mar 2015,23.6,https://www.statssa.gov.za/publications/P0211/QLFS%20Trends%202008-2026Q2.xlsx
KZN,unemployment,Apr-Jun 2015,20.4,https://www.statssa.gov.za/publications/P0211/QLFS%20Trends%202008-2026Q2.xlsx
KZN,unemployment,Jul-Sep 2015,20.5,https://www.statssa.gov.za/publications/P0211/QLFS%20Trends%202008-2026Q2.xlsx
KZN,unemployment,Oct-Dec 2015,20.5,https://www.statssa.gov.za/publications/P0211/QLFS%20Trends%202008-2026Q2.xlsx
KZN,unemployment,Jan-Mar 2016,23.1,https://www.statssa.gov.za/publications/P0211/QLFS%20Trends%202008-2026Q2.xlsx
KZN,unemployment,Apr-Jun 2016,22.6,https://www.statssa.gov.za/publications/P0211/QLFS%20Trends%202008-2026Q2.xlsx
KZN,unemployment,Jul-Sep 2016,23.5,https://www.statssa.gov.za/publications/P0211/QLFS%20Trends%202008-2026Q2.xlsx
KZN,unemployment,Oct-Dec 2016,23.9,https://www.statssa.gov.za/publications/P0211/QLFS%20Trends%202008-2026Q2.xlsx
KZN,unemployment,Jan-Mar 2017,25.8,https://www.statssa.gov.za/publications/P0211/QLFS%20Trends%202008-2026Q2.xlsx
KZN,unemployment,Apr-Jun 2017,24.0,https://www.statssa.gov.za/publications/P0211/QLFS%20Trends%202008-2026Q2.xlsx
KZN,unemployment,Jul-Sep 2017,24.6,https://www.statssa.gov.za/publications/P0211/QLFS%20Trends%202008-2026Q2.xlsx
KZN,unemployment,Oct-Dec 2017,24.1,https://www.statssa.gov.za/publications/P0211/QLFS%20Trends%202008-2026Q2.xlsx
KZN,unemployment,Jan-Mar 2018,22.3,https://www.statssa.gov.za/publications/P0211/QLFS%20Trends%202008-2026Q2.xlsx
KZN,unemployment,Apr-Jun 2018,21.8,https://www.statssa.gov.za/publications/P0211/QLFS%20Trends%202008-2026Q2.xlsx
KZN,unemployment,Jul-Sep 2018,23.0,https://www.statssa.gov.za/publications/P0211/QLFS%20Trends%202008-2026Q2.xlsx
KZN,unemployment,Oct-Dec 2018,25.6,https://www.statssa.gov.za/publications/P0211/QLFS%20Trends%202008-2026Q2.xlsx
KZN,unemployment,Jan-Mar 2019,25.1,https://www.statssa.gov.za/publications/P0211/QLFS%20Trends%202008-2026Q2.xlsx
KZN,unemployment,Apr-Jun 2019,26.1,https://www.statssa.gov.za/publications/P0211/QLFS%20Trends%202008-2026Q2.xlsx
KZN,unemployment,Jul-Sep 2019,25.9,https://www.statssa.gov.za/publications/P0211/QLFS%20Trends%202008-2026Q2.xlsx
KZN,unemployment,Oct-Dec 2019,25.0,https://www.statssa.gov.za/publications/P0211/QLFS%20Trends%202008-2026Q2.xlsx
KZN,unemployment,Jan-Mar 2020,26.9,https://www.statssa.gov.za/publications/P0211/QLFS%20Trends%202008-2026Q2.xlsx
KZN,unemployment,Apr-Jun 2020,18.9,https://www.statssa.gov.za/publications/P0211/QLFS%20Trends%202008-2026Q2.xlsx
KZN,unemployment,Jul-Sep 2020,26.4,https://www.statssa.gov.za/publications/P0211/QLFS%20Trends%202008-2026Q2.xlsx
KZN,unemployment,Oct-Dec 2020,29.6,https://www.statssa.gov.za/publications/P0211/QLFS%20Trends%202008-2026Q2.xlsx
KZN,unemployment,Jan-Mar 2021,30.5,https://www.statssa.gov.za/publications/P0211/QLFS%20Trends%202008-2026Q2.xlsx
KZN,unemployment,Apr-Jun 2021,32.5,https://www.statssa.gov.za/publications/P0211/QLFS%20Trends%202008-2026Q2.xlsx
KZN,unemployment,Jul-Sep 2021,28.7,https://www.statssa.gov.za/publications/P0211/QLFS%20Trends%202008-2026Q2.xlsx
KZN,unemployment,Oct-Dec 2021,32.4,https://www.statssa.gov.za/publications/P0211/QLFS%20Trends%202008-2026Q2.xlsx
KZN,unemployment,Jan-Mar 2022,33.2,https://www.statssa.gov.za/publications/P0211/QLFS%20Trends%202008-2026Q2.xlsx
KZN,unemployment,Apr-Jun 2022,32.7,https://www.statssa.gov.za/publications/P0211/QLFS%20Trends%202008-2026Q2.xlsx
KZN,unemployment,Jul-Sep 2022,30.6,https://www.statssa.gov.za/publications/P0211/QLFS%20Trends%202008-2026Q2.xlsx
KZN,unemployment,Oct-Dec 2022,31.4,https://www.statssa.gov.za/publications/P0211/QLFS%20Trends%202008-2026Q2.xlsx
KZN,unemployment,Jan-Mar 2023,30.9,https://www.statssa.gov.za/publications/P0211/QLFS%20Trends%202008-2026Q2.xlsx
KZN,unemployment,Apr-Jun 2023,31.0,https://www.statssa.gov.za/publications/P0211/QLFS%20Trends%202008-2026Q2.xlsx
KZN,unemployment,Jul-Sep 2023,29.4,https://www.statssa.gov.za/publications/P0211/QLFS%20Trends%202008-2026Q2.xlsx
KZN,unemployment,Oct-Dec 2023,29.5,https://www.statssa.gov.za/publications/P0211/QLFS%20Trends%202008-2026Q2.xlsx
KZN,unemployment,Jan-Mar 2024,29.9,https://www.statssa.gov.za/publications/P0211/QLFS%20Trends%202008-2026Q2.xlsx
KZN,unemployment,Apr-Jun 2024,31.1,https://www.statssa.gov.za/publications/P0211/QLFS%20Trends%202008-2026Q2.xlsx
KZN,unemployment,Jul-Sep 2024,31.2,https://www.statssa.gov.za/publications/P0211/QLFS%20Trends%202008-2026Q2.xlsx
KZN,unemployment,Oct-Dec 2024,28.6,https://www.statssa.gov.za/publications/P0211/QLFS%20Trends%202008-2026Q2.xlsx
KZN,unemployment,Jan-Mar 2025,32.3,https://www.statssa.gov.za/publications/P0211/QLFS%20Trends%202008-2026Q2.xlsx
KZN,unemployment,Apr-Jun 2025,33.4,https://www.statssa.gov.za/publications/P0211/QLFS%20Trends%202008-2026Q2.xlsx
KZN,unemployment,Jul-Sep 2025,31.7,https://www.statssa.gov.za/publications/P0211/QLFS%20Trends%202008-2026Q2.xlsx
KZN,unemployment,Oct-Dec 2025,32.3,https://www.statssa.gov.za/publications/P0211/QLFS%20Trends%202008-2026Q2.xlsx
KZN,unemployment,Jan-Mar 2026,31.2,https://www.statssa.gov.za/publications/P0211/QLFS%20Trends%202008-2026Q2.xlsx
KZN,unemployment,Apr-Jun 2026,32.5,https://www.statssa.gov.za/publications/P0211/QLFS%20Trends%202008-2026Q2.xlsx
ETH,unemployment,Jan-Mar 2015,19.6,https://www.statssa.gov.za/publications/P0211/QLFS%20Trends%202008-2026Q2.xlsx
ETH,unemployment,Apr-Jun 2015,16.5,https://www.statssa.gov.za/publications/P0211/QLFS%20Trends%202008-2026Q2.xlsx
ETH,unemployment,Jul-Sep 2015,15.7,https://www.statssa.gov.za/publications/P0211/QLFS%20Trends%202008-2026Q2.xlsx
ETH,unemployment,Oct-Dec 2015,15.9,https://www.statssa.gov.za/publications/P0211/QLFS%20Trends%202008-2026Q2.xlsx
ETH,unemployment,Jan-Mar 2016,18.9,https://www.statssa.gov.za/publications/P0211/QLFS%20Trends%202008-2026Q2.xlsx
ETH,unemployment,Apr-Jun 2016,19.7,https://www.statssa.gov.za/publications/P0211/QLFS%20Trends%202008-2026Q2.xlsx
ETH,unemployment,Jul-Sep 2016,20.2,https://www.statssa.gov.za/publications/P0211/QLFS%20Trends%202008-2026Q2.xlsx
ETH,unemployment,Oct-Dec 2016,22.0,https://www.statssa.gov.za/publications/P0211/QLFS%20Trends%202008-2026Q2.xlsx
ETH,unemployment,Jan-Mar 2017,21.8,https://www.statssa.gov.za/publications/P0211/QLFS%20Trends%202008-2026Q2.xlsx
ETH,unemployment,Apr-Jun 2017,21.8,https://www.statssa.gov.za/publications/P0211/QLFS%20Trends%202008-2026Q2.xlsx
ETH,unemployment,Jul-Sep 2017,23.3,https://www.statssa.gov.za/publications/P0211/QLFS%20Trends%202008-2026Q2.xlsx
ETH,unemployment,Oct-Dec 2017,21.9,https://www.statssa.gov.za/publications/P0211/QLFS%20Trends%202008-2026Q2.xlsx
ETH,unemployment,Jan-Mar 2018,20.3,https://www.statssa.gov.za/publications/P0211/QLFS%20Trends%202008-2026Q2.xlsx
ETH,unemployment,Apr-Jun 2018,19.3,https://www.statssa.gov.za/publications/P0211/QLFS%20Trends%202008-2026Q2.xlsx
ETH,unemployment,Jul-Sep 2018,18.2,https://www.statssa.gov.za/publications/P0211/QLFS%20Trends%202008-2026Q2.xlsx
ETH,unemployment,Oct-Dec 2018,21.8,https://www.statssa.gov.za/publications/P0211/QLFS%20Trends%202008-2026Q2.xlsx
ETH,unemployment,Jan-Mar 2019,23.0,https://www.statssa.gov.za/publications/P0211/QLFS%20Trends%202008-2026Q2.xlsx
ETH,unemployment,Apr-Jun 2019,21.9,https://www.statssa.gov.za/publications/P0211/QLFS%20Trends%202008-2026Q2.xlsx
ETH,unemployment,Jul-Sep 2019,21.5,https://www.statssa.gov.za/publications/P0211/QLFS%20Trends%202008-2026Q2.xlsx
ETH,unemployment,Oct-Dec 2019,20.9,https://www.statssa.gov.za/publications/P0211/QLFS%20Trends%202008-2026Q2.xlsx
ETH,unemployment,Jan-Mar 2020,22.1,https://www.statssa.gov.za/publications/P0211/QLFS%20Trends%202008-2026Q2.xlsx
ETH,unemployment,Apr-Jun 2020,8.2,https://www.statssa.gov.za/publications/P0211/QLFS%20Trends%202008-2026Q2.xlsx
ETH,unemployment,Jul-Sep 2020,14.0,https://www.statssa.gov.za/publications/P0211/QLFS%20Trends%202008-2026Q2.xlsx
ETH,unemployment,Oct-Dec 2020,20.6,https://www.statssa.gov.za/publications/P0211/QLFS%20Trends%202008-2026Q2.xlsx
ETH,unemployment,Jan-Mar 2021,20.6,https://www.statssa.gov.za/publications/P0211/QLFS%20Trends%202008-2026Q2.xlsx
ETH,unemployment,Apr-Jun 2021,26.0,https://www.statssa.gov.za/publications/P0211/QLFS%20Trends%202008-2026Q2.xlsx
ETH,unemployment,Jul-Sep 2021,21.8,https://www.statssa.gov.za/publications/P0211/QLFS%20Trends%202008-2026Q2.xlsx
ETH,unemployment,Jan-Mar 2022,28.4,https://www.statssa.gov.za/publications/P0211/QLFS%20Trends%202008-2026Q2.xlsx
ETH,unemployment,Apr-Jun 2022,22.5,https://www.statssa.gov.za/publications/P0211/QLFS%20Trends%202008-2026Q2.xlsx
ETH,unemployment,Jul-Sep 2022,21.8,https://www.statssa.gov.za/publications/P0211/QLFS%20Trends%202008-2026Q2.xlsx
ETH,unemployment,Oct-Dec 2022,17.6,https://www.statssa.gov.za/publications/P0211/QLFS%20Trends%202008-2026Q2.xlsx
ETH,unemployment,Jan-Mar 2023,19.4,https://www.statssa.gov.za/publications/P0211/QLFS%20Trends%202008-2026Q2.xlsx
ETH,unemployment,Apr-Jun 2023,20.7,https://www.statssa.gov.za/publications/P0211/QLFS%20Trends%202008-2026Q2.xlsx
ETH,unemployment,Jul-Sep 2023,22.5,https://www.statssa.gov.za/publications/P0211/QLFS%20Trends%202008-2026Q2.xlsx
ETH,unemployment,Oct-Dec 2023,22.1,https://www.statssa.gov.za/publications/P0211/QLFS%20Trends%202008-2026Q2.xlsx
ETH,unemployment,Jan-Mar 2024,22.0,https://www.statssa.gov.za/publications/P0211/QLFS%20Trends%202008-2026Q2.xlsx
ETH,unemployment,Apr-Jun 2024,23.0,https://www.statssa.gov.za/publications/P0211/QLFS%20Trends%202008-2026Q2.xlsx
ETH,unemployment,Jul-Sep 2024,20.6,https://www.statssa.gov.za/publications/P0211/QLFS%20Trends%202008-2026Q2.xlsx
ETH,unemployment,Oct-Dec 2024,17.1,https://www.statssa.gov.za/publications/P0211/QLFS%20Trends%202008-2026Q2.xlsx
ETH,unemployment,Jan-Mar 2025,21.4,https://www.statssa.gov.za/publications/P0211/QLFS%20Trends%202008-2026Q2.xlsx
ETH,unemployment,Apr-Jun 2025,26.8,https://www.statssa.gov.za/publications/P0211/QLFS%20Trends%202008-2026Q2.xlsx
ETH,unemployment,Jul-Sep 2025,27.8,https://www.statssa.gov.za/publications/P0211/QLFS%20Trends%202008-2026Q2.xlsx
ETH,unemployment,Oct-Dec 2025,24.1,https://www.statssa.gov.za/publications/P0211/QLFS%20Trends%202008-2026Q2.xlsx
ETH,unemployment,Jan-Mar 2026,22.3,https://www.statssa.gov.za/publications/P0211/QLFS%20Trends%202008-2026Q2.xlsx
ETH,unemployment,Apr-Jun 2026,21.2,https://www.statssa.gov.za/publications/P0211/QLFS%20Trends%202008-2026Q2.xlsx
NW,unemployment,Jan-Mar 2008,22.0,https://www.statssa.gov.za/publications/P0211/QLFS%20Trends%202008-2026Q2.xlsx
NW,unemployment,Apr-Jun 2008,22.7,https://www.statssa.gov.za/publications/P0211/QLFS%20Trends%202008-2026Q2.xlsx
NW,unemployment,Jul-Sep 2008,26.7,https://www.statssa.gov.za/publications/P0211/QLFS%20Trends%202008-2026Q2.xlsx
NW,unemployment,Oct-Dec 2008,25.7,https://www.statssa.gov.za/publications/P0211/QLFS%20Trends%202008-2026Q2.xlsx
NW,unemployment,Jan-Mar 2009,26.8,https://www.statssa.gov.za/publications/P0211/QLFS%20Trends%202008-2026Q2.xlsx
NW,unemployment,Apr-Jun 2009,27.4,https://www.statssa.gov.za/publications/P0211/QLFS%20Trends%202008-2026Q2.xlsx
NW,unemployment,Jul-Sep 2009,27.8,https://www.statssa.gov.za/publications/P0211/QLFS%20Trends%202008-2026Q2.xlsx
NW,unemployment,Oct-Dec 2009,26.9,https://www.statssa.gov.za/publications/P0211/QLFS%20Trends%202008-2026Q2.xlsx
NW,unemployment,Jan-Mar 2010,26.1,https://www.statssa.gov.za/publications/P0211/QLFS%20Trends%202008-2026Q2.xlsx
NW,unemployment,Apr-Jun 2010,27.8,https://www.statssa.gov.za/publications/P0211/QLFS%20Trends%202008-2026Q2.xlsx
NW,unemployment,Jul-Sep 2010,27.7,https://www.statssa.gov.za/publications/P0211/QLFS%20Trends%202008-2026Q2.xlsx
NW,unemployment,Oct-Dec 2010,24.2,https://www.statssa.gov.za/publications/P0211/QLFS%20Trends%202008-2026Q2.xlsx
NW,unemployment,Jan-Mar 2011,25.0,https://www.statssa.gov.za/publications/P0211/QLFS%20Trends%202008-2026Q2.xlsx
NW,unemployment,Apr-Jun 2011,27.1,https://www.statssa.gov.za/publications/P0211/QLFS%20Trends%202008-2026Q2.xlsx
NW,unemployment,Jul-Sep 2011,28.5,https://www.statssa.gov.za/publications/P0211/QLFS%20Trends%202008-2026Q2.xlsx
NW,unemployment,Oct-Dec 2011,24.3,https://www.statssa.gov.za/publications/P0211/QLFS%20Trends%202008-2026Q2.xlsx
NW,unemployment,Jan-Mar 2012,26.1,https://www.statssa.gov.za/publications/P0211/QLFS%20Trends%202008-2026Q2.xlsx
NW,unemployment,Apr-Jun 2012,26.2,https://www.statssa.gov.za/publications/P0211/QLFS%20Trends%202008-2026Q2.xlsx
NW,unemployment,Jul-Sep 2012,24.9,https://www.statssa.gov.za/publications/P0211/QLFS%20Trends%202008-2026Q2.xlsx
NW,unemployment,Oct-Dec 2012,23.2,https://www.statssa.gov.za/publications/P0211/QLFS%20Trends%202008-2026Q2.xlsx
NW,unemployment,Jan-Mar 2013,26.3,https://www.statssa.gov.za/publications/P0211/QLFS%20Trends%202008-2026Q2.xlsx
NW,unemployment,Apr-Jun 2013,26.7,https://www.statssa.gov.za/publications/P0211/QLFS%20Trends%202008-2026Q2.xlsx
NW,unemployment,Jul-Sep 2013,26.5,https://www.statssa.gov.za/publications/P0211/QLFS%20Trends%202008-2026Q2.xlsx
NW,unemployment,Oct-Dec 2013,27.3,https://www.statssa.gov.za/publications/P0211/QLFS%20Trends%202008-2026Q2.xlsx
NW,unemployment,Jan-Mar 2014,27.7,https://www.statssa.gov.za/publications/P0211/QLFS%20Trends%202008-2026Q2.xlsx
NW,unemployment,Apr-Jun 2014,26.0,https://www.statssa.gov.za/publications/P0211/QLFS%20Trends%202008-2026Q2.xlsx
NW,unemployment,Jul-Sep 2014,26.8,https://www.statssa.gov.za/publications/P0211/QLFS%20Trends%202008-2026Q2.xlsx
NW,unemployment,Oct-Dec 2014,25.2,https://www.statssa.gov.za/publications/P0211/QLFS%20Trends%202008-2026Q2.xlsx
NW,unemployment,Jan-Mar 2015,28.4,https://www.statssa.gov.za/publications/P0211/QLFS%20Trends%202008-2026Q2.xlsx
NW,unemployment,Apr-Jun 2015,25.2,https://www.statssa.gov.za/publications/P0211/QLFS%20Trends%202008-2026Q2.xlsx
NW,unemployment,Jul-Sep 2015,25.4,https://www.statssa.gov.za/publications/P0211/QLFS%20Trends%202008-2026Q2.xlsx
NW,unemployment,Oct-Dec 2015,23.9,https://www.statssa.gov.za/publications/P0211/QLFS%20Trends%202008-2026Q2.xlsx
NW,unemployment,Jan-Mar 2016,28.1,https://www.statssa.gov.za/publications/P0211/QLFS%20Trends%202008-2026Q2.xlsx
NW,unemployment,Apr-Jun 2016,27.3,https://www.statssa.gov.za/publications/P0211/QLFS%20Trends%202008-2026Q2.xlsx
NW,unemployment,Jul-Sep 2016,30.5,https://www.statssa.gov.za/publications/P0211/QLFS%20Trends%202008-2026Q2.xlsx
NW,unemployment,Oct-Dec 2016,26.5,https://www.statssa.gov.za/publications/P0211/QLFS%20Trends%202008-2026Q2.xlsx
NW,unemployment,Jan-Mar 2017,26.5,https://www.statssa.gov.za/publications/P0211/QLFS%20Trends%202008-2026Q2.xlsx
NW,unemployment,Apr-Jun 2017,27.2,https://www.statssa.gov.za/publications/P0211/QLFS%20Trends%202008-2026Q2.xlsx
NW,unemployment,Jul-Sep 2017,26.2,https://www.statssa.gov.za/publications/P0211/QLFS%20Trends%202008-2026Q2.xlsx
NW,unemployment,Oct-Dec 2017,23.9,https://www.statssa.gov.za/publications/P0211/QLFS%20Trends%202008-2026Q2.xlsx
NW,unemployment,Jan-Mar 2018,25.8,https://www.statssa.gov.za/publications/P0211/QLFS%20Trends%202008-2026Q2.xlsx
NW,unemployment,Apr-Jun 2018,26.1,https://www.statssa.gov.za/publications/P0211/QLFS%20Trends%202008-2026Q2.xlsx
NW,unemployment,Jul-Sep 2018,28.0,https://www.statssa.gov.za/publications/P0211/QLFS%20Trends%202008-2026Q2.xlsx
NW,unemployment,Oct-Dec 2018,26.6,https://www.statssa.gov.za/publications/P0211/QLFS%20Trends%202008-2026Q2.xlsx
NW,unemployment,Jan-Mar 2019,26.4,https://www.statssa.gov.za/publications/P0211/QLFS%20Trends%202008-2026Q2.xlsx
NW,unemployment,Apr-Jun 2019,33.0,https://www.statssa.gov.za/publications/P0211/QLFS%20Trends%202008-2026Q2.xlsx
NW,unemployment,Jul-Sep 2019,30.4,https://www.statssa.gov.za/publications/P0211/QLFS%20Trends%202008-2026Q2.xlsx
NW,unemployment,Oct-Dec 2019,28.8,https://www.statssa.gov.za/publications/P0211/QLFS%20Trends%202008-2026Q2.xlsx
NW,unemployment,Jan-Mar 2020,33.2,https://www.statssa.gov.za/publications/P0211/QLFS%20Trends%202008-2026Q2.xlsx
NW,unemployment,Apr-Jun 2020,21.6,https://www.statssa.gov.za/publications/P0211/QLFS%20Trends%202008-2026Q2.xlsx
NW,unemployment,Jul-Sep 2020,28.3,https://www.statssa.gov.za/publications/P0211/QLFS%20Trends%202008-2026Q2.xlsx
NW,unemployment,Oct-Dec 2020,33.3,https://www.statssa.gov.za/publications/P0211/QLFS%20Trends%202008-2026Q2.xlsx
NW,unemployment,Jan-Mar 2021,32.2,https://www.statssa.gov.za/publications/P0211/QLFS%20Trends%202008-2026Q2.xlsx
NW,unemployment,Apr-Jun 2021,35.2,https://www.statssa.gov.za/publications/P0211/QLFS%20Trends%202008-2026Q2.xlsx
NW,unemployment,Jul-Sep 2021,35.7,https://www.statssa.gov.za/publications/P0211/QLFS%20Trends%202008-2026Q2.xlsx
NW,unemployment,Oct-Dec 2021,33.8,https://www.statssa.gov.za/publications/P0211/QLFS%20Trends%202008-2026Q2.xlsx
NW,unemployment,Jan-Mar 2022,30.1,https://www.statssa.gov.za/publications/P0211/QLFS%20Trends%202008-2026Q2.xlsx
NW,unemployment,Apr-Jun 2022,32.2,https://www.statssa.gov.za/publications/P0211/QLFS%20Trends%202008-2026Q2.xlsx
NW,unemployment,Jul-Sep 2022,39.0,https://www.statssa.gov.za/publications/P0211/QLFS%20Trends%202008-2026Q2.xlsx
NW,unemployment,Oct-Dec 2022,37.0,https://www.statssa.gov.za/publications/P0211/QLFS%20Trends%202008-2026Q2.xlsx
NW,unemployment,Jan-Mar 2023,38.0,https://www.statssa.gov.za/publications/P0211/QLFS%20Trends%202008-2026Q2.xlsx
NW,unemployment,Apr-Jun 2023,36.8,https://www.statssa.gov.za/publications/P0211/QLFS%20Trends%202008-2026Q2.xlsx
NW,unemployment,Jul-Sep 2023,38.6,https://www.statssa.gov.za/publications/P0211/QLFS%20Trends%202008-2026Q2.xlsx
NW,unemployment,Oct-Dec 2023,39.0,https://www.statssa.gov.za/publications/P0211/QLFS%20Trends%202008-2026Q2.xlsx
NW,unemployment,Jan-Mar 2024,40.5,https://www.statssa.gov.za/publications/P0211/QLFS%20Trends%202008-2026Q2.xlsx
NW,unemployment,Apr-Jun 2024,41.3,https://www.statssa.gov.za/publications/P0211/QLFS%20Trends%202008-2026Q2.xlsx
NW,unemployment,Jul-Sep 2024,36.8,https://www.statssa.gov.za/publications/P0211/QLFS%20Trends%202008-2026Q2.xlsx
NW,unemployment,Oct-Dec 2024,41.3,https://www.statssa.gov.za/publications/P0211/QLFS%20Trends%202008-2026Q2.xlsx
NW,unemployment,Jan-Mar 2025,40.4,https://www.statssa.gov.za/publications/P0211/QLFS%20Trends%202008-2026Q2.xlsx
NW,unemployment,Apr-Jun 2025,40.1,https://www.statssa.gov.za/publications/P0211/QLFS%20Trends%202008-2026Q2.xlsx
NW,unemployment,Jul-Sep 2025,38.1,https://www.statssa.gov.za/publications/P0211/QLFS%20Trends%202008-2026Q2.xlsx
NW,unemployment,Oct-Dec 2025,35.1,https://www.statssa.gov.za/publications/P0211/QLFS%20Trends%202008-2026Q2.xlsx
NW,unemployment,Jan-Mar 2026,35.3,https://www.statssa.gov.za/publications/P0211/QLFS%20Trends%202008-2026Q2.xlsx
NW,unemployment,Apr-Jun 2026,38.1,https://www.statssa.gov.za/publications/P0211/QLFS%20Trends%202008-2026Q2.xlsx
GT,unemployment,Jan-Mar 2008,22.6,https://www.statssa.gov.za/publications/P0211/QLFS%20Trends%202008-2026Q2.xlsx
GT,unemployment,Apr-Jun 2008,21.4,https://www.statssa.gov.za/publications/P0211/QLFS%20Trends%202008-2026Q2.xlsx
GT,unemployment,Jul-Sep 2008,21.6,https://www.statssa.gov.za/publications/P0211/QLFS%20Trends%202008-2026Q2.xlsx
GT,unemployment,Oct-Dec 2008,20.4,https://www.statssa.gov.za/publications/P0211/QLFS%20Trends%202008-2026Q2.xlsx
GT,unemployment,Jan-Mar 2009,21.4,https://www.statssa.gov.za/publications/P0211/QLFS%20Trends%202008-2026Q2.xlsx
GT,unemployment,Apr-Jun 2009,22.8,https://www.statssa.gov.za/publications/P0211/QLFS%20Trends%202008-2026Q2.xlsx
GT,unemployment,Jul-Sep 2009,26.0,https://www.statssa.gov.za/publications/P0211/QLFS%20Trends%202008-2026Q2.xlsx
GT,unemployment,Oct-Dec 2009,25.5,https://www.statssa.gov.za/publications/P0211/QLFS%20Trends%202008-2026Q2.xlsx
GT,unemployment,Jan-Mar 2010,27.2,https://www.statssa.gov.za/publications/P0211/QLFS%20Trends%202008-2026Q2.xlsx
GT,unemployment,Apr-Jun 2010,27.1,https://www.statssa.gov.za/publications/P0211/QLFS%20Trends%202008-2026Q2.xlsx
GT,unemployment,Jul-Sep 2010,27.4,https://www.statssa.gov.za/publications/P0211/QLFS%20Trends%202008-2026Q2.xlsx
GT,unemployment,Oct-Dec 2010,26.7,https://www.statssa.gov.za/publications/P0211/QLFS%20Trends%202008-2026Q2.xlsx
GT,unemployment,Jan-Mar 2011,26.9,https://www.statssa.gov.za/publications/P0211/QLFS%20Trends%202008-2026Q2.xlsx
GT,unemployment,Apr-Jun 2011,28.3,https://www.statssa.gov.za/publications/P0211/QLFS%20Trends%202008-2026Q2.xlsx
GT,unemployment,Jul-Sep 2011,28.0,https://www.statssa.gov.za/publications/P0211/QLFS%20Trends%202008-2026Q2.xlsx
GT,unemployment,Oct-Dec 2011,25.2,https://www.statssa.gov.za/publications/P0211/QLFS%20Trends%202008-2026Q2.xlsx
GT,unemployment,Jan-Mar 2012,26.0,https://www.statssa.gov.za/publications/P0211/QLFS%20Trends%202008-2026Q2.xlsx
GT,unemployment,Apr-Jun 2012,25.5,https://www.statssa.gov.za/publications/P0211/QLFS%20Trends%202008-2026Q2.xlsx
GT,unemployment,Jul-Sep 2012,24.8,https://www.statssa.gov.za/publications/P0211/QLFS%20Trends%202008-2026Q2.xlsx
GT,unemployment,Oct-Dec 2012,23.5,https://www.statssa.gov.za/publications/P0211/QLFS%20Trends%202008-2026Q2.xlsx
GT,unemployment,Jan-Mar 2013,25.2,https://www.statssa.gov.za/publications/P0211/QLFS%20Trends%202008-2026Q2.xlsx
GT,unemployment,Apr-Jun 2013,24.9,https://www.statssa.gov.za/publications/P0211/QLFS%20Trends%202008-2026Q2.xlsx
GT,unemployment,Jul-Sep 2013,24.3,https://www.statssa.gov.za/publications/P0211/QLFS%20Trends%202008-2026Q2.xlsx
GT,unemployment,Oct-Dec 2013,25.2,https://www.statssa.gov.za/publications/P0211/QLFS%20Trends%202008-2026Q2.xlsx
GT,unemployment,Jan-Mar 2014,25.8,https://www.statssa.gov.za/publications/P0211/QLFS%20Trends%202008-2026Q2.xlsx
GT,unemployment,Apr-Jun 2014,24.6,https://www.statssa.gov.za/publications/P0211/QLFS%20Trends%202008-2026Q2.xlsx
GT,unemployment,Jul-Sep 2014,24.6,https://www.statssa.gov.za/publications/P0211/QLFS%20Trends%202008-2026Q2.xlsx
GT,unemployment,Oct-Dec 2014,24.6,https://www.statssa.gov.za/publications/P0211/QLFS%20Trends%202008-2026Q2.xlsx
GT,unemployment,Jan-Mar 2015,28.4,https://www.statssa.gov.za/publications/P0211/QLFS%20Trends%202008-2026Q2.xlsx
GT,unemployment,Apr-Jun 2015,26.8,https://www.statssa.gov.za/publications/P0211/QLFS%20Trends%202008-2026Q2.xlsx
GT,unemployment,Jul-Sep 2015,28.6,https://www.statssa.gov.za/publications/P0211/QLFS%20Trends%202008-2026Q2.xlsx
GT,unemployment,Oct-Dec 2015,27.6,https://www.statssa.gov.za/publications/P0211/QLFS%20Trends%202008-2026Q2.xlsx
GT,unemployment,Jan-Mar 2016,30.2,https://www.statssa.gov.za/publications/P0211/QLFS%20Trends%202008-2026Q2.xlsx
GT,unemployment,Apr-Jun 2016,29.5,https://www.statssa.gov.za/publications/P0211/QLFS%20Trends%202008-2026Q2.xlsx
GT,unemployment,Jul-Sep 2016,29.1,https://www.statssa.gov.za/publications/P0211/QLFS%20Trends%202008-2026Q2.xlsx
GT,unemployment,Oct-Dec 2016,28.6,https://www.statssa.gov.za/publications/P0211/QLFS%20Trends%202008-2026Q2.xlsx
GT,unemployment,Jan-Mar 2017,29.2,https://www.statssa.gov.za/publications/P0211/QLFS%20Trends%202008-2026Q2.xlsx
GT,unemployment,Apr-Jun 2017,29.9,https://www.statssa.gov.za/publications/P0211/QLFS%20Trends%202008-2026Q2.xlsx
GT,unemployment,Jul-Sep 2017,30.2,https://www.statssa.gov.za/publications/P0211/QLFS%20Trends%202008-2026Q2.xlsx
GT,unemployment,Oct-Dec 2017,29.1,https://www.statssa.gov.za/publications/P0211/QLFS%20Trends%202008-2026Q2.xlsx
GT,unemployment,Jan-Mar 2018,28.6,https://www.statssa.gov.za/publications/P0211/QLFS%20Trends%202008-2026Q2.xlsx
GT,unemployment,Apr-Jun 2018,29.7,https://www.statssa.gov.za/publications/P0211/QLFS%20Trends%202008-2026Q2.xlsx
GT,unemployment,Jul-Sep 2018,29.6,https://www.statssa.gov.za/publications/P0211/QLFS%20Trends%202008-2026Q2.xlsx
GT,unemployment,Oct-Dec 2018,29.0,https://www.statssa.gov.za/publications/P0211/QLFS%20Trends%202008-2026Q2.xlsx
GT,unemployment,Jan-Mar 2019,28.9,https://www.statssa.gov.za/publications/P0211/QLFS%20Trends%202008-2026Q2.xlsx
GT,unemployment,Apr-Jun 2019,31.1,https://www.statssa.gov.za/publications/P0211/QLFS%20Trends%202008-2026Q2.xlsx
GT,unemployment,Jul-Sep 2019,31.0,https://www.statssa.gov.za/publications/P0211/QLFS%20Trends%202008-2026Q2.xlsx
GT,unemployment,Oct-Dec 2019,30.8,https://www.statssa.gov.za/publications/P0211/QLFS%20Trends%202008-2026Q2.xlsx
GT,unemployment,Jan-Mar 2020,31.4,https://www.statssa.gov.za/publications/P0211/QLFS%20Trends%202008-2026Q2.xlsx
GT,unemployment,Apr-Jun 2020,26.4,https://www.statssa.gov.za/publications/P0211/QLFS%20Trends%202008-2026Q2.xlsx
GT,unemployment,Jul-Sep 2020,33.7,https://www.statssa.gov.za/publications/P0211/QLFS%20Trends%202008-2026Q2.xlsx
GT,unemployment,Oct-Dec 2020,34.1,https://www.statssa.gov.za/publications/P0211/QLFS%20Trends%202008-2026Q2.xlsx
GT,unemployment,Jan-Mar 2021,34.4,https://www.statssa.gov.za/publications/P0211/QLFS%20Trends%202008-2026Q2.xlsx
GT,unemployment,Apr-Jun 2021,35.4,https://www.statssa.gov.za/publications/P0211/QLFS%20Trends%202008-2026Q2.xlsx
GT,unemployment,Jul-Sep 2021,37.0,https://www.statssa.gov.za/publications/P0211/QLFS%20Trends%202008-2026Q2.xlsx
GT,unemployment,Oct-Dec 2021,36.6,https://www.statssa.gov.za/publications/P0211/QLFS%20Trends%202008-2026Q2.xlsx
GT,unemployment,Jan-Mar 2022,36.7,https://www.statssa.gov.za/publications/P0211/QLFS%20Trends%202008-2026Q2.xlsx
GT,unemployment,Apr-Jun 2022,34.4,https://www.statssa.gov.za/publications/P0211/QLFS%20Trends%202008-2026Q2.xlsx
GT,unemployment,Jul-Sep 2022,33.7,https://www.statssa.gov.za/publications/P0211/QLFS%20Trends%202008-2026Q2.xlsx
GT,unemployment,Oct-Dec 2022,34.0,https://www.statssa.gov.za/publications/P0211/QLFS%20Trends%202008-2026Q2.xlsx
GT,unemployment,Jan-Mar 2023,34.3,https://www.statssa.gov.za/publications/P0211/QLFS%20Trends%202008-2026Q2.xlsx
GT,unemployment,Apr-Jun 2023,34.4,https://www.statssa.gov.za/publications/P0211/QLFS%20Trends%202008-2026Q2.xlsx
GT,unemployment,Jul-Sep 2023,33.7,https://www.statssa.gov.za/publications/P0211/QLFS%20Trends%202008-2026Q2.xlsx
GT,unemployment,Oct-Dec 2023,33.8,https://www.statssa.gov.za/publications/P0211/QLFS%20Trends%202008-2026Q2.xlsx
GT,unemployment,Jan-Mar 2024,34.2,https://www.statssa.gov.za/publications/P0211/QLFS%20Trends%202008-2026Q2.xlsx
GT,unemployment,Apr-Jun 2024,35.1,https://www.statssa.gov.za/publications/P0211/QLFS%20Trends%202008-2026Q2.xlsx
GT,unemployment,Jul-Sep 2024,34.0,https://www.statssa.gov.za/publications/P0211/QLFS%20Trends%202008-2026Q2.xlsx
GT,unemployment,Oct-Dec 2024,34.4,https://www.statssa.gov.za/publications/P0211/QLFS%20Trends%202008-2026Q2.xlsx
GT,unemployment,Jan-Mar 2025,34.7,https://www.statssa.gov.za/publications/P0211/QLFS%20Trends%202008-2026Q2.xlsx
GT,unemployment,Apr-Jun 2025,33.8,https://www.statssa.gov.za/publications/P0211/QLFS%20Trends%202008-2026Q2.xlsx
GT,unemployment,Jul-Sep 2025,33.1,https://www.statssa.gov.za/publications/P0211/QLFS%20Trends%202008-2026Q2.xlsx
GT,unemployment,Oct-Dec 2025,33.0,https://www.statssa.gov.za/publications/P0211/QLFS%20Trends%202008-2026Q2.xlsx
GT,unemployment,Jan-Mar 2026,34.1,https://www.statssa.gov.za/publications/P0211/QLFS%20Trends%202008-2026Q2.xlsx
GT,unemployment,Apr-Jun 2026,34.6,https://www.statssa.gov.za/publications/P0211/QLFS%20Trends%202008-2026Q2.xlsx
EKU,unemployment,Jan-Mar 2015,30.6,https://www.statssa.gov.za/publications/P0211/QLFS%20Trends%202008-2026Q2.xlsx
EKU,unemployment,Apr-Jun 2015,29.4,https://www.statssa.gov.za/publications/P0211/QLFS%20Trends%202008-2026Q2.xlsx
EKU,unemployment,Jul-Sep 2015,30.3,https://www.statssa.gov.za/publications/P0211/QLFS%20Trends%202008-2026Q2.xlsx
EKU,unemployment,Oct-Dec 2015,30.8,https://www.statssa.gov.za/publications/P0211/QLFS%20Trends%202008-2026Q2.xlsx
EKU,unemployment,Jan-Mar 2016,34.5,https://www.statssa.gov.za/publications/P0211/QLFS%20Trends%202008-2026Q2.xlsx
EKU,unemployment,Apr-Jun 2016,34.6,https://www.statssa.gov.za/publications/P0211/QLFS%20Trends%202008-2026Q2.xlsx
EKU,unemployment,Jul-Sep 2016,31.7,https://www.statssa.gov.za/publications/P0211/QLFS%20Trends%202008-2026Q2.xlsx
EKU,unemployment,Oct-Dec 2016,30.6,https://www.statssa.gov.za/publications/P0211/QLFS%20Trends%202008-2026Q2.xlsx
EKU,unemployment,Jan-Mar 2017,30.8,https://www.statssa.gov.za/publications/P0211/QLFS%20Trends%202008-2026Q2.xlsx
EKU,unemployment,Apr-Jun 2017,31.2,https://www.statssa.gov.za/publications/P0211/QLFS%20Trends%202008-2026Q2.xlsx
EKU,unemployment,Jul-Sep 2017,32.2,https://www.statssa.gov.za/publications/P0211/QLFS%20Trends%202008-2026Q2.xlsx
EKU,unemployment,Oct-Dec 2017,33.6,https://www.statssa.gov.za/publications/P0211/QLFS%20Trends%202008-2026Q2.xlsx
EKU,unemployment,Jan-Mar 2018,30.9,https://www.statssa.gov.za/publications/P0211/QLFS%20Trends%202008-2026Q2.xlsx
EKU,unemployment,Apr-Jun 2018,33.4,https://www.statssa.gov.za/publications/P0211/QLFS%20Trends%202008-2026Q2.xlsx
EKU,unemployment,Jul-Sep 2018,30.9,https://www.statssa.gov.za/publications/P0211/QLFS%20Trends%202008-2026Q2.xlsx
EKU,unemployment,Oct-Dec 2018,31.2,https://www.statssa.gov.za/publications/P0211/QLFS%20Trends%202008-2026Q2.xlsx
EKU,unemployment,Jan-Mar 2019,30.1,https://www.statssa.gov.za/publications/P0211/QLFS%20Trends%202008-2026Q2.xlsx
EKU,unemployment,Apr-Jun 2019,31.8,https://www.statssa.gov.za/publications/P0211/QLFS%20Trends%202008-2026Q2.xlsx
EKU,unemployment,Jul-Sep 2019,31.0,https://www.statssa.gov.za/publications/P0211/QLFS%20Trends%202008-2026Q2.xlsx
EKU,unemployment,Oct-Dec 2019,31.8,https://www.statssa.gov.za/publications/P0211/QLFS%20Trends%202008-2026Q2.xlsx
EKU,unemployment,Jan-Mar 2020,32.4,https://www.statssa.gov.za/publications/P0211/QLFS%20Trends%202008-2026Q2.xlsx
EKU,unemployment,Apr-Jun 2020,25.3,https://www.statssa.gov.za/publications/P0211/QLFS%20Trends%202008-2026Q2.xlsx
EKU,unemployment,Jul-Sep 2020,32.3,https://www.statssa.gov.za/publications/P0211/QLFS%20Trends%202008-2026Q2.xlsx
EKU,unemployment,Oct-Dec 2020,32.6,https://www.statssa.gov.za/publications/P0211/QLFS%20Trends%202008-2026Q2.xlsx
EKU,unemployment,Jan-Mar 2021,34.4,https://www.statssa.gov.za/publications/P0211/QLFS%20Trends%202008-2026Q2.xlsx
EKU,unemployment,Apr-Jun 2021,33.1,https://www.statssa.gov.za/publications/P0211/QLFS%20Trends%202008-2026Q2.xlsx
EKU,unemployment,Jul-Sep 2021,33.7,https://www.statssa.gov.za/publications/P0211/QLFS%20Trends%202008-2026Q2.xlsx
EKU,unemployment,Jan-Mar 2022,30.8,https://www.statssa.gov.za/publications/P0211/QLFS%20Trends%202008-2026Q2.xlsx
EKU,unemployment,Apr-Jun 2022,33.1,https://www.statssa.gov.za/publications/P0211/QLFS%20Trends%202008-2026Q2.xlsx
EKU,unemployment,Jul-Sep 2022,31.5,https://www.statssa.gov.za/publications/P0211/QLFS%20Trends%202008-2026Q2.xlsx
EKU,unemployment,Oct-Dec 2022,30.7,https://www.statssa.gov.za/publications/P0211/QLFS%20Trends%202008-2026Q2.xlsx
EKU,unemployment,Jan-Mar 2023,33.4,https://www.statssa.gov.za/publications/P0211/QLFS%20Trends%202008-2026Q2.xlsx
EKU,unemployment,Apr-Jun 2023,32.3,https://www.statssa.gov.za/publications/P0211/QLFS%20Trends%202008-2026Q2.xlsx
EKU,unemployment,Jul-Sep 2023,29.5,https://www.statssa.gov.za/publications/P0211/QLFS%20Trends%202008-2026Q2.xlsx
EKU,unemployment,Oct-Dec 2023,30.7,https://www.statssa.gov.za/publications/P0211/QLFS%20Trends%202008-2026Q2.xlsx
EKU,unemployment,Jan-Mar 2024,32.8,https://www.statssa.gov.za/publications/P0211/QLFS%20Trends%202008-2026Q2.xlsx
EKU,unemployment,Apr-Jun 2024,33.4,https://www.statssa.gov.za/publications/P0211/QLFS%20Trends%202008-2026Q2.xlsx
EKU,unemployment,Jul-Sep 2024,32.0,https://www.statssa.gov.za/publications/P0211/QLFS%20Trends%202008-2026Q2.xlsx
EKU,unemployment,Oct-Dec 2024,31.1,https://www.statssa.gov.za/publications/P0211/QLFS%20Trends%202008-2026Q2.xlsx
EKU,unemployment,Jan-Mar 2025,32.5,https://www.statssa.gov.za/publications/P0211/QLFS%20Trends%202008-2026Q2.xlsx
EKU,unemployment,Apr-Jun 2025,34.7,https://www.statssa.gov.za/publications/P0211/QLFS%20Trends%202008-2026Q2.xlsx
EKU,unemployment,Jul-Sep 2025,32.1,https://www.statssa.gov.za/publications/P0211/QLFS%20Trends%202008-2026Q2.xlsx
EKU,unemployment,Oct-Dec 2025,32.1,https://www.statssa.gov.za/publications/P0211/QLFS%20Trends%202008-2026Q2.xlsx
EKU,unemployment,Jan-Mar 2026,32.4,https://www.statssa.gov.za/publications/P0211/QLFS%20Trends%202008-2026Q2.xlsx
EKU,unemployment,Apr-Jun 2026,34.6,https://www.statssa.gov.za/publications/P0211/QLFS%20Trends%202008-2026Q2.xlsx
JHB,unemployment,Jan-Mar 2015,26.7,https://www.statssa.gov.za/publications/P0211/QLFS%20Trends%202008-2026Q2.xlsx
JHB,unemployment,Apr-Jun 2015,26.2,https://www.statssa.gov.za/publications/P0211/QLFS%20Trends%202008-2026Q2.xlsx
JHB,unemployment,Jul-Sep 2015,29.7,https://www.statssa.gov.za/publications/P0211/QLFS%20Trends%202008-2026Q2.xlsx
JHB,unemployment,Oct-Dec 2015,27.9,https://www.statssa.gov.za/publications/P0211/QLFS%20Trends%202008-2026Q2.xlsx
JHB,unemployment,Jan-Mar 2016,29.9,https://www.statssa.gov.za/publications/P0211/QLFS%20Trends%202008-2026Q2.xlsx
JHB,unemployment,Apr-Jun 2016,28.4,https://www.statssa.gov.za/publications/P0211/QLFS%20Trends%202008-2026Q2.xlsx
JHB,unemployment,Jul-Sep 2016,28.2,https://www.statssa.gov.za/publications/P0211/QLFS%20Trends%202008-2026Q2.xlsx
JHB,unemployment,Oct-Dec 2016,27.8,https://www.statssa.gov.za/publications/P0211/QLFS%20Trends%202008-2026Q2.xlsx
JHB,unemployment,Jan-Mar 2017,28.3,https://www.statssa.gov.za/publications/P0211/QLFS%20Trends%202008-2026Q2.xlsx
JHB,unemployment,Apr-Jun 2017,30.1,https://www.statssa.gov.za/publications/P0211/QLFS%20Trends%202008-2026Q2.xlsx
JHB,unemployment,Jul-Sep 2017,29.6,https://www.statssa.gov.za/publications/P0211/QLFS%20Trends%202008-2026Q2.xlsx
JHB,unemployment,Oct-Dec 2017,28.2,https://www.statssa.gov.za/publications/P0211/QLFS%20Trends%202008-2026Q2.xlsx
JHB,unemployment,Jan-Mar 2018,28.8,https://www.statssa.gov.za/publications/P0211/QLFS%20Trends%202008-2026Q2.xlsx
JHB,unemployment,Apr-Jun 2018,28.5,https://www.statssa.gov.za/publications/P0211/QLFS%20Trends%202008-2026Q2.xlsx
JHB,unemployment,Jul-Sep 2018,29.2,https://www.statssa.gov.za/publications/P0211/QLFS%20Trends%202008-2026Q2.xlsx
JHB,unemployment,Oct-Dec 2018,29.0,https://www.statssa.gov.za/publications/P0211/QLFS%20Trends%202008-2026Q2.xlsx
JHB,unemployment,Jan-Mar 2019,29.8,https://www.statssa.gov.za/publications/P0211/QLFS%20Trends%202008-2026Q2.xlsx
JHB,unemployment,Apr-Jun 2019,30.7,https://www.statssa.gov.za/publications/P0211/QLFS%20Trends%202008-2026Q2.xlsx
JHB,unemployment,Jul-Sep 2019,32.4,https://www.statssa.gov.za/publications/P0211/QLFS%20Trends%202008-2026Q2.xlsx
JHB,unemployment,Oct-Dec 2019,32.7,https://www.statssa.gov.za/publications/P0211/QLFS%20Trends%202008-2026Q2.xlsx
JHB,unemployment,Jan-Mar 2020,32.7,https://www.statssa.gov.za/publications/P0211/QLFS%20Trends%202008-2026Q2.xlsx
JHB,unemployment,Apr-Jun 2020,29.2,https://www.statssa.gov.za/publications/P0211/QLFS%20Trends%202008-2026Q2.xlsx
JHB,unemployment,Jul-Sep 2020,33.5,https://www.statssa.gov.za/publications/P0211/QLFS%20Trends%202008-2026Q2.xlsx
JHB,unemployment,Oct-Dec 2020,35.1,https://www.statssa.gov.za/publications/P0211/QLFS%20Trends%202008-2026Q2.xlsx
JHB,unemployment,Jan-Mar 2021,34.1,https://www.statssa.gov.za/publications/P0211/QLFS%20Trends%202008-2026Q2.xlsx
JHB,unemployment,Apr-Jun 2021,37.3,https://www.statssa.gov.za/publications/P0211/QLFS%20Trends%202008-2026Q2.xlsx
JHB,unemployment,Jul-Sep 2021,40.8,https://www.statssa.gov.za/publications/P0211/QLFS%20Trends%202008-2026Q2.xlsx
JHB,unemployment,Jan-Mar 2022,39.1,https://www.statssa.gov.za/publications/P0211/QLFS%20Trends%202008-2026Q2.xlsx
JHB,unemployment,Apr-Jun 2022,34.6,https://www.statssa.gov.za/publications/P0211/QLFS%20Trends%202008-2026Q2.xlsx
JHB,unemployment,Jul-Sep 2022,33.5,https://www.statssa.gov.za/publications/P0211/QLFS%20Trends%202008-2026Q2.xlsx
JHB,unemployment,Oct-Dec 2022,32.6,https://www.statssa.gov.za/publications/P0211/QLFS%20Trends%202008-2026Q2.xlsx
JHB,unemployment,Jan-Mar 2023,32.7,https://www.statssa.gov.za/publications/P0211/QLFS%20Trends%202008-2026Q2.xlsx
JHB,unemployment,Apr-Jun 2023,33.5,https://www.statssa.gov.za/publications/P0211/QLFS%20Trends%202008-2026Q2.xlsx
JHB,unemployment,Jul-Sep 2023,32.6,https://www.statssa.gov.za/publications/P0211/QLFS%20Trends%202008-2026Q2.xlsx
JHB,unemployment,Oct-Dec 2023,33.1,https://www.statssa.gov.za/publications/P0211/QLFS%20Trends%202008-2026Q2.xlsx
JHB,unemployment,Jan-Mar 2024,32.5,https://www.statssa.gov.za/publications/P0211/QLFS%20Trends%202008-2026Q2.xlsx
JHB,unemployment,Apr-Jun 2024,34.3,https://www.statssa.gov.za/publications/P0211/QLFS%20Trends%202008-2026Q2.xlsx
JHB,unemployment,Jul-Sep 2024,33.7,https://www.statssa.gov.za/publications/P0211/QLFS%20Trends%202008-2026Q2.xlsx
JHB,unemployment,Oct-Dec 2024,34.7,https://www.statssa.gov.za/publications/P0211/QLFS%20Trends%202008-2026Q2.xlsx
JHB,unemployment,Jan-Mar 2025,34.3,https://www.statssa.gov.za/publications/P0211/QLFS%20Trends%202008-2026Q2.xlsx
JHB,unemployment,Apr-Jun 2025,33.0,https://www.statssa.gov.za/publications/P0211/QLFS%20Trends%202008-2026Q2.xlsx
JHB,unemployment,Jul-Sep 2025,34.6,https://www.statssa.gov.za/publications/P0211/QLFS%20Trends%202008-2026Q2.xlsx
JHB,unemployment,Oct-Dec 2025,33.8,https://www.statssa.gov.za/publications/P0211/QLFS%20Trends%202008-2026Q2.xlsx
JHB,unemployment,Jan-Mar 2026,34.7,https://www.statssa.gov.za/publications/P0211/QLFS%20Trends%202008-2026Q2.xlsx
JHB,unemployment,Apr-Jun 2026,35.9,https://www.statssa.gov.za/publications/P0211/QLFS%20Trends%202008-2026Q2.xlsx
TSH,unemployment,Jan-Mar 2015,27.6,https://www.statssa.gov.za/publications/P0211/QLFS%20Trends%202008-2026Q2.xlsx
TSH,unemployment,Apr-Jun 2015,24.6,https://www.statssa.gov.za/publications/P0211/QLFS%20Trends%202008-2026Q2.xlsx
TSH,unemployment,Jul-Sep 2015,24.7,https://www.statssa.gov.za/publications/P0211/QLFS%20Trends%202008-2026Q2.xlsx
TSH,unemployment,Oct-Dec 2015,23.4,https://www.statssa.gov.za/publications/P0211/QLFS%20Trends%202008-2026Q2.xlsx
TSH,unemployment,Jan-Mar 2016,26.0,https://www.statssa.gov.za/publications/P0211/QLFS%20Trends%202008-2026Q2.xlsx
TSH,unemployment,Apr-Jun 2016,25.1,https://www.statssa.gov.za/publications/P0211/QLFS%20Trends%202008-2026Q2.xlsx
TSH,unemployment,Jul-Sep 2016,26.2,https://www.statssa.gov.za/publications/P0211/QLFS%20Trends%202008-2026Q2.xlsx
TSH,unemployment,Oct-Dec 2016,25.7,https://www.statssa.gov.za/publications/P0211/QLFS%20Trends%202008-2026Q2.xlsx
TSH,unemployment,Jan-Mar 2017,28.3,https://www.statssa.gov.za/publications/P0211/QLFS%20Trends%202008-2026Q2.xlsx
TSH,unemployment,Apr-Jun 2017,27.2,https://www.statssa.gov.za/publications/P0211/QLFS%20Trends%202008-2026Q2.xlsx
TSH,unemployment,Jul-Sep 2017,27.9,https://www.statssa.gov.za/publications/P0211/QLFS%20Trends%202008-2026Q2.xlsx
TSH,unemployment,Oct-Dec 2017,26.9,https://www.statssa.gov.za/publications/P0211/QLFS%20Trends%202008-2026Q2.xlsx
TSH,unemployment,Jan-Mar 2018,26.0,https://www.statssa.gov.za/publications/P0211/QLFS%20Trends%202008-2026Q2.xlsx
TSH,unemployment,Apr-Jun 2018,28.7,https://www.statssa.gov.za/publications/P0211/QLFS%20Trends%202008-2026Q2.xlsx
TSH,unemployment,Jul-Sep 2018,29.4,https://www.statssa.gov.za/publications/P0211/QLFS%20Trends%202008-2026Q2.xlsx
TSH,unemployment,Oct-Dec 2018,28.0,https://www.statssa.gov.za/publications/P0211/QLFS%20Trends%202008-2026Q2.xlsx
TSH,unemployment,Jan-Mar 2019,26.4,https://www.statssa.gov.za/publications/P0211/QLFS%20Trends%202008-2026Q2.xlsx
TSH,unemployment,Apr-Jun 2019,29.9,https://www.statssa.gov.za/publications/P0211/QLFS%20Trends%202008-2026Q2.xlsx
TSH,unemployment,Jul-Sep 2019,28.4,https://www.statssa.gov.za/publications/P0211/QLFS%20Trends%202008-2026Q2.xlsx
TSH,unemployment,Oct-Dec 2019,27.5,https://www.statssa.gov.za/publications/P0211/QLFS%20Trends%202008-2026Q2.xlsx
TSH,unemployment,Jan-Mar 2020,29.2,https://www.statssa.gov.za/publications/P0211/QLFS%20Trends%202008-2026Q2.xlsx
TSH,unemployment,Apr-Jun 2020,24.8,https://www.statssa.gov.za/publications/P0211/QLFS%20Trends%202008-2026Q2.xlsx
TSH,unemployment,Jul-Sep 2020,38.7,https://www.statssa.gov.za/publications/P0211/QLFS%20Trends%202008-2026Q2.xlsx
TSH,unemployment,Oct-Dec 2020,37.0,https://www.statssa.gov.za/publications/P0211/QLFS%20Trends%202008-2026Q2.xlsx
TSH,unemployment,Jan-Mar 2021,36.7,https://www.statssa.gov.za/publications/P0211/QLFS%20Trends%202008-2026Q2.xlsx
TSH,unemployment,Apr-Jun 2021,35.8,https://www.statssa.gov.za/publications/P0211/QLFS%20Trends%202008-2026Q2.xlsx
TSH,unemployment,Jul-Sep 2021,36.1,https://www.statssa.gov.za/publications/P0211/QLFS%20Trends%202008-2026Q2.xlsx
TSH,unemployment,Jan-Mar 2022,38.2,https://www.statssa.gov.za/publications/P0211/QLFS%20Trends%202008-2026Q2.xlsx
TSH,unemployment,Apr-Jun 2022,34.7,https://www.statssa.gov.za/publications/P0211/QLFS%20Trends%202008-2026Q2.xlsx
TSH,unemployment,Jul-Sep 2022,34.2,https://www.statssa.gov.za/publications/P0211/QLFS%20Trends%202008-2026Q2.xlsx
TSH,unemployment,Oct-Dec 2022,34.7,https://www.statssa.gov.za/publications/P0211/QLFS%20Trends%202008-2026Q2.xlsx
TSH,unemployment,Jan-Mar 2023,35.0,https://www.statssa.gov.za/publications/P0211/QLFS%20Trends%202008-2026Q2.xlsx
TSH,unemployment,Apr-Jun 2023,35.0,https://www.statssa.gov.za/publications/P0211/QLFS%20Trends%202008-2026Q2.xlsx
TSH,unemployment,Jul-Sep 2023,34.9,https://www.statssa.gov.za/publications/P0211/QLFS%20Trends%202008-2026Q2.xlsx
TSH,unemployment,Oct-Dec 2023,35.0,https://www.statssa.gov.za/publications/P0211/QLFS%20Trends%202008-2026Q2.xlsx
TSH,unemployment,Jan-Mar 2024,35.1,https://www.statssa.gov.za/publications/P0211/QLFS%20Trends%202008-2026Q2.xlsx
TSH,unemployment,Apr-Jun 2024,35.3,https://www.statssa.gov.za/publications/P0211/QLFS%20Trends%202008-2026Q2.xlsx
TSH,unemployment,Jul-Sep 2024,33.9,https://www.statssa.gov.za/publications/P0211/QLFS%20Trends%202008-2026Q2.xlsx
TSH,unemployment,Oct-Dec 2024,32.8,https://www.statssa.gov.za/publications/P0211/QLFS%20Trends%202008-2026Q2.xlsx
TSH,unemployment,Jan-Mar 2025,33.5,https://www.statssa.gov.za/publications/P0211/QLFS%20Trends%202008-2026Q2.xlsx
TSH,unemployment,Apr-Jun 2025,30.8,https://www.statssa.gov.za/publications/P0211/QLFS%20Trends%202008-2026Q2.xlsx
TSH,unemployment,Jul-Sep 2025,31.2,https://www.statssa.gov.za/publications/P0211/QLFS%20Trends%202008-2026Q2.xlsx
TSH,unemployment,Oct-Dec 2025,33.4,https://www.statssa.gov.za/publications/P0211/QLFS%20Trends%202008-2026Q2.xlsx
TSH,unemployment,Jan-Mar 2026,36.8,https://www.statssa.gov.za/publications/P0211/QLFS%20Trends%202008-2026Q2.xlsx
TSH,unemployment,Apr-Jun 2026,34.2,https://www.statssa.gov.za/publications/P0211/QLFS%20Trends%202008-2026Q2.xlsx
MP,unemployment,Jan-Mar 2008,23.6,https://www.statssa.gov.za/publications/P0211/QLFS%20Trends%202008-2026Q2.xlsx
MP,unemployment,Apr-Jun 2008,24.5,https://www.statssa.gov.za/publications/P0211/QLFS%20Trends%202008-2026Q2.xlsx
MP,unemployment,Jul-Sep 2008,23.0,https://www.statssa.gov.za/publications/P0211/QLFS%20Trends%202008-2026Q2.xlsx
MP,unemployment,Oct-Dec 2008,22.5,https://www.statssa.gov.za/publications/P0211/QLFS%20Trends%202008-2026Q2.xlsx
MP,unemployment,Jan-Mar 2009,24.3,https://www.statssa.gov.za/publications/P0211/QLFS%20Trends%202008-2026Q2.xlsx
MP,unemployment,Apr-Jun 2009,26.2,https://www.statssa.gov.za/publications/P0211/QLFS%20Trends%202008-2026Q2.xlsx
MP,unemployment,Jul-Sep 2009,25.3,https://www.statssa.gov.za/publications/P0211/QLFS%20Trends%202008-2026Q2.xlsx
MP,unemployment,Oct-Dec 2009,26.1,https://www.statssa.gov.za/publications/P0211/QLFS%20Trends%202008-2026Q2.xlsx
MP,unemployment,Jan-Mar 2010,28.5,https://www.statssa.gov.za/publications/P0211/QLFS%20Trends%202008-2026Q2.xlsx
MP,unemployment,Apr-Jun 2010,27.5,https://www.statssa.gov.za/publications/P0211/QLFS%20Trends%202008-2026Q2.xlsx
MP,unemployment,Jul-Sep 2010,28.4,https://www.statssa.gov.za/publications/P0211/QLFS%20Trends%202008-2026Q2.xlsx
MP,unemployment,Oct-Dec 2010,28.5,https://www.statssa.gov.za/publications/P0211/QLFS%20Trends%202008-2026Q2.xlsx
MP,unemployment,Jan-Mar 2011,30.6,https://www.statssa.gov.za/publications/P0211/QLFS%20Trends%202008-2026Q2.xlsx
MP,unemployment,Apr-Jun 2011,30.3,https://www.statssa.gov.za/publications/P0211/QLFS%20Trends%202008-2026Q2.xlsx
MP,unemployment,Jul-Sep 2011,28.6,https://www.statssa.gov.za/publications/P0211/QLFS%20Trends%202008-2026Q2.xlsx
MP,unemployment,Oct-Dec 2011,27.4,https://www.statssa.gov.za/publications/P0211/QLFS%20Trends%202008-2026Q2.xlsx
MP,unemployment,Jan-Mar 2012,29.8,https://www.statssa.gov.za/publications/P0211/QLFS%20Trends%202008-2026Q2.xlsx
MP,unemployment,Apr-Jun 2012,28.5,https://www.statssa.gov.za/publications/P0211/QLFS%20Trends%202008-2026Q2.xlsx
MP,unemployment,Jul-Sep 2012,30.5,https://www.statssa.gov.za/publications/P0211/QLFS%20Trends%202008-2026Q2.xlsx
MP,unemployment,Oct-Dec 2012,29.1,https://www.statssa.gov.za/publications/P0211/QLFS%20Trends%202008-2026Q2.xlsx
MP,unemployment,Jan-Mar 2013,29.1,https://www.statssa.gov.za/publications/P0211/QLFS%20Trends%202008-2026Q2.xlsx
MP,unemployment,Apr-Jun 2013,29.0,https://www.statssa.gov.za/publications/P0211/QLFS%20Trends%202008-2026Q2.xlsx
MP,unemployment,Jul-Sep 2013,26.5,https://www.statssa.gov.za/publications/P0211/QLFS%20Trends%202008-2026Q2.xlsx
MP,unemployment,Oct-Dec 2013,27.2,https://www.statssa.gov.za/publications/P0211/QLFS%20Trends%202008-2026Q2.xlsx
MP,unemployment,Jan-Mar 2014,30.4,https://www.statssa.gov.za/publications/P0211/QLFS%20Trends%202008-2026Q2.xlsx
MP,unemployment,Apr-Jun 2014,29.5,https://www.statssa.gov.za/publications/P0211/QLFS%20Trends%202008-2026Q2.xlsx
MP,unemployment,Jul-Sep 2014,29.3,https://www.statssa.gov.za/publications/P0211/QLFS%20Trends%202008-2026Q2.xlsx
MP,unemployment,Oct-Dec 2014,26.6,https://www.statssa.gov.za/publications/P0211/QLFS%20Trends%202008-2026Q2.xlsx
MP,unemployment,Jan-Mar 2015,28.4,https://www.statssa.gov.za/publications/P0211/QLFS%20Trends%202008-2026Q2.xlsx
MP,unemployment,Apr-Jun 2015,27.2,https://www.statssa.gov.za/publications/P0211/QLFS%20Trends%202008-2026Q2.xlsx
MP,unemployment,Jul-Sep 2015,26.2,https://www.statssa.gov.za/publications/P0211/QLFS%20Trends%202008-2026Q2.xlsx
MP,unemployment,Oct-Dec 2015,25.7,https://www.statssa.gov.za/publications/P0211/QLFS%20Trends%202008-2026Q2.xlsx
MP,unemployment,Jan-Mar 2016,29.8,https://www.statssa.gov.za/publications/P0211/QLFS%20Trends%202008-2026Q2.xlsx
MP,unemployment,Apr-Jun 2016,28.8,https://www.statssa.gov.za/publications/P0211/QLFS%20Trends%202008-2026Q2.xlsx
MP,unemployment,Jul-Sep 2016,30.4,https://www.statssa.gov.za/publications/P0211/QLFS%20Trends%202008-2026Q2.xlsx
MP,unemployment,Oct-Dec 2016,31.0,https://www.statssa.gov.za/publications/P0211/QLFS%20Trends%202008-2026Q2.xlsx
MP,unemployment,Jan-Mar 2017,31.5,https://www.statssa.gov.za/publications/P0211/QLFS%20Trends%202008-2026Q2.xlsx
MP,unemployment,Apr-Jun 2017,32.3,https://www.statssa.gov.za/publications/P0211/QLFS%20Trends%202008-2026Q2.xlsx
MP,unemployment,Jul-Sep 2017,30.7,https://www.statssa.gov.za/publications/P0211/QLFS%20Trends%202008-2026Q2.xlsx
MP,unemployment,Oct-Dec 2017,28.9,https://www.statssa.gov.za/publications/P0211/QLFS%20Trends%202008-2026Q2.xlsx
MP,unemployment,Jan-Mar 2018,32.4,https://www.statssa.gov.za/publications/P0211/QLFS%20Trends%202008-2026Q2.xlsx
MP,unemployment,Apr-Jun 2018,33.2,https://www.statssa.gov.za/publications/P0211/QLFS%20Trends%202008-2026Q2.xlsx
MP,unemployment,Jul-Sep 2018,32.5,https://www.statssa.gov.za/publications/P0211/QLFS%20Trends%202008-2026Q2.xlsx
MP,unemployment,Oct-Dec 2018,32.0,https://www.statssa.gov.za/publications/P0211/QLFS%20Trends%202008-2026Q2.xlsx
MP,unemployment,Jan-Mar 2019,34.2,https://www.statssa.gov.za/publications/P0211/QLFS%20Trends%202008-2026Q2.xlsx
MP,unemployment,Apr-Jun 2019,34.7,https://www.statssa.gov.za/publications/P0211/QLFS%20Trends%202008-2026Q2.xlsx
MP,unemployment,Jul-Sep 2019,35.3,https://www.statssa.gov.za/publications/P0211/QLFS%20Trends%202008-2026Q2.xlsx
MP,unemployment,Oct-Dec 2019,33.6,https://www.statssa.gov.za/publications/P0211/QLFS%20Trends%202008-2026Q2.xlsx
MP,unemployment,Jan-Mar 2020,33.3,https://www.statssa.gov.za/publications/P0211/QLFS%20Trends%202008-2026Q2.xlsx
MP,unemployment,Apr-Jun 2020,13.3,https://www.statssa.gov.za/publications/P0211/QLFS%20Trends%202008-2026Q2.xlsx
MP,unemployment,Jul-Sep 2020,27.8,https://www.statssa.gov.za/publications/P0211/QLFS%20Trends%202008-2026Q2.xlsx
MP,unemployment,Oct-Dec 2020,33.0,https://www.statssa.gov.za/publications/P0211/QLFS%20Trends%202008-2026Q2.xlsx
MP,unemployment,Jan-Mar 2021,33.5,https://www.statssa.gov.za/publications/P0211/QLFS%20Trends%202008-2026Q2.xlsx
MP,unemployment,Apr-Jun 2021,35.2,https://www.statssa.gov.za/publications/P0211/QLFS%20Trends%202008-2026Q2.xlsx
MP,unemployment,Jul-Sep 2021,37.5,https://www.statssa.gov.za/publications/P0211/QLFS%20Trends%202008-2026Q2.xlsx
MP,unemployment,Oct-Dec 2021,39.7,https://www.statssa.gov.za/publications/P0211/QLFS%20Trends%202008-2026Q2.xlsx
MP,unemployment,Jan-Mar 2022,38.6,https://www.statssa.gov.za/publications/P0211/QLFS%20Trends%202008-2026Q2.xlsx
MP,unemployment,Apr-Jun 2022,36.1,https://www.statssa.gov.za/publications/P0211/QLFS%20Trends%202008-2026Q2.xlsx
MP,unemployment,Jul-Sep 2022,35.1,https://www.statssa.gov.za/publications/P0211/QLFS%20Trends%202008-2026Q2.xlsx
MP,unemployment,Oct-Dec 2022,36.1,https://www.statssa.gov.za/publications/P0211/QLFS%20Trends%202008-2026Q2.xlsx
MP,unemployment,Jan-Mar 2023,38.5,https://www.statssa.gov.za/publications/P0211/QLFS%20Trends%202008-2026Q2.xlsx
MP,unemployment,Apr-Jun 2023,38.4,https://www.statssa.gov.za/publications/P0211/QLFS%20Trends%202008-2026Q2.xlsx
MP,unemployment,Jul-Sep 2023,35.5,https://www.statssa.gov.za/publications/P0211/QLFS%20Trends%202008-2026Q2.xlsx
MP,unemployment,Oct-Dec 2023,34.9,https://www.statssa.gov.za/publications/P0211/QLFS%20Trends%202008-2026Q2.xlsx
MP,unemployment,Jan-Mar 2024,36.2,https://www.statssa.gov.za/publications/P0211/QLFS%20Trends%202008-2026Q2.xlsx
MP,unemployment,Apr-Jun 2024,37.4,https://www.statssa.gov.za/publications/P0211/QLFS%20Trends%202008-2026Q2.xlsx
MP,unemployment,Jul-Sep 2024,36.2,https://www.statssa.gov.za/publications/P0211/QLFS%20Trends%202008-2026Q2.xlsx
MP,unemployment,Oct-Dec 2024,34.7,https://www.statssa.gov.za/publications/P0211/QLFS%20Trends%202008-2026Q2.xlsx
MP,unemployment,Jan-Mar 2025,35.4,https://www.statssa.gov.za/publications/P0211/QLFS%20Trends%202008-2026Q2.xlsx
MP,unemployment,Apr-Jun 2025,34.0,https://www.statssa.gov.za/publications/P0211/QLFS%20Trends%202008-2026Q2.xlsx
MP,unemployment,Jul-Sep 2025,34.0,https://www.statssa.gov.za/publications/P0211/QLFS%20Trends%202008-2026Q2.xlsx
MP,unemployment,Oct-Dec 2025,32.3,https://www.statssa.gov.za/publications/P0211/QLFS%20Trends%202008-2026Q2.xlsx
MP,unemployment,Jan-Mar 2026,36.3,https://www.statssa.gov.za/publications/P0211/QLFS%20Trends%202008-2026Q2.xlsx
MP,unemployment,Apr-Jun 2026,36.6,https://www.statssa.gov.za/publications/P0211/QLFS%20Trends%202008-2026Q2.xlsx
LIM,unemployment,Jan-Mar 2008,31.1,https://www.statssa.gov.za/publications/P0211/QLFS%20Trends%202008-2026Q2.xlsx
LIM,unemployment,Apr-Jun 2008,30.2,https://www.statssa.gov.za/publications/P0211/QLFS%20Trends%202008-2026Q2.xlsx
LIM,unemployment,Jul-Sep 2008,29.2,https://www.statssa.gov.za/publications/P0211/QLFS%20Trends%202008-2026Q2.xlsx
LIM,unemployment,Oct-Dec 2008,28.3,https://www.statssa.gov.za/publications/P0211/QLFS%20Trends%202008-2026Q2.xlsx
LIM,unemployment,Jan-Mar 2009,27.6,https://www.statssa.gov.za/publications/P0211/QLFS%20Trends%202008-2026Q2.xlsx
LIM,unemployment,Apr-Jun 2009,24.6,https://www.statssa.gov.za/publications/P0211/QLFS%20Trends%202008-2026Q2.xlsx
LIM,unemployment,Jul-Sep 2009,25.1,https://www.statssa.gov.za/publications/P0211/QLFS%20Trends%202008-2026Q2.xlsx
LIM,unemployment,Oct-Dec 2009,26.3,https://www.statssa.gov.za/publications/P0211/QLFS%20Trends%202008-2026Q2.xlsx
LIM,unemployment,Jan-Mar 2010,26.1,https://www.statssa.gov.za/publications/P0211/QLFS%20Trends%202008-2026Q2.xlsx
LIM,unemployment,Apr-Jun 2010,22.1,https://www.statssa.gov.za/publications/P0211/QLFS%20Trends%202008-2026Q2.xlsx
LIM,unemployment,Jul-Sep 2010,24.7,https://www.statssa.gov.za/publications/P0211/QLFS%20Trends%202008-2026Q2.xlsx
LIM,unemployment,Oct-Dec 2010,16.8,https://www.statssa.gov.za/publications/P0211/QLFS%20Trends%202008-2026Q2.xlsx
LIM,unemployment,Jan-Mar 2011,19.0,https://www.statssa.gov.za/publications/P0211/QLFS%20Trends%202008-2026Q2.xlsx
LIM,unemployment,Apr-Jun 2011,20.8,https://www.statssa.gov.za/publications/P0211/QLFS%20Trends%202008-2026Q2.xlsx
LIM,unemployment,Jul-Sep 2011,19.0,https://www.statssa.gov.za/publications/P0211/QLFS%20Trends%202008-2026Q2.xlsx
LIM,unemployment,Oct-Dec 2011,19.8,https://www.statssa.gov.za/publications/P0211/QLFS%20Trends%202008-2026Q2.xlsx
LIM,unemployment,Jan-Mar 2012,21.5,https://www.statssa.gov.za/publications/P0211/QLFS%20Trends%202008-2026Q2.xlsx
LIM,unemployment,Apr-Jun 2012,19.6,https://www.statssa.gov.za/publications/P0211/QLFS%20Trends%202008-2026Q2.xlsx
LIM,unemployment,Jul-Sep 2012,21.6,https://www.statssa.gov.za/publications/P0211/QLFS%20Trends%202008-2026Q2.xlsx
LIM,unemployment,Oct-Dec 2012,19.1,https://www.statssa.gov.za/publications/P0211/QLFS%20Trends%202008-2026Q2.xlsx
LIM,unemployment,Jan-Mar 2013,20.1,https://www.statssa.gov.za/publications/P0211/QLFS%20Trends%202008-2026Q2.xlsx
LIM,unemployment,Apr-Jun 2013,17.8,https://www.statssa.gov.za/publications/P0211/QLFS%20Trends%202008-2026Q2.xlsx
LIM,unemployment,Jul-Sep 2013,17.2,https://www.statssa.gov.za/publications/P0211/QLFS%20Trends%202008-2026Q2.xlsx
LIM,unemployment,Oct-Dec 2013,16.9,https://www.statssa.gov.za/publications/P0211/QLFS%20Trends%202008-2026Q2.xlsx
LIM,unemployment,Jan-Mar 2014,18.4,https://www.statssa.gov.za/publications/P0211/QLFS%20Trends%202008-2026Q2.xlsx
LIM,unemployment,Apr-Jun 2014,15.9,https://www.statssa.gov.za/publications/P0211/QLFS%20Trends%202008-2026Q2.xlsx
LIM,unemployment,Jul-Sep 2014,15.9,https://www.statssa.gov.za/publications/P0211/QLFS%20Trends%202008-2026Q2.xlsx
LIM,unemployment,Oct-Dec 2014,15.9,https://www.statssa.gov.za/publications/P0211/QLFS%20Trends%202008-2026Q2.xlsx
LIM,unemployment,Jan-Mar 2015,20.1,https://www.statssa.gov.za/publications/P0211/QLFS%20Trends%202008-2026Q2.xlsx
LIM,unemployment,Apr-Jun 2015,18.9,https://www.statssa.gov.za/publications/P0211/QLFS%20Trends%202008-2026Q2.xlsx
LIM,unemployment,Jul-Sep 2015,18.8,https://www.statssa.gov.za/publications/P0211/QLFS%20Trends%202008-2026Q2.xlsx
LIM,unemployment,Oct-Dec 2015,19.8,https://www.statssa.gov.za/publications/P0211/QLFS%20Trends%202008-2026Q2.xlsx
LIM,unemployment,Jan-Mar 2016,18.3,https://www.statssa.gov.za/publications/P0211/QLFS%20Trends%202008-2026Q2.xlsx
LIM,unemployment,Apr-Jun 2016,20.6,https://www.statssa.gov.za/publications/P0211/QLFS%20Trends%202008-2026Q2.xlsx
LIM,unemployment,Jul-Sep 2016,21.9,https://www.statssa.gov.za/publications/P0211/QLFS%20Trends%202008-2026Q2.xlsx
LIM,unemployment,Oct-Dec 2016,19.3,https://www.statssa.gov.za/publications/P0211/QLFS%20Trends%202008-2026Q2.xlsx
LIM,unemployment,Jan-Mar 2017,21.6,https://www.statssa.gov.za/publications/P0211/QLFS%20Trends%202008-2026Q2.xlsx
LIM,unemployment,Apr-Jun 2017,20.8,https://www.statssa.gov.za/publications/P0211/QLFS%20Trends%202008-2026Q2.xlsx
LIM,unemployment,Jul-Sep 2017,19.1,https://www.statssa.gov.za/publications/P0211/QLFS%20Trends%202008-2026Q2.xlsx
LIM,unemployment,Oct-Dec 2017,19.6,https://www.statssa.gov.za/publications/P0211/QLFS%20Trends%202008-2026Q2.xlsx
LIM,unemployment,Jan-Mar 2018,19.9,https://www.statssa.gov.za/publications/P0211/QLFS%20Trends%202008-2026Q2.xlsx
LIM,unemployment,Apr-Jun 2018,19.3,https://www.statssa.gov.za/publications/P0211/QLFS%20Trends%202008-2026Q2.xlsx
LIM,unemployment,Jul-Sep 2018,18.9,https://www.statssa.gov.za/publications/P0211/QLFS%20Trends%202008-2026Q2.xlsx
LIM,unemployment,Oct-Dec 2018,16.5,https://www.statssa.gov.za/publications/P0211/QLFS%20Trends%202008-2026Q2.xlsx
LIM,unemployment,Jan-Mar 2019,18.5,https://www.statssa.gov.za/publications/P0211/QLFS%20Trends%202008-2026Q2.xlsx
LIM,unemployment,Apr-Jun 2019,20.3,https://www.statssa.gov.za/publications/P0211/QLFS%20Trends%202008-2026Q2.xlsx
LIM,unemployment,Jul-Sep 2019,21.4,https://www.statssa.gov.za/publications/P0211/QLFS%20Trends%202008-2026Q2.xlsx
LIM,unemployment,Oct-Dec 2019,23.1,https://www.statssa.gov.za/publications/P0211/QLFS%20Trends%202008-2026Q2.xlsx
LIM,unemployment,Jan-Mar 2020,23.6,https://www.statssa.gov.za/publications/P0211/QLFS%20Trends%202008-2026Q2.xlsx
LIM,unemployment,Apr-Jun 2020,21.9,https://www.statssa.gov.za/publications/P0211/QLFS%20Trends%202008-2026Q2.xlsx
LIM,unemployment,Jul-Sep 2020,26.3,https://www.statssa.gov.za/publications/P0211/QLFS%20Trends%202008-2026Q2.xlsx
LIM,unemployment,Oct-Dec 2020,27.3,https://www.statssa.gov.za/publications/P0211/QLFS%20Trends%202008-2026Q2.xlsx
LIM,unemployment,Jan-Mar 2021,29.4,https://www.statssa.gov.za/publications/P0211/QLFS%20Trends%202008-2026Q2.xlsx
LIM,unemployment,Apr-Jun 2021,30.4,https://www.statssa.gov.za/publications/P0211/QLFS%20Trends%202008-2026Q2.xlsx
LIM,unemployment,Jul-Sep 2021,32.5,https://www.statssa.gov.za/publications/P0211/QLFS%20Trends%202008-2026Q2.xlsx
LIM,unemployment,Oct-Dec 2021,33.9,https://www.statssa.gov.za/publications/P0211/QLFS%20Trends%202008-2026Q2.xlsx
LIM,unemployment,Jan-Mar 2022,35.6,https://www.statssa.gov.za/publications/P0211/QLFS%20Trends%202008-2026Q2.xlsx
LIM,unemployment,Apr-Jun 2022,36.3,https://www.statssa.gov.za/publications/P0211/QLFS%20Trends%202008-2026Q2.xlsx
LIM,unemployment,Jul-Sep 2022,31.0,https://www.statssa.gov.za/publications/P0211/QLFS%20Trends%202008-2026Q2.xlsx
LIM,unemployment,Oct-Dec 2022,31.8,https://www.statssa.gov.za/publications/P0211/QLFS%20Trends%202008-2026Q2.xlsx
LIM,unemployment,Jan-Mar 2023,33.6,https://www.statssa.gov.za/publications/P0211/QLFS%20Trends%202008-2026Q2.xlsx
LIM,unemployment,Apr-Jun 2023,31.6,https://www.statssa.gov.za/publications/P0211/QLFS%20Trends%202008-2026Q2.xlsx
LIM,unemployment,Jul-Sep 2023,30.8,https://www.statssa.gov.za/publications/P0211/QLFS%20Trends%202008-2026Q2.xlsx
LIM,unemployment,Oct-Dec 2023,30.3,https://www.statssa.gov.za/publications/P0211/QLFS%20Trends%202008-2026Q2.xlsx
LIM,unemployment,Jan-Mar 2024,32.7,https://www.statssa.gov.za/publications/P0211/QLFS%20Trends%202008-2026Q2.xlsx
LIM,unemployment,Apr-Jun 2024,31.4,https://www.statssa.gov.za/publications/P0211/QLFS%20Trends%202008-2026Q2.xlsx
LIM,unemployment,Jul-Sep 2024,32.6,https://www.statssa.gov.za/publications/P0211/QLFS%20Trends%202008-2026Q2.xlsx
LIM,unemployment,Oct-Dec 2024,31.9,https://www.statssa.gov.za/publications/P0211/QLFS%20Trends%202008-2026Q2.xlsx
LIM,unemployment,Jan-Mar 2025,33.3,https://www.statssa.gov.za/publications/P0211/QLFS%20Trends%202008-2026Q2.xlsx
LIM,unemployment,Apr-Jun 2025,35.0,https://www.statssa.gov.za/publications/P0211/QLFS%20Trends%202008-2026Q2.xlsx
LIM,unemployment,Jul-Sep 2025,29.8,https://www.statssa.gov.za/publications/P0211/QLFS%20Trends%202008-2026Q2.xlsx
LIM,unemployment,Oct-Dec 2025,28.2,https://www.statssa.gov.za/publications/P0211/QLFS%20Trends%202008-2026Q2.xlsx
LIM,unemployment,Jan-Mar 2026,31.7,https://www.statssa.gov.za/publications/P0211/QLFS%20Trends%202008-2026Q2.xlsx
LIM,unemployment,Apr-Jun 2026,32.0,https://www.statssa.gov.za/publications/P0211/QLFS%20Trends%202008-2026Q2.xlsx
ZA:15-64,labour_force,Jan-Mar 2008,18808.4768514951,https://www.statssa.gov.za/publications/P0211/QLFS%20Trends%202008-2026Q2.xlsx
ZA:15-64,labour_force,Apr-Jun 2008,18851.20427189755,https://www.statssa.gov.za/publications/P0211/QLFS%20Trends%202008-2026Q2.xlsx
ZA:15-64,labour_force,Jul-Sep 2008,18847.838391696292,https://www.statssa.gov.za/publications/P0211/QLFS%20Trends%202008-2026Q2.xlsx
ZA:15-64,labour_force,Oct-Dec 2008,18816.58604696385,https://www.statssa.gov.za/publications/P0211/QLFS%20Trends%202008-2026Q2.xlsx
ZA:15-64,labour_force,Jan-Mar 2009,18981.813708310685,https://www.statssa.gov.za/publications/P0211/QLFS%20Trends%202008-2026Q2.xlsx
ZA:15-64,labour_force,Apr-Jun 2009,18697.864270671344,https://www.statssa.gov.za/publications/P0211/QLFS%20Trends%202008-2026Q2.xlsx
ZA:15-64,labour_force,Jul-Sep 2009,18305.891645076805,https://www.statssa.gov.za/publications/P0211/QLFS%20Trends%202008-2026Q2.xlsx
ZA:15-64,labour_force,Oct-Dec 2009,18401.679883278022,https://www.statssa.gov.za/publications/P0211/QLFS%20Trends%202008-2026Q2.xlsx
ZA:15-64,labour_force,Jan-Mar 2010,18409.669977609177,https://www.statssa.gov.za/publications/P0211/QLFS%20Trends%202008-2026Q2.xlsx
ZA:15-64,labour_force,Apr-Jun 2010,18430.605603887423,https://www.statssa.gov.za/publications/P0211/QLFS%20Trends%202008-2026Q2.xlsx
ZA:15-64,labour_force,Jul-Sep 2010,18302.553208131427,https://www.statssa.gov.za/publications/P0211/QLFS%20Trends%202008-2026Q2.xlsx
ZA:15-64,labour_force,Oct-Dec 2010,18265.997755739903,https://www.statssa.gov.za/publications/P0211/QLFS%20Trends%202008-2026Q2.xlsx
ZA:15-64,labour_force,Jan-Mar 2011,18500.630424068608,https://www.statssa.gov.za/publications/P0211/QLFS%20Trends%202008-2026Q2.xlsx
ZA:15-64,labour_force,Apr-Jun 2011,18703.460688795312,https://www.statssa.gov.za/publications/P0211/QLFS%20Trends%202008-2026Q2.xlsx
ZA:15-64,labour_force,Jul-Sep 2011,18817.616160660902,https://www.statssa.gov.za/publications/P0211/QLFS%20Trends%202008-2026Q2.xlsx
ZA:15-64,labour_force,Oct-Dec 2011,18803.739251889496,https://www.statssa.gov.za/publications/P0211/QLFS%20Trends%202008-2026Q2.xlsx
ZA:15-64,labour_force,Jan-Mar 2012,19052.83619997956,https://www.statssa.gov.za/publications/P0211/QLFS%20Trends%202008-2026Q2.xlsx
ZA:15-64,labour_force,Apr-Jun 2012,19050.767186785826,https://www.statssa.gov.za/publications/P0211/QLFS%20Trends%202008-2026Q2.xlsx
ZA:15-64,labour_force,Jul-Sep 2012,19462.874493021278,https://www.statssa.gov.za/publications/P0211/QLFS%20Trends%202008-2026Q2.xlsx
ZA:15-64,labour_force,Oct-Dec 2012,19233.344078335223,https://www.statssa.gov.za/publications/P0211/QLFS%20Trends%202008-2026Q2.xlsx
ZA:15-64,labour_force,Jan-Mar 2013,19420.32746235387,https://www.statssa.gov.za/publications/P0211/QLFS%20Trends%202008-2026Q2.xlsx
ZA:15-64,labour_force,Apr-Jun 2013,19663.384048080337,https://www.statssa.gov.za/publications/P0211/QLFS%20Trends%202008-2026Q2.xlsx
ZA:15-64,labour_force,Jul-Sep 2013,19916.120843694804,https://www.statssa.gov.za/publications/P0211/QLFS%20Trends%202008-2026Q2.xlsx
ZA:15-64,labour_force,Oct-Dec 2013,20006.863067344988,https://www.statssa.gov.za/publications/P0211/QLFS%20Trends%202008-2026Q2.xlsx
ZA:15-64,labour_force,Jan-Mar 2014,20121.757519665873,https://www.statssa.gov.za/publications/P0211/QLFS%20Trends%202008-2026Q2.xlsx
ZA:15-64,labour_force,Apr-Jun 2014,20248.158742299067,https://www.statssa.gov.za/publications/P0211/QLFS%20Trends%202008-2026Q2.xlsx
ZA:15-64,labour_force,Jul-Sep 2014,20267.560482566674,https://www.statssa.gov.za/publications/P0211/QLFS%20Trends%202008-2026Q2.xlsx
ZA:15-64,labour_force,Oct-Dec 2014,20228.27719651998,https://www.statssa.gov.za/publications/P0211/QLFS%20Trends%202008-2026Q2.xlsx
ZA:15-64,labour_force,Jan-Mar 2015,20994.119450048205,https://www.statssa.gov.za/publications/P0211/QLFS%20Trends%202008-2026Q2.xlsx
ZA:15-64,labour_force,Apr-Jun 2015,20887.14194822931,https://www.statssa.gov.za/publications/P0211/QLFS%20Trends%202008-2026Q2.xlsx
ZA:15-64,labour_force,Jul-Sep 2015,21246.444063691593,https://www.statssa.gov.za/publications/P0211/QLFS%20Trends%202008-2026Q2.xlsx
ZA:15-64,labour_force,Oct-Dec 2015,21210.934229387294,https://www.statssa.gov.za/publications/P0211/QLFS%20Trends%202008-2026Q2.xlsx
ZA:15-64,labour_force,Jan-Mar 2016,21397.77597358608,https://www.statssa.gov.za/publications/P0211/QLFS%20Trends%202008-2026Q2.xlsx
ZA:15-64,labour_force,Apr-Jun 2016,21179.008828009522,https://www.statssa.gov.za/publications/P0211/QLFS%20Trends%202008-2026Q2.xlsx
ZA:15-64,labour_force,Jul-Sep 2016,21706.07287697117,https://www.statssa.gov.za/publications/P0211/QLFS%20Trends%202008-2026Q2.xlsx
ZA:15-64,labour_force,Oct-Dec 2016,21849.408009995263,https://www.statssa.gov.za/publications/P0211/QLFS%20Trends%202008-2026Q2.xlsx
ZA:15-64,labour_force,Jan-Mar 2017,22426.36251205059,https://www.statssa.gov.za/publications/P0211/QLFS%20Trends%202008-2026Q2.xlsx
ZA:15-64,labour_force,Apr-Jun 2017,22276.58180354578,https://www.statssa.gov.za/publications/P0211/QLFS%20Trends%202008-2026Q2.xlsx
ZA:15-64,labour_force,Jul-Sep 2017,22401.99628477555,https://www.statssa.gov.za/publications/P0211/QLFS%20Trends%202008-2026Q2.xlsx
ZA:15-64,labour_force,Oct-Dec 2017,22051.07022376251,https://www.statssa.gov.za/publications/P0211/QLFS%20Trends%202008-2026Q2.xlsx
ZA:15-64,labour_force,Jan-Mar 2018,22357.92450976996,https://www.statssa.gov.za/publications/P0211/QLFS%20Trends%202008-2026Q2.xlsx
ZA:15-64,labour_force,Apr-Jun 2018,22370.30547457885,https://www.statssa.gov.za/publications/P0211/QLFS%20Trends%202008-2026Q2.xlsx
ZA:15-64,labour_force,Jul-Sep 2018,22589.459535499856,https://www.statssa.gov.za/publications/P0211/QLFS%20Trends%202008-2026Q2.xlsx
ZA:15-64,labour_force,Oct-Dec 2018,22667.963835355677,https://www.statssa.gov.za/publications/P0211/QLFS%20Trends%202008-2026Q2.xlsx
ZA:15-64,labour_force,Jan-Mar 2019,22492.22153848082,https://www.statssa.gov.za/publications/P0211/QLFS%20Trends%202008-2026Q2.xlsx
ZA:15-64,labour_force,Apr-Jun 2019,22968.010764477567,https://www.statssa.gov.za/publications/P0211/QLFS%20Trends%202008-2026Q2.xlsx
ZA:15-64,labour_force,Jul-Sep 2019,23108.71633211357,https://www.statssa.gov.za/publications/P0211/QLFS%20Trends%202008-2026Q2.xlsx
ZA:15-64,labour_force,Oct-Dec 2019,23146.402463329097,https://www.statssa.gov.za/publications/P0211/QLFS%20Trends%202008-2026Q2.xlsx
ZA:15-64,labour_force,Jan-Mar 2020,23452.204373782504,https://www.statssa.gov.za/publications/P0211/QLFS%20Trends%202008-2026Q2.xlsx
ZA:15-64,labour_force,Apr-Jun 2020,18443.066780214154,https://www.statssa.gov.za/publications/P0211/QLFS%20Trends%202008-2026Q2.xlsx
ZA:15-64,labour_force,Jul-Sep 2020,21223.752879913623,https://www.statssa.gov.za/publications/P0211/QLFS%20Trends%202008-2026Q2.xlsx
ZA:15-64,labour_force,Oct-Dec 2020,22256.971593309,https://www.statssa.gov.za/publications/P0211/QLFS%20Trends%202008-2026Q2.xlsx
ZA:15-64,labour_force,Jan-Mar 2021,22237.262287395493,https://www.statssa.gov.za/publications/P0211/QLFS%20Trends%202008-2026Q2.xlsx
ZA:15-64,labour_force,Apr-Jun 2021,22767.610432489204,https://www.statssa.gov.za/publications/P0211/QLFS%20Trends%202008-2026Q2.xlsx
ZA:15-64,labour_force,Jul-Sep 2021,21925.49641164453,https://www.statssa.gov.za/publications/P0211/QLFS%20Trends%202008-2026Q2.xlsx
ZA:15-64,labour_force,Oct-Dec 2021,22465.562325096602,https://www.statssa.gov.za/publications/P0211/QLFS%20Trends%202008-2026Q2.xlsx
ZA:15-64,labour_force,Jan-Mar 2022,22776.00050613982,https://www.statssa.gov.za/publications/P0211/QLFS%20Trends%202008-2026Q2.xlsx
ZA:15-64,labour_force,Apr-Jun 2022,23556.149939790863,https://www.statssa.gov.za/publications/P0211/QLFS%20Trends%202008-2026Q2.xlsx
ZA:15-64,labour_force,Jul-Sep 2022,23490.534217218243,https://www.statssa.gov.za/publications/P0211/QLFS%20Trends%202008-2026Q2.xlsx
ZA:15-64,labour_force,Oct-Dec 2022,23687.875575390928,https://www.statssa.gov.za/publications/P0211/QLFS%20Trends%202008-2026Q2.xlsx
ZA:15-64,labour_force,Jan-Mar 2023,24125.02779225684,https://www.statssa.gov.za/publications/P0211/QLFS%20Trends%202008-2026Q2.xlsx
ZA:15-64,labour_force,Apr-Jun 2023,24267.5667409937,https://www.statssa.gov.za/publications/P0211/QLFS%20Trends%202008-2026Q2.xlsx
ZA:15-64,labour_force,Jul-Sep 2023,24593.91168286975,https://www.statssa.gov.za/publications/P0211/QLFS%20Trends%202008-2026Q2.xlsx
ZA:15-64,labour_force,Oct-Dec 2023,24618.62895029205,https://www.statssa.gov.za/publications/P0211/QLFS%20Trends%202008-2026Q2.xlsx
ZA:15-64,labour_force,Jan-Mar 2024,24970.638100415854,https://www.statssa.gov.za/publications/P0211/QLFS%20Trends%202008-2026Q2.xlsx
ZA:15-64,labour_force,Apr-Jun 2024,25036.15765443125,https://www.statssa.gov.za/publications/P0211/QLFS%20Trends%202008-2026Q2.xlsx
ZA:15-64,labour_force,Jul-Sep 2024,24956.69300718518,https://www.statssa.gov.za/publications/P0211/QLFS%20Trends%202008-2026Q2.xlsx
ZA:15-64,labour_force,Oct-Dec 2024,25068.78867181024,https://www.statssa.gov.za/publications/P0211/QLFS%20Trends%202008-2026Q2.xlsx
ZA:15-64,labour_force,Jan-Mar 2025,25014.944257223793,https://www.statssa.gov.za/publications/P0211/QLFS%20Trends%202008-2026Q2.xlsx
ZA:15-64,labour_force,Apr-Jun 2025,25173.93116328351,https://www.statssa.gov.za/publications/P0211/QLFS%20Trends%202008-2026Q2.xlsx
ZA:15-64,labour_force,Jul-Sep 2025,25062.169380689833,https://www.statssa.gov.za/publications/P0211/QLFS%20Trends%202008-2026Q2.xlsx
ZA:15-64,labour_force,Oct-Dec 2025,24934.6302074586,https://www.statssa.gov.za/publications/P0211/QLFS%20Trends%202008-2026Q2.xlsx
ZA:15-64,labour_force,Jan-Mar 2026,24890.96841481161,https://www.statssa.gov.za/publications/P0211/QLFS%20Trends%202008-2026Q2.xlsx
ZA:15-64,labour_force,Apr-Jun 2026,25219.910516115317,https://www.statssa.gov.za/publications/P0211/QLFS%20Trends%202008-2026Q2.xlsx
ZA:15-64,unemployed,Jan-Mar 2008,4370.736495597827,https://www.statssa.gov.za/publications/P0211/QLFS%20Trends%202008-2026Q2.xlsx
ZA:15-64,unemployed,Apr-Jun 2008,4266.709107613511,https://www.statssa.gov.za/publications/P0211/QLFS%20Trends%202008-2026Q2.xlsx
ZA:15-64,unemployed,Jul-Sep 2008,4299.32885566392,https://www.statssa.gov.za/publications/P0211/QLFS%20Trends%202008-2026Q2.xlsx
ZA:15-64,unemployed,Oct-Dec 2008,4047.886954895626,https://www.statssa.gov.za/publications/P0211/QLFS%20Trends%202008-2026Q2.xlsx
ZA:15-64,unemployed,Jan-Mar 2009,4366.311801173961,https://www.statssa.gov.za/publications/P0211/QLFS%20Trends%202008-2026Q2.xlsx
ZA:15-64,unemployed,Apr-Jun 2009,4340.903803685058,https://www.statssa.gov.za/publications/P0211/QLFS%20Trends%202008-2026Q2.xlsx
ZA:15-64,unemployed,Jul-Sep 2009,4476.09404899638,https://www.statssa.gov.za/publications/P0211/QLFS%20Trends%202008-2026Q2.xlsx
ZA:15-64,unemployed,Oct-Dec 2009,4428.642997241585,https://www.statssa.gov.za/publications/P0211/QLFS%20Trends%202008-2026Q2.xlsx
ZA:15-64,unemployed,Jan-Mar 2010,4612.417097940636,https://www.statssa.gov.za/publications/P0211/QLFS%20Trends%202008-2026Q2.xlsx
ZA:15-64,unemployed,Apr-Jun 2010,4621.888843582875,https://www.statssa.gov.za/publications/P0211/QLFS%20Trends%202008-2026Q2.xlsx
ZA:15-64,unemployed,Jul-Sep 2010,4654.769504186354,https://www.statssa.gov.za/publications/P0211/QLFS%20Trends%202008-2026Q2.xlsx
ZA:15-64,unemployed,Oct-Dec 2010,4367.846481688271,https://www.statssa.gov.za/publications/P0211/QLFS%20Trends%202008-2026Q2.xlsx
ZA:15-64,unemployed,Jan-Mar 2011,4597.03726968165,https://www.statssa.gov.za/publications/P0211/QLFS%20Trends%202008-2026Q2.xlsx
ZA:15-64,unemployed,Apr-Jun 2011,4781.6524813590395,https://www.statssa.gov.za/publications/P0211/QLFS%20Trends%202008-2026Q2.xlsx
ZA:15-64,unemployed,Jul-Sep 2011,4699.231088365709,https://www.statssa.gov.za/publications/P0211/QLFS%20Trends%202008-2026Q2.xlsx
ZA:15-64,unemployed,Oct-Dec 2011,4467.325123979717,https://www.statssa.gov.za/publications/P0211/QLFS%20Trends%202008-2026Q2.xlsx
ZA:15-64,unemployed,Jan-Mar 2012,4768.760503918509,https://www.statssa.gov.za/publications/P0211/QLFS%20Trends%202008-2026Q2.xlsx
ZA:15-64,unemployed,Apr-Jun 2012,4720.751585121543,https://www.statssa.gov.za/publications/P0211/QLFS%20Trends%202008-2026Q2.xlsx
ZA:15-64,unemployed,Jul-Sep 2012,4901.259433126601,https://www.statssa.gov.za/publications/P0211/QLFS%20Trends%202008-2026Q2.xlsx
ZA:15-64,unemployed,Oct-Dec 2012,4709.493578616035,https://www.statssa.gov.za/publications/P0211/QLFS%20Trends%202008-2026Q2.xlsx
ZA:15-64,unemployed,Jan-Mar 2013,4861.952454786308,https://www.statssa.gov.za/publications/P0211/QLFS%20Trends%202008-2026Q2.xlsx
ZA:15-64,unemployed,Apr-Jun 2013,4971.845701357072,https://www.statssa.gov.za/publications/P0211/QLFS%20Trends%202008-2026Q2.xlsx
ZA:15-64,unemployed,Jul-Sep 2013,4880.277659267869,https://www.statssa.gov.za/publications/P0211/QLFS%20Trends%202008-2026Q2.xlsx
ZA:15-64,unemployed,Oct-Dec 2013,4830.108266864815,https://www.statssa.gov.za/publications/P0211/QLFS%20Trends%202008-2026Q2.xlsx
ZA:15-64,unemployed,Jan-Mar 2014,5066.966185650455,https://www.statssa.gov.za/publications/P0211/QLFS%20Trends%202008-2026Q2.xlsx
ZA:15-64,unemployed,Apr-Jun 2014,5153.915627277104,https://www.statssa.gov.za/publications/P0211/QLFS%20Trends%202008-2026Q2.xlsx
ZA:15-64,unemployed,Jul-Sep 2014,5150.991826718192,https://www.statssa.gov.za/publications/P0211/QLFS%20Trends%202008-2026Q2.xlsx
ZA:15-64,unemployed,Oct-Dec 2014,4908.666130177913,https://www.statssa.gov.za/publications/P0211/QLFS%20Trends%202008-2026Q2.xlsx
ZA:15-64,unemployed,Jan-Mar 2015,5534.6997347597435,https://www.statssa.gov.za/publications/P0211/QLFS%20Trends%202008-2026Q2.xlsx
ZA:15-64,unemployed,Apr-Jun 2015,5230.139177896635,https://www.statssa.gov.za/publications/P0211/QLFS%20Trends%202008-2026Q2.xlsx
ZA:15-64,unemployed,Jul-Sep 2015,5418.00481018879,https://www.statssa.gov.za/publications/P0211/QLFS%20Trends%202008-2026Q2.xlsx
ZA:15-64,unemployed,Oct-Dec 2015,5192.865947601805,https://www.statssa.gov.za/publications/P0211/QLFS%20Trends%202008-2026Q2.xlsx
ZA:15-64,unemployed,Jan-Mar 2016,5723.262626034118,https://www.statssa.gov.za/publications/P0211/QLFS%20Trends%202008-2026Q2.xlsx
ZA:15-64,unemployed,Apr-Jun 2016,5633.561473479125,https://www.statssa.gov.za/publications/P0211/QLFS%20Trends%202008-2026Q2.xlsx
ZA:15-64,unemployed,Jul-Sep 2016,5872.877841690191,https://www.statssa.gov.za/publications/P0211/QLFS%20Trends%202008-2026Q2.xlsx
ZA:15-64,unemployed,Oct-Dec 2016,5780.79586502723,https://www.statssa.gov.za/publications/P0211/QLFS%20Trends%202008-2026Q2.xlsx
ZA:15-64,unemployed,Jan-Mar 2017,6214.112061423819,https://www.statssa.gov.za/publications/P0211/QLFS%20Trends%202008-2026Q2.xlsx
ZA:15-64,unemployed,Apr-Jun 2017,6176.874038232975,https://www.statssa.gov.za/publications/P0211/QLFS%20Trends%202008-2026Q2.xlsx
ZA:15-64,unemployed,Jul-Sep 2017,6210.326398109558,https://www.statssa.gov.za/publications/P0211/QLFS%20Trends%202008-2026Q2.xlsx
ZA:15-64,unemployed,Oct-Dec 2017,5880.044355853521,https://www.statssa.gov.za/publications/P0211/QLFS%20Trends%202008-2026Q2.xlsx
ZA:15-64,unemployed,Jan-Mar 2018,5980.40068615515,https://www.statssa.gov.za/publications/P0211/QLFS%20Trends%202008-2026Q2.xlsx
ZA:15-64,unemployed,Apr-Jun 2018,6082.502008698025,https://www.statssa.gov.za/publications/P0211/QLFS%20Trends%202008-2026Q2.xlsx
ZA:15-64,unemployed,Jul-Sep 2018,6209.385758925714,https://www.statssa.gov.za/publications/P0211/QLFS%20Trends%202008-2026Q2.xlsx
ZA:15-64,unemployed,Oct-Dec 2018,6139.265038859734,https://www.statssa.gov.za/publications/P0211/QLFS%20Trends%202008-2026Q2.xlsx
ZA:15-64,unemployed,Jan-Mar 2019,6200.785288557754,https://www.statssa.gov.za/publications/P0211/QLFS%20Trends%202008-2026Q2.xlsx
ZA:15-64,unemployed,Apr-Jun 2019,6655.304863777916,https://www.statssa.gov.za/publications/P0211/QLFS%20Trends%202008-2026Q2.xlsx
ZA:15-64,unemployed,Jul-Sep 2019,6733.707750129825,https://www.statssa.gov.za/publications/P0211/QLFS%20Trends%202008-2026Q2.xlsx
ZA:15-64,unemployed,Oct-Dec 2019,6726.1341715421395,https://www.statssa.gov.za/publications/P0211/QLFS%20Trends%202008-2026Q2.xlsx
ZA:15-64,unemployed,Jan-Mar 2020,7069.649199415966,https://www.statssa.gov.za/publications/P0211/QLFS%20Trends%202008-2026Q2.xlsx
ZA:15-64,unemployed,Apr-Jun 2020,4294.851330783613,https://www.statssa.gov.za/publications/P0211/QLFS%20Trends%202008-2026Q2.xlsx
ZA:15-64,unemployed,Jul-Sep 2020,6532.883496006985,https://www.statssa.gov.za/publications/P0211/QLFS%20Trends%202008-2026Q2.xlsx
ZA:15-64,unemployed,Oct-Dec 2020,7233.420358032418,https://www.statssa.gov.za/publications/P0211/QLFS%20Trends%202008-2026Q2.xlsx
ZA:15-64,unemployed,Jan-Mar 2021,7241.917685152834,https://www.statssa.gov.za/publications/P0211/QLFS%20Trends%202008-2026Q2.xlsx
ZA:15-64,unemployed,Apr-Jun 2021,7826.037675687493,https://www.statssa.gov.za/publications/P0211/QLFS%20Trends%202008-2026Q2.xlsx
ZA:15-64,unemployed,Jul-Sep 2021,7643.489239582146,https://www.statssa.gov.za/publications/P0211/QLFS%20Trends%202008-2026Q2.xlsx
ZA:15-64,unemployed,Oct-Dec 2021,7921.431099113405,https://www.statssa.gov.za/publications/P0211/QLFS%20Trends%202008-2026Q2.xlsx
ZA:15-64,unemployed,Jan-Mar 2022,7861.793021775615,https://www.statssa.gov.za/publications/P0211/QLFS%20Trends%202008-2026Q2.xlsx
ZA:15-64,unemployed,Apr-Jun 2022,7994.29181655903,https://www.statssa.gov.za/publications/P0211/QLFS%20Trends%202008-2026Q2.xlsx
ZA:15-64,unemployed,Jul-Sep 2022,7725.130553215163,https://www.statssa.gov.za/publications/P0211/QLFS%20Trends%202008-2026Q2.xlsx
ZA:15-64,unemployed,Oct-Dec 2022,7753.382500585763,https://www.statssa.gov.za/publications/P0211/QLFS%20Trends%202008-2026Q2.xlsx
ZA:15-64,unemployed,Jan-Mar 2023,7932.749141249966,https://www.statssa.gov.za/publications/P0211/QLFS%20Trends%202008-2026Q2.xlsx
ZA:15-64,unemployed,Apr-Jun 2023,7921.373874863693,https://www.statssa.gov.za/publications/P0211/QLFS%20Trends%202008-2026Q2.xlsx
ZA:15-64,unemployed,Jul-Sep 2023,7849.13051571376,https://www.statssa.gov.za/publications/P0211/QLFS%20Trends%202008-2026Q2.xlsx
ZA:15-64,unemployed,Oct-Dec 2023,7895.434388933187,https://www.statssa.gov.za/publications/P0211/QLFS%20Trends%202008-2026Q2.xlsx
ZA:15-64,unemployed,Jan-Mar 2024,8225.888733850337,https://www.statssa.gov.za/publications/P0211/QLFS%20Trends%202008-2026Q2.xlsx
ZA:15-64,unemployed,Apr-Jun 2024,8383.824469730067,https://www.statssa.gov.za/publications/P0211/QLFS%20Trends%202008-2026Q2.xlsx
ZA:15-64,unemployed,Jul-Sep 2024,8010.519568058319,https://www.statssa.gov.za/publications/P0211/QLFS%20Trends%202008-2026Q2.xlsx
ZA:15-64,unemployed,Oct-Dec 2024,7990.946707059714,https://www.statssa.gov.za/publications/P0211/QLFS%20Trends%202008-2026Q2.xlsx
ZA:15-64,unemployed,Jan-Mar 2025,8227.677603538517,https://www.statssa.gov.za/publications/P0211/QLFS%20Trends%202008-2026Q2.xlsx
ZA:15-64,unemployed,Apr-Jun 2025,8367.428944798767,https://www.statssa.gov.za/publications/P0211/QLFS%20Trends%202008-2026Q2.xlsx
ZA:15-64,unemployed,Jul-Sep 2025,8007.346236144157,https://www.statssa.gov.za/publications/P0211/QLFS%20Trends%202008-2026Q2.xlsx
ZA:15-64,unemployed,Oct-Dec 2025,7835.722097479298,https://www.statssa.gov.za/publications/P0211/QLFS%20Trends%202008-2026Q2.xlsx
ZA:15-64,unemployed,Jan-Mar 2026,8136.686552568682,https://www.statssa.gov.za/publications/P0211/QLFS%20Trends%202008-2026Q2.xlsx
ZA:15-64,unemployed,Apr-Jun 2026,8481.28540973721,https://www.statssa.gov.za/publications/P0211/QLFS%20Trends%202008-2026Q2.xlsx
ZA:15-24,labour_force,Jan-Mar 2008,3059.6596124430826,https://www.statssa.gov.za/publications/P0211/QLFS%20Trends%202008-2026Q2.xlsx
ZA:15-24,labour_force,Apr-Jun 2008,3024.49021719773,https://www.statssa.gov.za/publications/P0211/QLFS%20Trends%202008-2026Q2.xlsx
ZA:15-24,labour_force,Jul-Sep 2008,2973.94779087879,https://www.statssa.gov.za/publications/P0211/QLFS%20Trends%202008-2026Q2.xlsx
ZA:15-24,labour_force,Oct-Dec 2008,2900.564926620282,https://www.statssa.gov.za/publications/P0211/QLFS%20Trends%202008-2026Q2.xlsx
ZA:15-24,labour_force,Jan-Mar 2009,2928.973091231579,https://www.statssa.gov.za/publications/P0211/QLFS%20Trends%202008-2026Q2.xlsx
ZA:15-24,labour_force,Apr-Jun 2009,2832.737298093384,https://www.statssa.gov.za/publications/P0211/QLFS%20Trends%202008-2026Q2.xlsx
ZA:15-24,labour_force,Jul-Sep 2009,2626.146852122295,https://www.statssa.gov.za/publications/P0211/QLFS%20Trends%202008-2026Q2.xlsx
ZA:15-24,labour_force,Oct-Dec 2009,2659.7559620705415,https://www.statssa.gov.za/publications/P0211/QLFS%20Trends%202008-2026Q2.xlsx
ZA:15-24,labour_force,Jan-Mar 2010,2633.2958039368696,https://www.statssa.gov.za/publications/P0211/QLFS%20Trends%202008-2026Q2.xlsx
ZA:15-24,labour_force,Apr-Jun 2010,2689.3394038205292,https://www.statssa.gov.za/publications/P0211/QLFS%20Trends%202008-2026Q2.xlsx
ZA:15-24,labour_force,Jul-Sep 2010,2605.2285529721885,https://www.statssa.gov.za/publications/P0211/QLFS%20Trends%202008-2026Q2.xlsx
ZA:15-24,labour_force,Oct-Dec 2010,2462.1353098446534,https://www.statssa.gov.za/publications/P0211/QLFS%20Trends%202008-2026Q2.xlsx
ZA:15-24,labour_force,Jan-Mar 2011,2545.0053002050004,https://www.statssa.gov.za/publications/P0211/QLFS%20Trends%202008-2026Q2.xlsx
ZA:15-24,labour_force,Apr-Jun 2011,2583.6342038681146,https://www.statssa.gov.za/publications/P0211/QLFS%20Trends%202008-2026Q2.xlsx
ZA:15-24,labour_force,Jul-Sep 2011,2576.5788242925237,https://www.statssa.gov.za/publications/P0211/QLFS%20Trends%202008-2026Q2.xlsx
ZA:15-24,labour_force,Oct-Dec 2011,2525.270983222258,https://www.statssa.gov.za/publications/P0211/QLFS%20Trends%202008-2026Q2.xlsx
ZA:15-24,labour_force,Jan-Mar 2012,2663.57941603655,https://www.statssa.gov.za/publications/P0211/QLFS%20Trends%202008-2026Q2.xlsx
ZA:15-24,labour_force,Apr-Jun 2012,2469.7203547257504,https://www.statssa.gov.za/publications/P0211/QLFS%20Trends%202008-2026Q2.xlsx
ZA:15-24,labour_force,Jul-Sep 2012,2626.926308197801,https://www.statssa.gov.za/publications/P0211/QLFS%20Trends%202008-2026Q2.xlsx
ZA:15-24,labour_force,Oct-Dec 2012,2523.86823975003,https://www.statssa.gov.za/publications/P0211/QLFS%20Trends%202008-2026Q2.xlsx
ZA:15-24,labour_force,Jan-Mar 2013,2618.4394378814786,https://www.statssa.gov.za/publications/P0211/QLFS%20Trends%202008-2026Q2.xlsx
ZA:15-24,labour_force,Apr-Jun 2013,2643.43127990368,https://www.statssa.gov.za/publications/P0211/QLFS%20Trends%202008-2026Q2.xlsx
ZA:15-24,labour_force,Jul-Sep 2013,2650.778376126947,https://www.statssa.gov.za/publications/P0211/QLFS%20Trends%202008-2026Q2.xlsx
ZA:15-24,labour_force,Oct-Dec 2013,2604.223448812277,https://www.statssa.gov.za/publications/P0211/QLFS%20Trends%202008-2026Q2.xlsx
ZA:15-24,labour_force,Jan-Mar 2014,2617.107842542395,https://www.statssa.gov.za/publications/P0211/QLFS%20Trends%202008-2026Q2.xlsx
ZA:15-24,labour_force,Apr-Jun 2014,2661.4547189346144,https://www.statssa.gov.za/publications/P0211/QLFS%20Trends%202008-2026Q2.xlsx
ZA:15-24,labour_force,Jul-Sep 2014,2572.5354968291967,https://www.statssa.gov.za/publications/P0211/QLFS%20Trends%202008-2026Q2.xlsx
ZA:15-24,labour_force,Oct-Dec 2014,2522.529837778003,https://www.statssa.gov.za/publications/P0211/QLFS%20Trends%202008-2026Q2.xlsx
ZA:15-24,labour_force,Jan-Mar 2015,2852.600859795924,https://www.statssa.gov.za/publications/P0211/QLFS%20Trends%202008-2026Q2.xlsx
ZA:15-24,labour_force,Apr-Jun 2015,2696.1923516045053,https://www.statssa.gov.za/publications/P0211/QLFS%20Trends%202008-2026Q2.xlsx
ZA:15-24,labour_force,Jul-Sep 2015,2762.224684569756,https://www.statssa.gov.za/publications/P0211/QLFS%20Trends%202008-2026Q2.xlsx
ZA:15-24,labour_force,Oct-Dec 2015,2653.9374124628234,https://www.statssa.gov.za/publications/P0211/QLFS%20Trends%202008-2026Q2.xlsx
ZA:15-24,labour_force,Jan-Mar 2016,2761.482448810986,https://www.statssa.gov.za/publications/P0211/QLFS%20Trends%202008-2026Q2.xlsx
ZA:15-24,labour_force,Apr-Jun 2016,2656.6896918164557,https://www.statssa.gov.za/publications/P0211/QLFS%20Trends%202008-2026Q2.xlsx
ZA:15-24,labour_force,Jul-Sep 2016,2762.5875860547358,https://www.statssa.gov.za/publications/P0211/QLFS%20Trends%202008-2026Q2.xlsx
ZA:15-24,labour_force,Oct-Dec 2016,2715.1098102161113,https://www.statssa.gov.za/publications/P0211/QLFS%20Trends%202008-2026Q2.xlsx
ZA:15-24,labour_force,Jan-Mar 2017,2873.7183477595195,https://www.statssa.gov.za/publications/P0211/QLFS%20Trends%202008-2026Q2.xlsx
ZA:15-24,labour_force,Apr-Jun 2017,2778.166648220008,https://www.statssa.gov.za/publications/P0211/QLFS%20Trends%202008-2026Q2.xlsx
ZA:15-24,labour_force,Jul-Sep 2017,2765.5768042530544,https://www.statssa.gov.za/publications/P0211/QLFS%20Trends%202008-2026Q2.xlsx
ZA:15-24,labour_force,Oct-Dec 2017,2669.640743238133,https://www.statssa.gov.za/publications/P0211/QLFS%20Trends%202008-2026Q2.xlsx
ZA:15-24,labour_force,Jan-Mar 2018,2638.296130201842,https://www.statssa.gov.za/publications/P0211/QLFS%20Trends%202008-2026Q2.xlsx
ZA:15-24,labour_force,Apr-Jun 2018,2589.6697896589308,https://www.statssa.gov.za/publications/P0211/QLFS%20Trends%202008-2026Q2.xlsx
ZA:15-24,labour_force,Jul-Sep 2018,2664.198455462197,https://www.statssa.gov.za/publications/P0211/QLFS%20Trends%202008-2026Q2.xlsx
ZA:15-24,labour_force,Oct-Dec 2018,2590.6470021008568,https://www.statssa.gov.za/publications/P0211/QLFS%20Trends%202008-2026Q2.xlsx
ZA:15-24,labour_force,Jan-Mar 2019,2552.687415625294,https://www.statssa.gov.za/publications/P0211/QLFS%20Trends%202008-2026Q2.xlsx
ZA:15-24,labour_force,Apr-Jun 2019,2678.2720976092633,https://www.statssa.gov.za/publications/P0211/QLFS%20Trends%202008-2026Q2.xlsx
ZA:15-24,labour_force,Jul-Sep 2019,2638.3305531443616,https://www.statssa.gov.za/publications/P0211/QLFS%20Trends%202008-2026Q2.xlsx
ZA:15-24,labour_force,Oct-Dec 2019,2691.8650564249097,https://www.statssa.gov.za/publications/P0211/QLFS%20Trends%202008-2026Q2.xlsx
ZA:15-24,labour_force,Jan-Mar 2020,2790.043735745601,https://www.statssa.gov.za/publications/P0211/QLFS%20Trends%202008-2026Q2.xlsx
ZA:15-24,labour_force,Apr-Jun 2020,1614.1013647754319,https://www.statssa.gov.za/publications/P0211/QLFS%20Trends%202008-2026Q2.xlsx
ZA:15-24,labour_force,Jul-Sep 2020,2057.2763775266726,https://www.statssa.gov.za/publications/P0211/QLFS%20Trends%202008-2026Q2.xlsx
ZA:15-24,labour_force,Oct-Dec 2020,2110.776219603386,https://www.statssa.gov.za/publications/P0211/QLFS%20Trends%202008-2026Q2.xlsx
ZA:15-24,labour_force,Jan-Mar 2021,2110.8199137948227,https://www.statssa.gov.za/publications/P0211/QLFS%20Trends%202008-2026Q2.xlsx
ZA:15-24,labour_force,Apr-Jun 2021,2340.139200015268,https://www.statssa.gov.za/publications/P0211/QLFS%20Trends%202008-2026Q2.xlsx
ZA:15-24,labour_force,Jul-Sep 2021,2225.798742395352,https://www.statssa.gov.za/publications/P0211/QLFS%20Trends%202008-2026Q2.xlsx
ZA:15-24,labour_force,Oct-Dec 2021,2321.086921771034,https://www.statssa.gov.za/publications/P0211/QLFS%20Trends%202008-2026Q2.xlsx
ZA:15-24,labour_force,Jan-Mar 2022,2548.6079479065215,https://www.statssa.gov.za/publications/P0211/QLFS%20Trends%202008-2026Q2.xlsx
ZA:15-24,labour_force,Apr-Jun 2022,2720.0045471866056,https://www.statssa.gov.za/publications/P0211/QLFS%20Trends%202008-2026Q2.xlsx
ZA:15-24,labour_force,Jul-Sep 2022,2636.803247515541,https://www.statssa.gov.za/publications/P0211/QLFS%20Trends%202008-2026Q2.xlsx
ZA:15-24,labour_force,Oct-Dec 2022,2633.855664642359,https://www.statssa.gov.za/publications/P0211/QLFS%20Trends%202008-2026Q2.xlsx
ZA:15-24,labour_force,Jan-Mar 2023,2823.038504305517,https://www.statssa.gov.za/publications/P0211/QLFS%20Trends%202008-2026Q2.xlsx
ZA:15-24,labour_force,Apr-Jun 2023,2785.633178232972,https://www.statssa.gov.za/publications/P0211/QLFS%20Trends%202008-2026Q2.xlsx
ZA:15-24,labour_force,Jul-Sep 2023,2735.933300589503,https://www.statssa.gov.za/publications/P0211/QLFS%20Trends%202008-2026Q2.xlsx
ZA:15-24,labour_force,Oct-Dec 2023,2705.293271027615,https://www.statssa.gov.za/publications/P0211/QLFS%20Trends%202008-2026Q2.xlsx
ZA:15-24,labour_force,Jan-Mar 2024,2749.8768414925266,https://www.statssa.gov.za/publications/P0211/QLFS%20Trends%202008-2026Q2.xlsx
ZA:15-24,labour_force,Apr-Jun 2024,2779.7723990800514,https://www.statssa.gov.za/publications/P0211/QLFS%20Trends%202008-2026Q2.xlsx
ZA:15-24,labour_force,Jul-Sep 2024,2728.942977760397,https://www.statssa.gov.za/publications/P0211/QLFS%20Trends%202008-2026Q2.xlsx
ZA:15-24,labour_force,Oct-Dec 2024,2731.357740771657,https://www.statssa.gov.za/publications/P0211/QLFS%20Trends%202008-2026Q2.xlsx
ZA:15-24,labour_force,Jan-Mar 2025,2710.0193180097667,https://www.statssa.gov.za/publications/P0211/QLFS%20Trends%202008-2026Q2.xlsx
ZA:15-24,labour_force,Apr-Jun 2025,2757.9210511234437,https://www.statssa.gov.za/publications/P0211/QLFS%20Trends%202008-2026Q2.xlsx
ZA:15-24,labour_force,Jul-Sep 2025,2833.410717307847,https://www.statssa.gov.za/publications/P0211/QLFS%20Trends%202008-2026Q2.xlsx
ZA:15-24,labour_force,Oct-Dec 2025,2656.5742031838377,https://www.statssa.gov.za/publications/P0211/QLFS%20Trends%202008-2026Q2.xlsx
ZA:15-24,labour_force,Jan-Mar 2026,2680.6508947803736,https://www.statssa.gov.za/publications/P0211/QLFS%20Trends%202008-2026Q2.xlsx
ZA:15-24,labour_force,Apr-Jun 2026,2807.8474666304746,https://www.statssa.gov.za/publications/P0211/QLFS%20Trends%202008-2026Q2.xlsx
ZA:15-24,unemployed,Jan-Mar 2008,1416.1237507495784,https://www.statssa.gov.za/publications/P0211/QLFS%20Trends%202008-2026Q2.xlsx
ZA:15-24,unemployed,Apr-Jun 2008,1351.5822389557031,https://www.statssa.gov.za/publications/P0211/QLFS%20Trends%202008-2026Q2.xlsx
ZA:15-24,unemployed,Jul-Sep 2008,1384.3084915051083,https://www.statssa.gov.za/publications/P0211/QLFS%20Trends%202008-2026Q2.xlsx
ZA:15-24,unemployed,Oct-Dec 2008,1302.8486769346034,https://www.statssa.gov.za/publications/P0211/QLFS%20Trends%202008-2026Q2.xlsx
ZA:15-24,unemployed,Jan-Mar 2009,1400.0295292931105,https://www.statssa.gov.za/publications/P0211/QLFS%20Trends%202008-2026Q2.xlsx
ZA:15-24,unemployed,Apr-Jun 2009,1369.8229903672682,https://www.statssa.gov.za/publications/P0211/QLFS%20Trends%202008-2026Q2.xlsx
ZA:15-24,unemployed,Jul-Sep 2009,1279.673727689634,https://www.statssa.gov.za/publications/P0211/QLFS%20Trends%202008-2026Q2.xlsx
ZA:15-24,unemployed,Oct-Dec 2009,1290.4096354761236,https://www.statssa.gov.za/publications/P0211/QLFS%20Trends%202008-2026Q2.xlsx
ZA:15-24,unemployed,Jan-Mar 2010,1330.454220874079,https://www.statssa.gov.za/publications/P0211/QLFS%20Trends%202008-2026Q2.xlsx
ZA:15-24,unemployed,Apr-Jun 2010,1395.4170334554299,https://www.statssa.gov.za/publications/P0211/QLFS%20Trends%202008-2026Q2.xlsx
ZA:15-24,unemployed,Jul-Sep 2010,1363.1033318718123,https://www.statssa.gov.za/publications/P0211/QLFS%20Trends%202008-2026Q2.xlsx
ZA:15-24,unemployed,Oct-Dec 2010,1231.9087331150913,https://www.statssa.gov.za/publications/P0211/QLFS%20Trends%202008-2026Q2.xlsx
ZA:15-24,unemployed,Jan-Mar 2011,1277.874700406154,https://www.statssa.gov.za/publications/P0211/QLFS%20Trends%202008-2026Q2.xlsx
ZA:15-24,unemployed,Apr-Jun 2011,1301.0867010798893,https://www.statssa.gov.za/publications/P0211/QLFS%20Trends%202008-2026Q2.xlsx
ZA:15-24,unemployed,Jul-Sep 2011,1314.6779041446734,https://www.statssa.gov.za/publications/P0211/QLFS%20Trends%202008-2026Q2.xlsx
ZA:15-24,unemployed,Oct-Dec 2011,1250.419697353073,https://www.statssa.gov.za/publications/P0211/QLFS%20Trends%202008-2026Q2.xlsx
ZA:15-24,unemployed,Jan-Mar 2012,1384.2103185140852,https://www.statssa.gov.za/publications/P0211/QLFS%20Trends%202008-2026Q2.xlsx
ZA:15-24,unemployed,Apr-Jun 2012,1279.9720353414148,https://www.statssa.gov.za/publications/P0211/QLFS%20Trends%202008-2026Q2.xlsx
ZA:15-24,unemployed,Jul-Sep 2012,1372.3769049388593,https://www.statssa.gov.za/publications/P0211/QLFS%20Trends%202008-2026Q2.xlsx
ZA:15-24,unemployed,Oct-Dec 2012,1280.1331876704933,https://www.statssa.gov.za/publications/P0211/QLFS%20Trends%202008-2026Q2.xlsx
ZA:15-24,unemployed,Jan-Mar 2013,1394.5984439328272,https://www.statssa.gov.za/publications/P0211/QLFS%20Trends%202008-2026Q2.xlsx
ZA:15-24,unemployed,Apr-Jun 2013,1407.0139955851187,https://www.statssa.gov.za/publications/P0211/QLFS%20Trends%202008-2026Q2.xlsx
ZA:15-24,unemployed,Jul-Sep 2013,1332.9104777560326,https://www.statssa.gov.za/publications/P0211/QLFS%20Trends%202008-2026Q2.xlsx
ZA:15-24,unemployed,Oct-Dec 2013,1273.8508593930007,https://www.statssa.gov.za/publications/P0211/QLFS%20Trends%202008-2026Q2.xlsx
ZA:15-24,unemployed,Jan-Mar 2014,1391.3739228422191,https://www.statssa.gov.za/publications/P0211/QLFS%20Trends%202008-2026Q2.xlsx
ZA:15-24,unemployed,Apr-Jun 2014,1377.5529443252867,https://www.statssa.gov.za/publications/P0211/QLFS%20Trends%202008-2026Q2.xlsx
ZA:15-24,unemployed,Jul-Sep 2014,1320.4854114455945,https://www.statssa.gov.za/publications/P0211/QLFS%20Trends%202008-2026Q2.xlsx
ZA:15-24,unemployed,Oct-Dec 2014,1231.3111971899928,https://www.statssa.gov.za/publications/P0211/QLFS%20Trends%202008-2026Q2.xlsx
ZA:15-24,unemployed,Jan-Mar 2015,1434.9289464924248,https://www.statssa.gov.za/publications/P0211/QLFS%20Trends%202008-2026Q2.xlsx
ZA:15-24,unemployed,Apr-Jun 2015,1345.9889004199315,https://www.statssa.gov.za/publications/P0211/QLFS%20Trends%202008-2026Q2.xlsx
ZA:15-24,unemployed,Jul-Sep 2015,1379.2931357272425,https://www.statssa.gov.za/publications/P0211/QLFS%20Trends%202008-2026Q2.xlsx
ZA:15-24,unemployed,Oct-Dec 2015,1336.5696224848691,https://www.statssa.gov.za/publications/P0211/QLFS%20Trends%202008-2026Q2.xlsx
ZA:15-24,unemployed,Jan-Mar 2016,1505.5352142230515,https://www.statssa.gov.za/publications/P0211/QLFS%20Trends%202008-2026Q2.xlsx
ZA:15-24,unemployed,Apr-Jun 2016,1427.7812460431364,https://www.statssa.gov.za/publications/P0211/QLFS%20Trends%202008-2026Q2.xlsx
ZA:15-24,unemployed,Jul-Sep 2016,1497.1466080966768,https://www.statssa.gov.za/publications/P0211/QLFS%20Trends%202008-2026Q2.xlsx
ZA:15-24,unemployed,Oct-Dec 2016,1382.3128774356355,https://www.statssa.gov.za/publications/P0211/QLFS%20Trends%202008-2026Q2.xlsx
ZA:15-24,unemployed,Jan-Mar 2017,1559.0574404797085,https://www.statssa.gov.za/publications/P0211/QLFS%20Trends%202008-2026Q2.xlsx
ZA:15-24,unemployed,Apr-Jun 2017,1552.4380751203012,https://www.statssa.gov.za/publications/P0211/QLFS%20Trends%202008-2026Q2.xlsx
ZA:15-24,unemployed,Jul-Sep 2017,1443.7729617050097,https://www.statssa.gov.za/publications/P0211/QLFS%20Trends%202008-2026Q2.xlsx
ZA:15-24,unemployed,Oct-Dec 2017,1364.568345256145,https://www.statssa.gov.za/publications/P0211/QLFS%20Trends%202008-2026Q2.xlsx
ZA:15-24,unemployed,Jan-Mar 2018,1381.485346634638,https://www.statssa.gov.za/publications/P0211/QLFS%20Trends%202008-2026Q2.xlsx
ZA:15-24,unemployed,Apr-Jun 2018,1389.550729608548,https://www.statssa.gov.za/publications/P0211/QLFS%20Trends%202008-2026Q2.xlsx
ZA:15-24,unemployed,Jul-Sep 2018,1407.606802959925,https://www.statssa.gov.za/publications/P0211/QLFS%20Trends%202008-2026Q2.xlsx
ZA:15-24,unemployed,Oct-Dec 2018,1417.4954799881336,https://www.statssa.gov.za/publications/P0211/QLFS%20Trends%202008-2026Q2.xlsx
ZA:15-24,unemployed,Jan-Mar 2019,1409.4302257896552,https://www.statssa.gov.za/publications/P0211/QLFS%20Trends%202008-2026Q2.xlsx
ZA:15-24,unemployed,Apr-Jun 2019,1510.5661625784562,https://www.statssa.gov.za/publications/P0211/QLFS%20Trends%202008-2026Q2.xlsx
ZA:15-24,unemployed,Jul-Sep 2019,1536.3178363629336,https://www.statssa.gov.za/publications/P0211/QLFS%20Trends%202008-2026Q2.xlsx
ZA:15-24,unemployed,Oct-Dec 2019,1564.8098177743732,https://www.statssa.gov.za/publications/P0211/QLFS%20Trends%202008-2026Q2.xlsx
ZA:15-24,unemployed,Jan-Mar 2020,1646.6196687978181,https://www.statssa.gov.za/publications/P0211/QLFS%20Trends%202008-2026Q2.xlsx
ZA:15-24,unemployed,Apr-Jun 2020,844.7082028498827,https://www.statssa.gov.za/publications/P0211/QLFS%20Trends%202008-2026Q2.xlsx
ZA:15-24,unemployed,Jul-Sep 2020,1261.0141426668918,https://www.statssa.gov.za/publications/P0211/QLFS%20Trends%202008-2026Q2.xlsx
ZA:15-24,unemployed,Oct-Dec 2020,1334.9086959984097,https://www.statssa.gov.za/publications/P0211/QLFS%20Trends%202008-2026Q2.xlsx
ZA:15-24,unemployed,Jan-Mar 2021,1335.5240309768806,https://www.statssa.gov.za/publications/P0211/QLFS%20Trends%202008-2026Q2.xlsx
ZA:15-24,unemployed,Apr-Jun 2021,1507.188133573636,https://www.statssa.gov.za/publications/P0211/QLFS%20Trends%202008-2026Q2.xlsx
ZA:15-24,unemployed,Jul-Sep 2021,1480.9416558933146,https://www.statssa.gov.za/publications/P0211/QLFS%20Trends%202008-2026Q2.xlsx
ZA:15-24,unemployed,Oct-Dec 2021,1542.902545462532,https://www.statssa.gov.za/publications/P0211/QLFS%20Trends%202008-2026Q2.xlsx
ZA:15-24,unemployed,Jan-Mar 2022,1629.4049644747224,https://www.statssa.gov.za/publications/P0211/QLFS%20Trends%202008-2026Q2.xlsx
ZA:15-24,unemployed,Apr-Jun 2022,1669.8178099008742,https://www.statssa.gov.za/publications/P0211/QLFS%20Trends%202008-2026Q2.xlsx
ZA:15-24,unemployed,Jul-Sep 2022,1571.8627225261516,https://www.statssa.gov.za/publications/P0211/QLFS%20Trends%202008-2026Q2.xlsx
ZA:15-24,unemployed,Oct-Dec 2022,1606.4935259674107,https://www.statssa.gov.za/publications/P0211/QLFS%20Trends%202008-2026Q2.xlsx
ZA:15-24,unemployed,Jan-Mar 2023,1753.8932843842847,https://www.statssa.gov.za/publications/P0211/QLFS%20Trends%202008-2026Q2.xlsx
ZA:15-24,unemployed,Apr-Jun 2023,1690.6388619969725,https://www.statssa.gov.za/publications/P0211/QLFS%20Trends%202008-2026Q2.xlsx
ZA:15-24,unemployed,Jul-Sep 2023,1586.1962024234263,https://www.statssa.gov.za/publications/P0211/QLFS%20Trends%202008-2026Q2.xlsx
ZA:15-24,unemployed,Oct-Dec 2023,1607.137899608366,https://www.statssa.gov.za/publications/P0211/QLFS%20Trends%202008-2026Q2.xlsx
ZA:15-24,unemployed,Jan-Mar 2024,1642.4932711168167,https://www.statssa.gov.za/publications/P0211/QLFS%20Trends%202008-2026Q2.xlsx
ZA:15-24,unemployed,Apr-Jun 2024,1691.0057440610406,https://www.statssa.gov.za/publications/P0211/QLFS%20Trends%202008-2026Q2.xlsx
ZA:15-24,unemployed,Jul-Sep 2024,1643.369494163357,https://www.statssa.gov.za/publications/P0211/QLFS%20Trends%202008-2026Q2.xlsx
ZA:15-24,unemployed,Oct-Dec 2024,1628.8959390407651,https://www.statssa.gov.za/publications/P0211/QLFS%20Trends%202008-2026Q2.xlsx
ZA:15-24,unemployed,Jan-Mar 2025,1692.261275450288,https://www.statssa.gov.za/publications/P0211/QLFS%20Trends%202008-2026Q2.xlsx
ZA:15-24,unemployed,Apr-Jun 2025,1715.1546625200383,https://www.statssa.gov.za/publications/P0211/QLFS%20Trends%202008-2026Q2.xlsx
ZA:15-24,unemployed,Jul-Sep 2025,1656.7574801844282,https://www.statssa.gov.za/publications/P0211/QLFS%20Trends%202008-2026Q2.xlsx
ZA:15-24,unemployed,Oct-Dec 2025,1513.4060160698214,https://www.statssa.gov.za/publications/P0211/QLFS%20Trends%202008-2026Q2.xlsx
ZA:15-24,unemployed,Jan-Mar 2026,1631.7207079109237,https://www.statssa.gov.za/publications/P0211/QLFS%20Trends%202008-2026Q2.xlsx
ZA:15-24,unemployed,Apr-Jun 2026,1763.6748123372954,https://www.statssa.gov.za/publications/P0211/QLFS%20Trends%202008-2026Q2.xlsx
ZA:25-34,labour_force,Jan-Mar 2008,6536.833687788872,https://www.statssa.gov.za/publications/P0211/QLFS%20Trends%202008-2026Q2.xlsx
ZA:25-34,labour_force,Apr-Jun 2008,6568.515983264569,https://www.statssa.gov.za/publications/P0211/QLFS%20Trends%202008-2026Q2.xlsx
ZA:25-34,labour_force,Jul-Sep 2008,6553.133255650066,https://www.statssa.gov.za/publications/P0211/QLFS%20Trends%202008-2026Q2.xlsx
ZA:25-34,labour_force,Oct-Dec 2008,6563.877724137826,https://www.statssa.gov.za/publications/P0211/QLFS%20Trends%202008-2026Q2.xlsx
ZA:25-34,labour_force,Jan-Mar 2009,6560.31404060407,https://www.statssa.gov.za/publications/P0211/QLFS%20Trends%202008-2026Q2.xlsx
ZA:25-34,labour_force,Apr-Jun 2009,6445.991370192632,https://www.statssa.gov.za/publications/P0211/QLFS%20Trends%202008-2026Q2.xlsx
ZA:25-34,labour_force,Jul-Sep 2009,6352.387988868954,https://www.statssa.gov.za/publications/P0211/QLFS%20Trends%202008-2026Q2.xlsx
ZA:25-34,labour_force,Oct-Dec 2009,6365.868457233702,https://www.statssa.gov.za/publications/P0211/QLFS%20Trends%202008-2026Q2.xlsx
ZA:25-34,labour_force,Jan-Mar 2010,6371.235138308101,https://www.statssa.gov.za/publications/P0211/QLFS%20Trends%202008-2026Q2.xlsx
ZA:25-34,labour_force,Apr-Jun 2010,6303.830529131593,https://www.statssa.gov.za/publications/P0211/QLFS%20Trends%202008-2026Q2.xlsx
ZA:25-34,labour_force,Jul-Sep 2010,6312.032017490582,https://www.statssa.gov.za/publications/P0211/QLFS%20Trends%202008-2026Q2.xlsx
ZA:25-34,labour_force,Oct-Dec 2010,6300.1501775844,https://www.statssa.gov.za/publications/P0211/QLFS%20Trends%202008-2026Q2.xlsx
ZA:25-34,labour_force,Jan-Mar 2011,6378.2348881633325,https://www.statssa.gov.za/publications/P0211/QLFS%20Trends%202008-2026Q2.xlsx
ZA:25-34,labour_force,Apr-Jun 2011,6418.471075629262,https://www.statssa.gov.za/publications/P0211/QLFS%20Trends%202008-2026Q2.xlsx
ZA:25-34,labour_force,Jul-Sep 2011,6441.670467368028,https://www.statssa.gov.za/publications/P0211/QLFS%20Trends%202008-2026Q2.xlsx
ZA:25-34,labour_force,Oct-Dec 2011,6437.582776342225,https://www.statssa.gov.za/publications/P0211/QLFS%20Trends%202008-2026Q2.xlsx
ZA:25-34,labour_force,Jan-Mar 2012,6482.739501912432,https://www.statssa.gov.za/publications/P0211/QLFS%20Trends%202008-2026Q2.xlsx
ZA:25-34,labour_force,Apr-Jun 2012,6566.101111317215,https://www.statssa.gov.za/publications/P0211/QLFS%20Trends%202008-2026Q2.xlsx
ZA:25-34,labour_force,Jul-Sep 2012,6659.41058588407,https://www.statssa.gov.za/publications/P0211/QLFS%20Trends%202008-2026Q2.xlsx
ZA:25-34,labour_force,Oct-Dec 2012,6562.438286521356,https://www.statssa.gov.za/publications/P0211/QLFS%20Trends%202008-2026Q2.xlsx
ZA:25-34,labour_force,Jan-Mar 2013,6552.7136430970895,https://www.statssa.gov.za/publications/P0211/QLFS%20Trends%202008-2026Q2.xlsx
ZA:25-34,labour_force,Apr-Jun 2013,6663.451322860546,https://www.statssa.gov.za/publications/P0211/QLFS%20Trends%202008-2026Q2.xlsx
ZA:25-34,labour_force,Jul-Sep 2013,6683.9162560824325,https://www.statssa.gov.za/publications/P0211/QLFS%20Trends%202008-2026Q2.xlsx
ZA:25-34,labour_force,Oct-Dec 2013,6794.67618137273,https://www.statssa.gov.za/publications/P0211/QLFS%20Trends%202008-2026Q2.xlsx
ZA:25-34,labour_force,Jan-Mar 2014,6772.98785732253,https://www.statssa.gov.za/publications/P0211/QLFS%20Trends%202008-2026Q2.xlsx
ZA:25-34,labour_force,Apr-Jun 2014,6742.814518911347,https://www.statssa.gov.za/publications/P0211/QLFS%20Trends%202008-2026Q2.xlsx
ZA:25-34,labour_force,Jul-Sep 2014,6878.9683139941135,https://www.statssa.gov.za/publications/P0211/QLFS%20Trends%202008-2026Q2.xlsx
ZA:25-34,labour_force,Oct-Dec 2014,6823.683760304542,https://www.statssa.gov.za/publications/P0211/QLFS%20Trends%202008-2026Q2.xlsx
ZA:25-34,labour_force,Jan-Mar 2015,7032.460509296681,https://www.statssa.gov.za/publications/P0211/QLFS%20Trends%202008-2026Q2.xlsx
ZA:25-34,labour_force,Apr-Jun 2015,7044.989918326207,https://www.statssa.gov.za/publications/P0211/QLFS%20Trends%202008-2026Q2.xlsx
ZA:25-34,labour_force,Jul-Sep 2015,7126.732214752288,https://www.statssa.gov.za/publications/P0211/QLFS%20Trends%202008-2026Q2.xlsx
ZA:25-34,labour_force,Oct-Dec 2015,7129.746796144892,https://www.statssa.gov.za/publications/P0211/QLFS%20Trends%202008-2026Q2.xlsx
ZA:25-34,labour_force,Jan-Mar 2016,7181.66782800138,https://www.statssa.gov.za/publications/P0211/QLFS%20Trends%202008-2026Q2.xlsx
ZA:25-34,labour_force,Apr-Jun 2016,7032.604182502785,https://www.statssa.gov.za/publications/P0211/QLFS%20Trends%202008-2026Q2.xlsx
ZA:25-34,labour_force,Jul-Sep 2016,7214.767792167083,https://www.statssa.gov.za/publications/P0211/QLFS%20Trends%202008-2026Q2.xlsx
ZA:25-34,labour_force,Oct-Dec 2016,7273.076459941455,https://www.statssa.gov.za/publications/P0211/QLFS%20Trends%202008-2026Q2.xlsx
ZA:25-34,labour_force,Jan-Mar 2017,7361.548117464615,https://www.statssa.gov.za/publications/P0211/QLFS%20Trends%202008-2026Q2.xlsx
ZA:25-34,labour_force,Apr-Jun 2017,7306.6814941207585,https://www.statssa.gov.za/publications/P0211/QLFS%20Trends%202008-2026Q2.xlsx
ZA:25-34,labour_force,Jul-Sep 2017,7324.571524527129,https://www.statssa.gov.za/publications/P0211/QLFS%20Trends%202008-2026Q2.xlsx
ZA:25-34,labour_force,Oct-Dec 2017,7186.8719571162255,https://www.statssa.gov.za/publications/P0211/QLFS%20Trends%202008-2026Q2.xlsx
ZA:25-34,labour_force,Jan-Mar 2018,7303.234565742414,https://www.statssa.gov.za/publications/P0211/QLFS%20Trends%202008-2026Q2.xlsx
ZA:25-34,labour_force,Apr-Jun 2018,7334.2578008772825,https://www.statssa.gov.za/publications/P0211/QLFS%20Trends%202008-2026Q2.xlsx
ZA:25-34,labour_force,Jul-Sep 2018,7404.067416082305,https://www.statssa.gov.za/publications/P0211/QLFS%20Trends%202008-2026Q2.xlsx
ZA:25-34,labour_force,Oct-Dec 2018,7414.840075341362,https://www.statssa.gov.za/publications/P0211/QLFS%20Trends%202008-2026Q2.xlsx
ZA:25-34,labour_force,Jan-Mar 2019,7375.370506695128,https://www.statssa.gov.za/publications/P0211/QLFS%20Trends%202008-2026Q2.xlsx
ZA:25-34,labour_force,Apr-Jun 2019,7451.50744459197,https://www.statssa.gov.za/publications/P0211/QLFS%20Trends%202008-2026Q2.xlsx
ZA:25-34,labour_force,Jul-Sep 2019,7519.00746844754,https://www.statssa.gov.za/publications/P0211/QLFS%20Trends%202008-2026Q2.xlsx
ZA:25-34,labour_force,Oct-Dec 2019,7512.159181111772,https://www.statssa.gov.za/publications/P0211/QLFS%20Trends%202008-2026Q2.xlsx
ZA:25-34,labour_force,Jan-Mar 2020,7575.369818446555,https://www.statssa.gov.za/publications/P0211/QLFS%20Trends%202008-2026Q2.xlsx
ZA:25-34,labour_force,Apr-Jun 2020,5770.5096958476925,https://www.statssa.gov.za/publications/P0211/QLFS%20Trends%202008-2026Q2.xlsx
ZA:25-34,labour_force,Jul-Sep 2020,6878.135950153472,https://www.statssa.gov.za/publications/P0211/QLFS%20Trends%202008-2026Q2.xlsx
ZA:25-34,labour_force,Oct-Dec 2020,7303.636852315559,https://www.statssa.gov.za/publications/P0211/QLFS%20Trends%202008-2026Q2.xlsx
ZA:25-34,labour_force,Jan-Mar 2021,7206.748241436751,https://www.statssa.gov.za/publications/P0211/QLFS%20Trends%202008-2026Q2.xlsx
ZA:25-34,labour_force,Apr-Jun 2021,7383.672944404365,https://www.statssa.gov.za/publications/P0211/QLFS%20Trends%202008-2026Q2.xlsx
ZA:25-34,labour_force,Jul-Sep 2021,6986.080912972192,https://www.statssa.gov.za/publications/P0211/QLFS%20Trends%202008-2026Q2.xlsx
ZA:25-34,labour_force,Oct-Dec 2021,7230.668129217695,https://www.statssa.gov.za/publications/P0211/QLFS%20Trends%202008-2026Q2.xlsx
ZA:25-34,labour_force,Jan-Mar 2022,7242.445770587474,https://www.statssa.gov.za/publications/P0211/QLFS%20Trends%202008-2026Q2.xlsx
ZA:25-34,labour_force,Apr-Jun 2022,7533.109275649901,https://www.statssa.gov.za/publications/P0211/QLFS%20Trends%202008-2026Q2.xlsx
ZA:25-34,labour_force,Jul-Sep 2022,7458.953444149297,https://www.statssa.gov.za/publications/P0211/QLFS%20Trends%202008-2026Q2.xlsx
ZA:25-34,labour_force,Oct-Dec 2022,7593.602698910532,https://www.statssa.gov.za/publications/P0211/QLFS%20Trends%202008-2026Q2.xlsx
ZA:25-34,labour_force,Jan-Mar 2023,7673.933016692018,https://www.statssa.gov.za/publications/P0211/QLFS%20Trends%202008-2026Q2.xlsx
ZA:25-34,labour_force,Apr-Jun 2023,7684.960915836604,https://www.statssa.gov.za/publications/P0211/QLFS%20Trends%202008-2026Q2.xlsx
ZA:25-34,labour_force,Jul-Sep 2023,7797.703393583793,https://www.statssa.gov.za/publications/P0211/QLFS%20Trends%202008-2026Q2.xlsx
ZA:25-34,labour_force,Oct-Dec 2023,7818.630718612237,https://www.statssa.gov.za/publications/P0211/QLFS%20Trends%202008-2026Q2.xlsx
ZA:25-34,labour_force,Jan-Mar 2024,8002.29921139276,https://www.statssa.gov.za/publications/P0211/QLFS%20Trends%202008-2026Q2.xlsx
ZA:25-34,labour_force,Apr-Jun 2024,7935.104864456757,https://www.statssa.gov.za/publications/P0211/QLFS%20Trends%202008-2026Q2.xlsx
ZA:25-34,labour_force,Jul-Sep 2024,7881.1717064291615,https://www.statssa.gov.za/publications/P0211/QLFS%20Trends%202008-2026Q2.xlsx
ZA:25-34,labour_force,Oct-Dec 2024,7782.522230741219,https://www.statssa.gov.za/publications/P0211/QLFS%20Trends%202008-2026Q2.xlsx
ZA:25-34,labour_force,Jan-Mar 2025,7801.586564812105,https://www.statssa.gov.za/publications/P0211/QLFS%20Trends%202008-2026Q2.xlsx
ZA:25-34,labour_force,Apr-Jun 2025,7823.094900071055,https://www.statssa.gov.za/publications/P0211/QLFS%20Trends%202008-2026Q2.xlsx
ZA:25-34,labour_force,Jul-Sep 2025,7765.011870102347,https://www.statssa.gov.za/publications/P0211/QLFS%20Trends%202008-2026Q2.xlsx
ZA:25-34,labour_force,Oct-Dec 2025,7744.632304041985,https://www.statssa.gov.za/publications/P0211/QLFS%20Trends%202008-2026Q2.xlsx
ZA:25-34,labour_force,Jan-Mar 2026,7644.0202359877885,https://www.statssa.gov.za/publications/P0211/QLFS%20Trends%202008-2026Q2.xlsx
ZA:25-34,labour_force,Apr-Jun 2026,7740.581721726819,https://www.statssa.gov.za/publications/P0211/QLFS%20Trends%202008-2026Q2.xlsx
ZA:25-34,unemployed,Jan-Mar 2008,1720.032513762239,https://www.statssa.gov.za/publications/P0211/QLFS%20Trends%202008-2026Q2.xlsx
ZA:25-34,unemployed,Apr-Jun 2008,1724.8589171388712,https://www.statssa.gov.za/publications/P0211/QLFS%20Trends%202008-2026Q2.xlsx
ZA:25-34,unemployed,Jul-Sep 2008,1694.7153164866695,https://www.statssa.gov.za/publications/P0211/QLFS%20Trends%202008-2026Q2.xlsx
ZA:25-34,unemployed,Oct-Dec 2008,1636.3961043936401,https://www.statssa.gov.za/publications/P0211/QLFS%20Trends%202008-2026Q2.xlsx
ZA:25-34,unemployed,Jan-Mar 2009,1793.6900165672305,https://www.statssa.gov.za/publications/P0211/QLFS%20Trends%202008-2026Q2.xlsx
ZA:25-34,unemployed,Apr-Jun 2009,1755.2377922256346,https://www.statssa.gov.za/publications/P0211/QLFS%20Trends%202008-2026Q2.xlsx
ZA:25-34,unemployed,Jul-Sep 2009,1838.187658985634,https://www.statssa.gov.za/publications/P0211/QLFS%20Trends%202008-2026Q2.xlsx
ZA:25-34,unemployed,Oct-Dec 2009,1837.03212092616,https://www.statssa.gov.za/publications/P0211/QLFS%20Trends%202008-2026Q2.xlsx
ZA:25-34,unemployed,Jan-Mar 2010,1884.990557218207,https://www.statssa.gov.za/publications/P0211/QLFS%20Trends%202008-2026Q2.xlsx
ZA:25-34,unemployed,Apr-Jun 2010,1829.5048231019298,https://www.statssa.gov.za/publications/P0211/QLFS%20Trends%202008-2026Q2.xlsx
ZA:25-34,unemployed,Jul-Sep 2010,1875.3851606678868,https://www.statssa.gov.za/publications/P0211/QLFS%20Trends%202008-2026Q2.xlsx
ZA:25-34,unemployed,Oct-Dec 2010,1809.5769130750587,https://www.statssa.gov.za/publications/P0211/QLFS%20Trends%202008-2026Q2.xlsx
ZA:25-34,unemployed,Jan-Mar 2011,1941.6602943222201,https://www.statssa.gov.za/publications/P0211/QLFS%20Trends%202008-2026Q2.xlsx
ZA:25-34,unemployed,Apr-Jun 2011,2002.005190441143,https://www.statssa.gov.za/publications/P0211/QLFS%20Trends%202008-2026Q2.xlsx
ZA:25-34,unemployed,Jul-Sep 2011,1925.0401465888258,https://www.statssa.gov.za/publications/P0211/QLFS%20Trends%202008-2026Q2.xlsx
ZA:25-34,unemployed,Oct-Dec 2011,1808.2454360226698,https://www.statssa.gov.za/publications/P0211/QLFS%20Trends%202008-2026Q2.xlsx
ZA:25-34,unemployed,Jan-Mar 2012,1888.3395749467422,https://www.statssa.gov.za/publications/P0211/QLFS%20Trends%202008-2026Q2.xlsx
ZA:25-34,unemployed,Apr-Jun 2012,1936.4273220194862,https://www.statssa.gov.za/publications/P0211/QLFS%20Trends%202008-2026Q2.xlsx
ZA:25-34,unemployed,Jul-Sep 2012,1987.94134033994,https://www.statssa.gov.za/publications/P0211/QLFS%20Trends%202008-2026Q2.xlsx
ZA:25-34,unemployed,Oct-Dec 2012,1954.269068318227,https://www.statssa.gov.za/publications/P0211/QLFS%20Trends%202008-2026Q2.xlsx
ZA:25-34,unemployed,Jan-Mar 2013,1926.5414370791623,https://www.statssa.gov.za/publications/P0211/QLFS%20Trends%202008-2026Q2.xlsx
ZA:25-34,unemployed,Apr-Jun 2013,1990.1021865033745,https://www.statssa.gov.za/publications/P0211/QLFS%20Trends%202008-2026Q2.xlsx
ZA:25-34,unemployed,Jul-Sep 2013,1932.192371296005,https://www.statssa.gov.za/publications/P0211/QLFS%20Trends%202008-2026Q2.xlsx
ZA:25-34,unemployed,Oct-Dec 2013,1922.2985344038,https://www.statssa.gov.za/publications/P0211/QLFS%20Trends%202008-2026Q2.xlsx
ZA:25-34,unemployed,Jan-Mar 2014,1998.291586659549,https://www.statssa.gov.za/publications/P0211/QLFS%20Trends%202008-2026Q2.xlsx
ZA:25-34,unemployed,Apr-Jun 2014,2014.0733653728823,https://www.statssa.gov.za/publications/P0211/QLFS%20Trends%202008-2026Q2.xlsx
ZA:25-34,unemployed,Jul-Sep 2014,2153.976892024206,https://www.statssa.gov.za/publications/P0211/QLFS%20Trends%202008-2026Q2.xlsx
ZA:25-34,unemployed,Oct-Dec 2014,2020.306251790772,https://www.statssa.gov.za/publications/P0211/QLFS%20Trends%202008-2026Q2.xlsx
ZA:25-34,unemployed,Jan-Mar 2015,2210.7464651214386,https://www.statssa.gov.za/publications/P0211/QLFS%20Trends%202008-2026Q2.xlsx
ZA:25-34,unemployed,Apr-Jun 2015,2108.768112497053,https://www.statssa.gov.za/publications/P0211/QLFS%20Trends%202008-2026Q2.xlsx
ZA:25-34,unemployed,Jul-Sep 2015,2158.1257727371813,https://www.statssa.gov.za/publications/P0211/QLFS%20Trends%202008-2026Q2.xlsx
ZA:25-34,unemployed,Oct-Dec 2015,2075.3468163330094,https://www.statssa.gov.za/publications/P0211/QLFS%20Trends%202008-2026Q2.xlsx
ZA:25-34,unemployed,Jan-Mar 2016,2242.486601207621,https://www.statssa.gov.za/publications/P0211/QLFS%20Trends%202008-2026Q2.xlsx
ZA:25-34,unemployed,Apr-Jun 2016,2208.109102170161,https://www.statssa.gov.za/publications/P0211/QLFS%20Trends%202008-2026Q2.xlsx
ZA:25-34,unemployed,Jul-Sep 2016,2318.8742355164322,https://www.statssa.gov.za/publications/P0211/QLFS%20Trends%202008-2026Q2.xlsx
ZA:25-34,unemployed,Oct-Dec 2016,2318.98550154164,https://www.statssa.gov.za/publications/P0211/QLFS%20Trends%202008-2026Q2.xlsx
ZA:25-34,unemployed,Jan-Mar 2017,2395.436754207846,https://www.statssa.gov.za/publications/P0211/QLFS%20Trends%202008-2026Q2.xlsx
ZA:25-34,unemployed,Apr-Jun 2017,2399.3143916771483,https://www.statssa.gov.za/publications/P0211/QLFS%20Trends%202008-2026Q2.xlsx
ZA:25-34,unemployed,Jul-Sep 2017,2453.7166020398413,https://www.statssa.gov.za/publications/P0211/QLFS%20Trends%202008-2026Q2.xlsx
ZA:25-34,unemployed,Oct-Dec 2017,2397.196827567639,https://www.statssa.gov.za/publications/P0211/QLFS%20Trends%202008-2026Q2.xlsx
ZA:25-34,unemployed,Jan-Mar 2018,2413.1646034752607,https://www.statssa.gov.za/publications/P0211/QLFS%20Trends%202008-2026Q2.xlsx
ZA:25-34,unemployed,Apr-Jun 2018,2465.561753004311,https://www.statssa.gov.za/publications/P0211/QLFS%20Trends%202008-2026Q2.xlsx
ZA:25-34,unemployed,Jul-Sep 2018,2514.3984672524925,https://www.statssa.gov.za/publications/P0211/QLFS%20Trends%202008-2026Q2.xlsx
ZA:25-34,unemployed,Oct-Dec 2018,2449.6874035981664,https://www.statssa.gov.za/publications/P0211/QLFS%20Trends%202008-2026Q2.xlsx
ZA:25-34,unemployed,Jan-Mar 2019,2523.9731610818317,https://www.statssa.gov.za/publications/P0211/QLFS%20Trends%202008-2026Q2.xlsx
ZA:25-34,unemployed,Apr-Jun 2019,2654.699107813184,https://www.statssa.gov.za/publications/P0211/QLFS%20Trends%202008-2026Q2.xlsx
ZA:25-34,unemployed,Jul-Sep 2019,2716.21029822514,https://www.statssa.gov.za/publications/P0211/QLFS%20Trends%202008-2026Q2.xlsx
ZA:25-34,unemployed,Oct-Dec 2019,2673.0689950102196,https://www.statssa.gov.za/publications/P0211/QLFS%20Trends%202008-2026Q2.xlsx
ZA:25-34,unemployed,Jan-Mar 2020,2828.0754428300006,https://www.statssa.gov.za/publications/P0211/QLFS%20Trends%202008-2026Q2.xlsx
ZA:25-34,unemployed,Apr-Jun 2020,1670.2178614164059,https://www.statssa.gov.za/publications/P0211/QLFS%20Trends%202008-2026Q2.xlsx
ZA:25-34,unemployed,Jul-Sep 2020,2598.314152660992,https://www.statssa.gov.za/publications/P0211/QLFS%20Trends%202008-2026Q2.xlsx
ZA:25-34,unemployed,Oct-Dec 2020,3005.5818715377104,https://www.statssa.gov.za/publications/P0211/QLFS%20Trends%202008-2026Q2.xlsx
ZA:25-34,unemployed,Jan-Mar 2021,2976.59774362294,https://www.statssa.gov.za/publications/P0211/QLFS%20Trends%202008-2026Q2.xlsx
ZA:25-34,unemployed,Apr-Jun 2021,3169.5128975669318,https://www.statssa.gov.za/publications/P0211/QLFS%20Trends%202008-2026Q2.xlsx
ZA:25-34,unemployed,Jul-Sep 2021,3059.327020311578,https://www.statssa.gov.za/publications/P0211/QLFS%20Trends%202008-2026Q2.xlsx
ZA:25-34,unemployed,Oct-Dec 2021,3142.3649552809916,https://www.statssa.gov.za/publications/P0211/QLFS%20Trends%202008-2026Q2.xlsx
ZA:25-34,unemployed,Jan-Mar 2022,3050.915714863985,https://www.statssa.gov.za/publications/P0211/QLFS%20Trends%202008-2026Q2.xlsx
ZA:25-34,unemployed,Apr-Jun 2022,3102.658586587502,https://www.statssa.gov.za/publications/P0211/QLFS%20Trends%202008-2026Q2.xlsx
ZA:25-34,unemployed,Jul-Sep 2022,3018.604874258135,https://www.statssa.gov.za/publications/P0211/QLFS%20Trends%202008-2026Q2.xlsx
ZA:25-34,unemployed,Oct-Dec 2022,3030.0011386995484,https://www.statssa.gov.za/publications/P0211/QLFS%20Trends%202008-2026Q2.xlsx
ZA:25-34,unemployed,Jan-Mar 2023,3123.808815873059,https://www.statssa.gov.za/publications/P0211/QLFS%20Trends%202008-2026Q2.xlsx
ZA:25-34,unemployed,Apr-Jun 2023,3055.880706267725,https://www.statssa.gov.za/publications/P0211/QLFS%20Trends%202008-2026Q2.xlsx
ZA:25-34,unemployed,Jul-Sep 2023,2986.8030951975993,https://www.statssa.gov.za/publications/P0211/QLFS%20Trends%202008-2026Q2.xlsx
ZA:25-34,unemployed,Oct-Dec 2023,3052.8452092373445,https://www.statssa.gov.za/publications/P0211/QLFS%20Trends%202008-2026Q2.xlsx
ZA:25-34,unemployed,Jan-Mar 2024,3253.2288820776416,https://www.statssa.gov.za/publications/P0211/QLFS%20Trends%202008-2026Q2.xlsx
ZA:25-34,unemployed,Apr-Jun 2024,3305.594264440773,https://www.statssa.gov.za/publications/P0211/QLFS%20Trends%202008-2026Q2.xlsx
ZA:25-34,unemployed,Jul-Sep 2024,3182.4072753464593,https://www.statssa.gov.za/publications/P0211/QLFS%20Trends%202008-2026Q2.xlsx
ZA:25-34,unemployed,Oct-Dec 2024,3063.875240397643,https://www.statssa.gov.za/publications/P0211/QLFS%20Trends%202008-2026Q2.xlsx
ZA:25-34,unemployed,Jan-Mar 2025,3151.029151165408,https://www.statssa.gov.za/publications/P0211/QLFS%20Trends%202008-2026Q2.xlsx
ZA:25-34,unemployed,Apr-Jun 2025,3166.921495266466,https://www.statssa.gov.za/publications/P0211/QLFS%20Trends%202008-2026Q2.xlsx
ZA:25-34,unemployed,Jul-Sep 2025,2978.3064302659805,https://www.statssa.gov.za/publications/P0211/QLFS%20Trends%202008-2026Q2.xlsx
ZA:25-34,unemployed,Oct-Dec 2025,3037.8457792223453,https://www.statssa.gov.za/publications/P0211/QLFS%20Trends%202008-2026Q2.xlsx
ZA:25-34,unemployed,Jan-Mar 2026,3100.973515258141,https://www.statssa.gov.za/publications/P0211/QLFS%20Trends%202008-2026Q2.xlsx
ZA:25-34,unemployed,Apr-Jun 2026,3232.77908833074,https://www.statssa.gov.za/publications/P0211/QLFS%20Trends%202008-2026Q2.xlsx
ZA:35-44,labour_force,Jan-Mar 2008,4865.512434880679,https://www.statssa.gov.za/publications/P0211/QLFS%20Trends%202008-2026Q2.xlsx
ZA:35-44,labour_force,Apr-Jun 2008,4879.50183901651,https://www.statssa.gov.za/publications/P0211/QLFS%20Trends%202008-2026Q2.xlsx
ZA:35-44,labour_force,Jul-Sep 2008,4932.236205794621,https://www.statssa.gov.za/publications/P0211/QLFS%20Trends%202008-2026Q2.xlsx
ZA:35-44,labour_force,Oct-Dec 2008,4930.357625282616,https://www.statssa.gov.za/publications/P0211/QLFS%20Trends%202008-2026Q2.xlsx
ZA:35-44,labour_force,Jan-Mar 2009,4993.164369687934,https://www.statssa.gov.za/publications/P0211/QLFS%20Trends%202008-2026Q2.xlsx
ZA:35-44,labour_force,Apr-Jun 2009,4992.335968426185,https://www.statssa.gov.za/publications/P0211/QLFS%20Trends%202008-2026Q2.xlsx
ZA:35-44,labour_force,Jul-Sep 2009,4991.478236840028,https://www.statssa.gov.za/publications/P0211/QLFS%20Trends%202008-2026Q2.xlsx
ZA:35-44,labour_force,Oct-Dec 2009,5004.7238155292025,https://www.statssa.gov.za/publications/P0211/QLFS%20Trends%202008-2026Q2.xlsx
ZA:35-44,labour_force,Jan-Mar 2010,5049.797450264086,https://www.statssa.gov.za/publications/P0211/QLFS%20Trends%202008-2026Q2.xlsx
ZA:35-44,labour_force,Apr-Jun 2010,5009.032023386185,https://www.statssa.gov.za/publications/P0211/QLFS%20Trends%202008-2026Q2.xlsx
ZA:35-44,labour_force,Jul-Sep 2010,5010.097103545132,https://www.statssa.gov.za/publications/P0211/QLFS%20Trends%202008-2026Q2.xlsx
ZA:35-44,labour_force,Oct-Dec 2010,5072.2057798292535,https://www.statssa.gov.za/publications/P0211/QLFS%20Trends%202008-2026Q2.xlsx
ZA:35-44,labour_force,Jan-Mar 2011,5147.764138155009,https://www.statssa.gov.za/publications/P0211/QLFS%20Trends%202008-2026Q2.xlsx
ZA:35-44,labour_force,Apr-Jun 2011,5188.195036988119,https://www.statssa.gov.za/publications/P0211/QLFS%20Trends%202008-2026Q2.xlsx
ZA:35-44,labour_force,Jul-Sep 2011,5221.49702249871,https://www.statssa.gov.za/publications/P0211/QLFS%20Trends%202008-2026Q2.xlsx
ZA:35-44,labour_force,Oct-Dec 2011,5250.090951263714,https://www.statssa.gov.za/publications/P0211/QLFS%20Trends%202008-2026Q2.xlsx
ZA:35-44,labour_force,Jan-Mar 2012,5288.287660359108,https://www.statssa.gov.za/publications/P0211/QLFS%20Trends%202008-2026Q2.xlsx
ZA:35-44,labour_force,Apr-Jun 2012,5399.540310377715,https://www.statssa.gov.za/publications/P0211/QLFS%20Trends%202008-2026Q2.xlsx
ZA:35-44,labour_force,Jul-Sep 2012,5491.420615506104,https://www.statssa.gov.za/publications/P0211/QLFS%20Trends%202008-2026Q2.xlsx
ZA:35-44,labour_force,Oct-Dec 2012,5471.041843707466,https://www.statssa.gov.za/publications/P0211/QLFS%20Trends%202008-2026Q2.xlsx
ZA:35-44,labour_force,Jan-Mar 2013,5529.65776773993,https://www.statssa.gov.za/publications/P0211/QLFS%20Trends%202008-2026Q2.xlsx
ZA:35-44,labour_force,Apr-Jun 2013,5583.654198296315,https://www.statssa.gov.za/publications/P0211/QLFS%20Trends%202008-2026Q2.xlsx
ZA:35-44,labour_force,Jul-Sep 2013,5686.35383705432,https://www.statssa.gov.za/publications/P0211/QLFS%20Trends%202008-2026Q2.xlsx
ZA:35-44,labour_force,Oct-Dec 2013,5688.11934393609,https://www.statssa.gov.za/publications/P0211/QLFS%20Trends%202008-2026Q2.xlsx
ZA:35-44,labour_force,Jan-Mar 2014,5746.948958690183,https://www.statssa.gov.za/publications/P0211/QLFS%20Trends%202008-2026Q2.xlsx
ZA:35-44,labour_force,Apr-Jun 2014,5791.040811431206,https://www.statssa.gov.za/publications/P0211/QLFS%20Trends%202008-2026Q2.xlsx
ZA:35-44,labour_force,Jul-Sep 2014,5765.647430171555,https://www.statssa.gov.za/publications/P0211/QLFS%20Trends%202008-2026Q2.xlsx
ZA:35-44,labour_force,Oct-Dec 2014,5858.234834644662,https://www.statssa.gov.za/publications/P0211/QLFS%20Trends%202008-2026Q2.xlsx
ZA:35-44,labour_force,Jan-Mar 2015,5952.930286842906,https://www.statssa.gov.za/publications/P0211/QLFS%20Trends%202008-2026Q2.xlsx
ZA:35-44,labour_force,Apr-Jun 2015,6018.123659332781,https://www.statssa.gov.za/publications/P0211/QLFS%20Trends%202008-2026Q2.xlsx
ZA:35-44,labour_force,Jul-Sep 2015,6099.125089736023,https://www.statssa.gov.za/publications/P0211/QLFS%20Trends%202008-2026Q2.xlsx
ZA:35-44,labour_force,Oct-Dec 2015,6094.767865326912,https://www.statssa.gov.za/publications/P0211/QLFS%20Trends%202008-2026Q2.xlsx
ZA:35-44,labour_force,Jan-Mar 2016,6105.538143943682,https://www.statssa.gov.za/publications/P0211/QLFS%20Trends%202008-2026Q2.xlsx
ZA:35-44,labour_force,Apr-Jun 2016,6123.493689692499,https://www.statssa.gov.za/publications/P0211/QLFS%20Trends%202008-2026Q2.xlsx
ZA:35-44,labour_force,Jul-Sep 2016,6270.611784368554,https://www.statssa.gov.za/publications/P0211/QLFS%20Trends%202008-2026Q2.xlsx
ZA:35-44,labour_force,Oct-Dec 2016,6351.705905390172,https://www.statssa.gov.za/publications/P0211/QLFS%20Trends%202008-2026Q2.xlsx
ZA:35-44,labour_force,Jan-Mar 2017,6427.858916468858,https://www.statssa.gov.za/publications/P0211/QLFS%20Trends%202008-2026Q2.xlsx
ZA:35-44,labour_force,Apr-Jun 2017,6489.602922389978,https://www.statssa.gov.za/publications/P0211/QLFS%20Trends%202008-2026Q2.xlsx
ZA:35-44,labour_force,Jul-Sep 2017,6505.569396199498,https://www.statssa.gov.za/publications/P0211/QLFS%20Trends%202008-2026Q2.xlsx
ZA:35-44,labour_force,Oct-Dec 2017,6423.337572459414,https://www.statssa.gov.za/publications/P0211/QLFS%20Trends%202008-2026Q2.xlsx
ZA:35-44,labour_force,Jan-Mar 2018,6517.873072366864,https://www.statssa.gov.za/publications/P0211/QLFS%20Trends%202008-2026Q2.xlsx
ZA:35-44,labour_force,Apr-Jun 2018,6536.51280259076,https://www.statssa.gov.za/publications/P0211/QLFS%20Trends%202008-2026Q2.xlsx
ZA:35-44,labour_force,Jul-Sep 2018,6535.347719000808,https://www.statssa.gov.za/publications/P0211/QLFS%20Trends%202008-2026Q2.xlsx
ZA:35-44,labour_force,Oct-Dec 2018,6595.831106990073,https://www.statssa.gov.za/publications/P0211/QLFS%20Trends%202008-2026Q2.xlsx
ZA:35-44,labour_force,Jan-Mar 2019,6504.643605125819,https://www.statssa.gov.za/publications/P0211/QLFS%20Trends%202008-2026Q2.xlsx
ZA:35-44,labour_force,Apr-Jun 2019,6632.391071538762,https://www.statssa.gov.za/publications/P0211/QLFS%20Trends%202008-2026Q2.xlsx
ZA:35-44,labour_force,Jul-Sep 2019,6711.330836365061,https://www.statssa.gov.za/publications/P0211/QLFS%20Trends%202008-2026Q2.xlsx
ZA:35-44,labour_force,Oct-Dec 2019,6681.345842477497,https://www.statssa.gov.za/publications/P0211/QLFS%20Trends%202008-2026Q2.xlsx
ZA:35-44,labour_force,Jan-Mar 2020,6745.015482983635,https://www.statssa.gov.za/publications/P0211/QLFS%20Trends%202008-2026Q2.xlsx
ZA:35-44,labour_force,Apr-Jun 2020,5567.169709126319,https://www.statssa.gov.za/publications/P0211/QLFS%20Trends%202008-2026Q2.xlsx
ZA:35-44,labour_force,Jul-Sep 2020,6288.553611025962,https://www.statssa.gov.za/publications/P0211/QLFS%20Trends%202008-2026Q2.xlsx
ZA:35-44,labour_force,Oct-Dec 2020,6558.9749482234165,https://www.statssa.gov.za/publications/P0211/QLFS%20Trends%202008-2026Q2.xlsx
ZA:35-44,labour_force,Jan-Mar 2021,6646.042982350475,https://www.statssa.gov.za/publications/P0211/QLFS%20Trends%202008-2026Q2.xlsx
ZA:35-44,labour_force,Apr-Jun 2021,6674.450777246717,https://www.statssa.gov.za/publications/P0211/QLFS%20Trends%202008-2026Q2.xlsx
ZA:35-44,labour_force,Jul-Sep 2021,6543.736596926946,https://www.statssa.gov.za/publications/P0211/QLFS%20Trends%202008-2026Q2.xlsx
ZA:35-44,labour_force,Oct-Dec 2021,6664.1194357974,https://www.statssa.gov.za/publications/P0211/QLFS%20Trends%202008-2026Q2.xlsx
ZA:35-44,labour_force,Jan-Mar 2022,6708.7410329274135,https://www.statssa.gov.za/publications/P0211/QLFS%20Trends%202008-2026Q2.xlsx
ZA:35-44,labour_force,Apr-Jun 2022,6823.064428468461,https://www.statssa.gov.za/publications/P0211/QLFS%20Trends%202008-2026Q2.xlsx
ZA:35-44,labour_force,Jul-Sep 2022,6901.187555015192,https://www.statssa.gov.za/publications/P0211/QLFS%20Trends%202008-2026Q2.xlsx
ZA:35-44,labour_force,Oct-Dec 2022,6925.81453225803,https://www.statssa.gov.za/publications/P0211/QLFS%20Trends%202008-2026Q2.xlsx
ZA:35-44,labour_force,Jan-Mar 2023,6996.246487937008,https://www.statssa.gov.za/publications/P0211/QLFS%20Trends%202008-2026Q2.xlsx
ZA:35-44,labour_force,Apr-Jun 2023,7065.77599129778,https://www.statssa.gov.za/publications/P0211/QLFS%20Trends%202008-2026Q2.xlsx
ZA:35-44,labour_force,Jul-Sep 2023,7182.207423303033,https://www.statssa.gov.za/publications/P0211/QLFS%20Trends%202008-2026Q2.xlsx
ZA:35-44,labour_force,Oct-Dec 2023,7195.9907586609015,https://www.statssa.gov.za/publications/P0211/QLFS%20Trends%202008-2026Q2.xlsx
ZA:35-44,labour_force,Jan-Mar 2024,7224.987998496604,https://www.statssa.gov.za/publications/P0211/QLFS%20Trends%202008-2026Q2.xlsx
ZA:35-44,labour_force,Apr-Jun 2024,7250.766560573361,https://www.statssa.gov.za/publications/P0211/QLFS%20Trends%202008-2026Q2.xlsx
ZA:35-44,labour_force,Jul-Sep 2024,7263.284968339543,https://www.statssa.gov.za/publications/P0211/QLFS%20Trends%202008-2026Q2.xlsx
ZA:35-44,labour_force,Oct-Dec 2024,7328.025016781567,https://www.statssa.gov.za/publications/P0211/QLFS%20Trends%202008-2026Q2.xlsx
ZA:35-44,labour_force,Jan-Mar 2025,7269.3297363919955,https://www.statssa.gov.za/publications/P0211/QLFS%20Trends%202008-2026Q2.xlsx
ZA:35-44,labour_force,Apr-Jun 2025,7326.420605881914,https://www.statssa.gov.za/publications/P0211/QLFS%20Trends%202008-2026Q2.xlsx
ZA:35-44,labour_force,Jul-Sep 2025,7250.321384158436,https://www.statssa.gov.za/publications/P0211/QLFS%20Trends%202008-2026Q2.xlsx
ZA:35-44,labour_force,Oct-Dec 2025,7293.9234866976585,https://www.statssa.gov.za/publications/P0211/QLFS%20Trends%202008-2026Q2.xlsx
ZA:35-44,labour_force,Jan-Mar 2026,7295.287891830461,https://www.statssa.gov.za/publications/P0211/QLFS%20Trends%202008-2026Q2.xlsx
ZA:35-44,labour_force,Apr-Jun 2026,7309.033714515266,https://www.statssa.gov.za/publications/P0211/QLFS%20Trends%202008-2026Q2.xlsx
ZA:35-44,unemployed,Jan-Mar 2008,794.9716694123282,https://www.statssa.gov.za/publications/P0211/QLFS%20Trends%202008-2026Q2.xlsx
ZA:35-44,unemployed,Apr-Jun 2008,773.044236127207,https://www.statssa.gov.za/publications/P0211/QLFS%20Trends%202008-2026Q2.xlsx
ZA:35-44,unemployed,Jul-Sep 2008,834.4054115301137,https://www.statssa.gov.za/publications/P0211/QLFS%20Trends%202008-2026Q2.xlsx
ZA:35-44,unemployed,Oct-Dec 2008,726.1492302210647,https://www.statssa.gov.za/publications/P0211/QLFS%20Trends%202008-2026Q2.xlsx
ZA:35-44,unemployed,Jan-Mar 2009,772.0458868876332,https://www.statssa.gov.za/publications/P0211/QLFS%20Trends%202008-2026Q2.xlsx
ZA:35-44,unemployed,Apr-Jun 2009,793.0040165082559,https://www.statssa.gov.za/publications/P0211/QLFS%20Trends%202008-2026Q2.xlsx
ZA:35-44,unemployed,Jul-Sep 2009,884.0808804206935,https://www.statssa.gov.za/publications/P0211/QLFS%20Trends%202008-2026Q2.xlsx
ZA:35-44,unemployed,Oct-Dec 2009,864.7472434102367,https://www.statssa.gov.za/publications/P0211/QLFS%20Trends%202008-2026Q2.xlsx
ZA:35-44,unemployed,Jan-Mar 2010,913.9235647485964,https://www.statssa.gov.za/publications/P0211/QLFS%20Trends%202008-2026Q2.xlsx
ZA:35-44,unemployed,Apr-Jun 2010,875.7651371520349,https://www.statssa.gov.za/publications/P0211/QLFS%20Trends%202008-2026Q2.xlsx
ZA:35-44,unemployed,Jul-Sep 2010,911.0141874686747,https://www.statssa.gov.za/publications/P0211/QLFS%20Trends%202008-2026Q2.xlsx
ZA:35-44,unemployed,Oct-Dec 2010,863.0143899332927,https://www.statssa.gov.za/publications/P0211/QLFS%20Trends%202008-2026Q2.xlsx
ZA:35-44,unemployed,Jan-Mar 2011,886.0384305192864,https://www.statssa.gov.za/publications/P0211/QLFS%20Trends%202008-2026Q2.xlsx
ZA:35-44,unemployed,Apr-Jun 2011,978.7827422792352,https://www.statssa.gov.za/publications/P0211/QLFS%20Trends%202008-2026Q2.xlsx
ZA:35-44,unemployed,Jul-Sep 2011,977.128944078821,https://www.statssa.gov.za/publications/P0211/QLFS%20Trends%202008-2026Q2.xlsx
ZA:35-44,unemployed,Oct-Dec 2011,922.1828746606135,https://www.statssa.gov.za/publications/P0211/QLFS%20Trends%202008-2026Q2.xlsx
ZA:35-44,unemployed,Jan-Mar 2012,978.9105674605678,https://www.statssa.gov.za/publications/P0211/QLFS%20Trends%202008-2026Q2.xlsx
ZA:35-44,unemployed,Apr-Jun 2012,985.3050639697204,https://www.statssa.gov.za/publications/P0211/QLFS%20Trends%202008-2026Q2.xlsx
ZA:35-44,unemployed,Jul-Sep 2012,1013.1698435581817,https://www.statssa.gov.za/publications/P0211/QLFS%20Trends%202008-2026Q2.xlsx
ZA:35-44,unemployed,Oct-Dec 2012,960.1548917857197,https://www.statssa.gov.za/publications/P0211/QLFS%20Trends%202008-2026Q2.xlsx
ZA:35-44,unemployed,Jan-Mar 2013,995.4306608662919,https://www.statssa.gov.za/publications/P0211/QLFS%20Trends%202008-2026Q2.xlsx
ZA:35-44,unemployed,Apr-Jun 2013,1055.669852456201,https://www.statssa.gov.za/publications/P0211/QLFS%20Trends%202008-2026Q2.xlsx
ZA:35-44,unemployed,Jul-Sep 2013,1066.1260391489595,https://www.statssa.gov.za/publications/P0211/QLFS%20Trends%202008-2026Q2.xlsx
ZA:35-44,unemployed,Oct-Dec 2013,1062.8588919277902,https://www.statssa.gov.za/publications/P0211/QLFS%20Trends%202008-2026Q2.xlsx
ZA:35-44,unemployed,Jan-Mar 2014,1083.3040090033787,https://www.statssa.gov.za/publications/P0211/QLFS%20Trends%202008-2026Q2.xlsx
ZA:35-44,unemployed,Apr-Jun 2014,1133.8561106004754,https://www.statssa.gov.za/publications/P0211/QLFS%20Trends%202008-2026Q2.xlsx
ZA:35-44,unemployed,Jul-Sep 2014,1089.6231983827763,https://www.statssa.gov.za/publications/P0211/QLFS%20Trends%202008-2026Q2.xlsx
ZA:35-44,unemployed,Oct-Dec 2014,1115.8786491120225,https://www.statssa.gov.za/publications/P0211/QLFS%20Trends%202008-2026Q2.xlsx
ZA:35-44,unemployed,Jan-Mar 2015,1211.327675237591,https://www.statssa.gov.za/publications/P0211/QLFS%20Trends%202008-2026Q2.xlsx
ZA:35-44,unemployed,Apr-Jun 2015,1144.2361135309166,https://www.statssa.gov.za/publications/P0211/QLFS%20Trends%202008-2026Q2.xlsx
ZA:35-44,unemployed,Jul-Sep 2015,1201.7199270879821,https://www.statssa.gov.za/publications/P0211/QLFS%20Trends%202008-2026Q2.xlsx
ZA:35-44,unemployed,Oct-Dec 2015,1159.289209987275,https://www.statssa.gov.za/publications/P0211/QLFS%20Trends%202008-2026Q2.xlsx
ZA:35-44,unemployed,Jan-Mar 2016,1237.509248234082,https://www.statssa.gov.za/publications/P0211/QLFS%20Trends%202008-2026Q2.xlsx
ZA:35-44,unemployed,Apr-Jun 2016,1308.4175373441674,https://www.statssa.gov.za/publications/P0211/QLFS%20Trends%202008-2026Q2.xlsx
ZA:35-44,unemployed,Jul-Sep 2016,1347.9002103113405,https://www.statssa.gov.za/publications/P0211/QLFS%20Trends%202008-2026Q2.xlsx
ZA:35-44,unemployed,Oct-Dec 2016,1359.8683582861681,https://www.statssa.gov.za/publications/P0211/QLFS%20Trends%202008-2026Q2.xlsx
ZA:35-44,unemployed,Jan-Mar 2017,1411.792570994789,https://www.statssa.gov.za/publications/P0211/QLFS%20Trends%202008-2026Q2.xlsx
ZA:35-44,unemployed,Apr-Jun 2017,1449.6279685860795,https://www.statssa.gov.za/publications/P0211/QLFS%20Trends%202008-2026Q2.xlsx
ZA:35-44,unemployed,Jul-Sep 2017,1478.3397285489032,https://www.statssa.gov.za/publications/P0211/QLFS%20Trends%202008-2026Q2.xlsx
ZA:35-44,unemployed,Oct-Dec 2017,1342.777953003232,https://www.statssa.gov.za/publications/P0211/QLFS%20Trends%202008-2026Q2.xlsx
ZA:35-44,unemployed,Jan-Mar 2018,1363.4273266145226,https://www.statssa.gov.za/publications/P0211/QLFS%20Trends%202008-2026Q2.xlsx
ZA:35-44,unemployed,Apr-Jun 2018,1389.9480982590676,https://www.statssa.gov.za/publications/P0211/QLFS%20Trends%202008-2026Q2.xlsx
ZA:35-44,unemployed,Jul-Sep 2018,1435.2695210780525,https://www.statssa.gov.za/publications/P0211/QLFS%20Trends%202008-2026Q2.xlsx
ZA:35-44,unemployed,Oct-Dec 2018,1448.9384909600863,https://www.statssa.gov.za/publications/P0211/QLFS%20Trends%202008-2026Q2.xlsx
ZA:35-44,unemployed,Jan-Mar 2019,1414.3742164938096,https://www.statssa.gov.za/publications/P0211/QLFS%20Trends%202008-2026Q2.xlsx
ZA:35-44,unemployed,Apr-Jun 2019,1544.6929669610836,https://www.statssa.gov.za/publications/P0211/QLFS%20Trends%202008-2026Q2.xlsx
ZA:35-44,unemployed,Jul-Sep 2019,1537.5664849086409,https://www.statssa.gov.za/publications/P0211/QLFS%20Trends%202008-2026Q2.xlsx
ZA:35-44,unemployed,Oct-Dec 2019,1538.3974429031869,https://www.statssa.gov.za/publications/P0211/QLFS%20Trends%202008-2026Q2.xlsx
ZA:35-44,unemployed,Jan-Mar 2020,1619.0170201560827,https://www.statssa.gov.za/publications/P0211/QLFS%20Trends%202008-2026Q2.xlsx
ZA:35-44,unemployed,Apr-Jun 2020,1076.4364746071035,https://www.statssa.gov.za/publications/P0211/QLFS%20Trends%202008-2026Q2.xlsx
ZA:35-44,unemployed,Jul-Sep 2020,1638.7291365594058,https://www.statssa.gov.za/publications/P0211/QLFS%20Trends%202008-2026Q2.xlsx
ZA:35-44,unemployed,Oct-Dec 2020,1799.0508667167746,https://www.statssa.gov.za/publications/P0211/QLFS%20Trends%202008-2026Q2.xlsx
ZA:35-44,unemployed,Jan-Mar 2021,1796.7051941413577,https://www.statssa.gov.za/publications/P0211/QLFS%20Trends%202008-2026Q2.xlsx
ZA:35-44,unemployed,Apr-Jun 2021,1960.1675800645153,https://www.statssa.gov.za/publications/P0211/QLFS%20Trends%202008-2026Q2.xlsx
ZA:35-44,unemployed,Jul-Sep 2021,1902.3600534565012,https://www.statssa.gov.za/publications/P0211/QLFS%20Trends%202008-2026Q2.xlsx
ZA:35-44,unemployed,Oct-Dec 2021,1998.9900290198539,https://www.statssa.gov.za/publications/P0211/QLFS%20Trends%202008-2026Q2.xlsx
ZA:35-44,unemployed,Jan-Mar 2022,1970.2361722499231,https://www.statssa.gov.za/publications/P0211/QLFS%20Trends%202008-2026Q2.xlsx
ZA:35-44,unemployed,Apr-Jun 2022,1976.731030602249,https://www.statssa.gov.za/publications/P0211/QLFS%20Trends%202008-2026Q2.xlsx
ZA:35-44,unemployed,Jul-Sep 2022,1927.6373023632918,https://www.statssa.gov.za/publications/P0211/QLFS%20Trends%202008-2026Q2.xlsx
ZA:35-44,unemployed,Oct-Dec 2022,1911.1586795856067,https://www.statssa.gov.za/publications/P0211/QLFS%20Trends%202008-2026Q2.xlsx
ZA:35-44,unemployed,Jan-Mar 2023,1949.0774082273615,https://www.statssa.gov.za/publications/P0211/QLFS%20Trends%202008-2026Q2.xlsx
ZA:35-44,unemployed,Apr-Jun 2023,1996.362414219798,https://www.statssa.gov.za/publications/P0211/QLFS%20Trends%202008-2026Q2.xlsx
ZA:35-44,unemployed,Jul-Sep 2023,2083.319228169535,https://www.statssa.gov.za/publications/P0211/QLFS%20Trends%202008-2026Q2.xlsx
ZA:35-44,unemployed,Oct-Dec 2023,1996.3649328574675,https://www.statssa.gov.za/publications/P0211/QLFS%20Trends%202008-2026Q2.xlsx
ZA:35-44,unemployed,Jan-Mar 2024,2047.3735285239343,https://www.statssa.gov.za/publications/P0211/QLFS%20Trends%202008-2026Q2.xlsx
ZA:35-44,unemployed,Apr-Jun 2024,2082.2131372888,https://www.statssa.gov.za/publications/P0211/QLFS%20Trends%202008-2026Q2.xlsx
ZA:35-44,unemployed,Jul-Sep 2024,1960.3910422799954,https://www.statssa.gov.za/publications/P0211/QLFS%20Trends%202008-2026Q2.xlsx
ZA:35-44,unemployed,Oct-Dec 2024,1994.40644079947,https://www.statssa.gov.za/publications/P0211/QLFS%20Trends%202008-2026Q2.xlsx
ZA:35-44,unemployed,Jan-Mar 2025,2021.874060934977,https://www.statssa.gov.za/publications/P0211/QLFS%20Trends%202008-2026Q2.xlsx
ZA:35-44,unemployed,Apr-Jun 2025,2104.0109300216686,https://www.statssa.gov.za/publications/P0211/QLFS%20Trends%202008-2026Q2.xlsx
ZA:35-44,unemployed,Jul-Sep 2025,2016.5045105710929,https://www.statssa.gov.za/publications/P0211/QLFS%20Trends%202008-2026Q2.xlsx
ZA:35-44,unemployed,Oct-Dec 2025,1999.8265164876286,https://www.statssa.gov.za/publications/P0211/QLFS%20Trends%202008-2026Q2.xlsx
ZA:35-44,unemployed,Jan-Mar 2026,2087.6950024039766,https://www.statssa.gov.za/publications/P0211/QLFS%20Trends%202008-2026Q2.xlsx
ZA:35-44,unemployed,Apr-Jun 2026,2134.202312802279,https://www.statssa.gov.za/publications/P0211/QLFS%20Trends%202008-2026Q2.xlsx
ZA:45-54,labour_force,Jan-Mar 2008,3113.7018644530076,https://www.statssa.gov.za/publications/P0211/QLFS%20Trends%202008-2026Q2.xlsx
ZA:45-54,labour_force,Apr-Jun 2008,3133.3470536478308,https://www.statssa.gov.za/publications/P0211/QLFS%20Trends%202008-2026Q2.xlsx
ZA:45-54,labour_force,Jul-Sep 2008,3146.189044134579,https://www.statssa.gov.za/publications/P0211/QLFS%20Trends%202008-2026Q2.xlsx
ZA:45-54,labour_force,Oct-Dec 2008,3187.6348064783806,https://www.statssa.gov.za/publications/P0211/QLFS%20Trends%202008-2026Q2.xlsx
ZA:45-54,labour_force,Jan-Mar 2009,3225.5297541405307,https://www.statssa.gov.za/publications/P0211/QLFS%20Trends%202008-2026Q2.xlsx
ZA:45-54,labour_force,Apr-Jun 2009,3193.0634005773495,https://www.statssa.gov.za/publications/P0211/QLFS%20Trends%202008-2026Q2.xlsx
ZA:45-54,labour_force,Jul-Sep 2009,3137.628656435811,https://www.statssa.gov.za/publications/P0211/QLFS%20Trends%202008-2026Q2.xlsx
ZA:45-54,labour_force,Oct-Dec 2009,3168.2807269731575,https://www.statssa.gov.za/publications/P0211/QLFS%20Trends%202008-2026Q2.xlsx
ZA:45-54,labour_force,Jan-Mar 2010,3164.2771827844895,https://www.statssa.gov.za/publications/P0211/QLFS%20Trends%202008-2026Q2.xlsx
ZA:45-54,labour_force,Apr-Jun 2010,3203.5438663248415,https://www.statssa.gov.za/publications/P0211/QLFS%20Trends%202008-2026Q2.xlsx
ZA:45-54,labour_force,Jul-Sep 2010,3164.135125088244,https://www.statssa.gov.za/publications/P0211/QLFS%20Trends%202008-2026Q2.xlsx
ZA:45-54,labour_force,Oct-Dec 2010,3204.113713082417,https://www.statssa.gov.za/publications/P0211/QLFS%20Trends%202008-2026Q2.xlsx
ZA:45-54,labour_force,Jan-Mar 2011,3222.374068040556,https://www.statssa.gov.za/publications/P0211/QLFS%20Trends%202008-2026Q2.xlsx
ZA:45-54,labour_force,Apr-Jun 2011,3251.2597867770824,https://www.statssa.gov.za/publications/P0211/QLFS%20Trends%202008-2026Q2.xlsx
ZA:45-54,labour_force,Jul-Sep 2011,3310.652043382102,https://www.statssa.gov.za/publications/P0211/QLFS%20Trends%202008-2026Q2.xlsx
ZA:45-54,labour_force,Oct-Dec 2011,3285.7650496420783,https://www.statssa.gov.za/publications/P0211/QLFS%20Trends%202008-2026Q2.xlsx
ZA:45-54,labour_force,Jan-Mar 2012,3328.4873010374417,https://www.statssa.gov.za/publications/P0211/QLFS%20Trends%202008-2026Q2.xlsx
ZA:45-54,labour_force,Apr-Jun 2012,3336.899177034534,https://www.statssa.gov.za/publications/P0211/QLFS%20Trends%202008-2026Q2.xlsx
ZA:45-54,labour_force,Jul-Sep 2012,3353.879085943351,https://www.statssa.gov.za/publications/P0211/QLFS%20Trends%202008-2026Q2.xlsx
ZA:45-54,labour_force,Oct-Dec 2012,3334.700359738537,https://www.statssa.gov.za/publications/P0211/QLFS%20Trends%202008-2026Q2.xlsx
ZA:45-54,labour_force,Jan-Mar 2013,3388.021535702645,https://www.statssa.gov.za/publications/P0211/QLFS%20Trends%202008-2026Q2.xlsx
ZA:45-54,labour_force,Apr-Jun 2013,3404.8596508184546,https://www.statssa.gov.za/publications/P0211/QLFS%20Trends%202008-2026Q2.xlsx
ZA:45-54,labour_force,Jul-Sep 2013,3502.0886492025465,https://www.statssa.gov.za/publications/P0211/QLFS%20Trends%202008-2026Q2.xlsx
ZA:45-54,labour_force,Oct-Dec 2013,3473.650510599178,https://www.statssa.gov.za/publications/P0211/QLFS%20Trends%202008-2026Q2.xlsx
ZA:45-54,labour_force,Jan-Mar 2014,3506.3211843280455,https://www.statssa.gov.za/publications/P0211/QLFS%20Trends%202008-2026Q2.xlsx
ZA:45-54,labour_force,Apr-Jun 2014,3574.220640877239,https://www.statssa.gov.za/publications/P0211/QLFS%20Trends%202008-2026Q2.xlsx
ZA:45-54,labour_force,Jul-Sep 2014,3536.5584799940066,https://www.statssa.gov.za/publications/P0211/QLFS%20Trends%202008-2026Q2.xlsx
ZA:45-54,labour_force,Oct-Dec 2014,3563.665619312068,https://www.statssa.gov.za/publications/P0211/QLFS%20Trends%202008-2026Q2.xlsx
ZA:45-54,labour_force,Jan-Mar 2015,3645.651937952243,https://www.statssa.gov.za/publications/P0211/QLFS%20Trends%202008-2026Q2.xlsx
ZA:45-54,labour_force,Apr-Jun 2015,3626.2870302979663,https://www.statssa.gov.za/publications/P0211/QLFS%20Trends%202008-2026Q2.xlsx
ZA:45-54,labour_force,Jul-Sep 2015,3707.7521578109754,https://www.statssa.gov.za/publications/P0211/QLFS%20Trends%202008-2026Q2.xlsx
ZA:45-54,labour_force,Oct-Dec 2015,3784.290737233151,https://www.statssa.gov.za/publications/P0211/QLFS%20Trends%202008-2026Q2.xlsx
ZA:45-54,labour_force,Jan-Mar 2016,3811.234494768203,https://www.statssa.gov.za/publications/P0211/QLFS%20Trends%202008-2026Q2.xlsx
ZA:45-54,labour_force,Apr-Jun 2016,3820.3509313723084,https://www.statssa.gov.za/publications/P0211/QLFS%20Trends%202008-2026Q2.xlsx
ZA:45-54,labour_force,Jul-Sep 2016,3891.3538890579957,https://www.statssa.gov.za/publications/P0211/QLFS%20Trends%202008-2026Q2.xlsx
ZA:45-54,labour_force,Oct-Dec 2016,3902.1986515134895,https://www.statssa.gov.za/publications/P0211/QLFS%20Trends%202008-2026Q2.xlsx
ZA:45-54,labour_force,Jan-Mar 2017,4062.713614943555,https://www.statssa.gov.za/publications/P0211/QLFS%20Trends%202008-2026Q2.xlsx
ZA:45-54,labour_force,Apr-Jun 2017,4043.0423692176423,https://www.statssa.gov.za/publications/P0211/QLFS%20Trends%202008-2026Q2.xlsx
ZA:45-54,labour_force,Jul-Sep 2017,4089.5945854796237,https://www.statssa.gov.za/publications/P0211/QLFS%20Trends%202008-2026Q2.xlsx
ZA:45-54,labour_force,Oct-Dec 2017,4080.347634303375,https://www.statssa.gov.za/publications/P0211/QLFS%20Trends%202008-2026Q2.xlsx
ZA:45-54,labour_force,Jan-Mar 2018,4156.171805049886,https://www.statssa.gov.za/publications/P0211/QLFS%20Trends%202008-2026Q2.xlsx
ZA:45-54,labour_force,Apr-Jun 2018,4180.780908202244,https://www.statssa.gov.za/publications/P0211/QLFS%20Trends%202008-2026Q2.xlsx
ZA:45-54,labour_force,Jul-Sep 2018,4252.25263546411,https://www.statssa.gov.za/publications/P0211/QLFS%20Trends%202008-2026Q2.xlsx
ZA:45-54,labour_force,Oct-Dec 2018,4318.128344815813,https://www.statssa.gov.za/publications/P0211/QLFS%20Trends%202008-2026Q2.xlsx
ZA:45-54,labour_force,Jan-Mar 2019,4345.780561504192,https://www.statssa.gov.za/publications/P0211/QLFS%20Trends%202008-2026Q2.xlsx
ZA:45-54,labour_force,Apr-Jun 2019,4419.426252743043,https://www.statssa.gov.za/publications/P0211/QLFS%20Trends%202008-2026Q2.xlsx
ZA:45-54,labour_force,Jul-Sep 2019,4470.376039662483,https://www.statssa.gov.za/publications/P0211/QLFS%20Trends%202008-2026Q2.xlsx
ZA:45-54,labour_force,Oct-Dec 2019,4481.605365254898,https://www.statssa.gov.za/publications/P0211/QLFS%20Trends%202008-2026Q2.xlsx
ZA:45-54,labour_force,Jan-Mar 2020,4543.873739961184,https://www.statssa.gov.za/publications/P0211/QLFS%20Trends%202008-2026Q2.xlsx
ZA:45-54,labour_force,Apr-Jun 2020,3935.101838901672,https://www.statssa.gov.za/publications/P0211/QLFS%20Trends%202008-2026Q2.xlsx
ZA:45-54,labour_force,Jul-Sep 2020,4296.401428468483,https://www.statssa.gov.za/publications/P0211/QLFS%20Trends%202008-2026Q2.xlsx
ZA:45-54,labour_force,Oct-Dec 2020,4531.244061478007,https://www.statssa.gov.za/publications/P0211/QLFS%20Trends%202008-2026Q2.xlsx
ZA:45-54,labour_force,Jan-Mar 2021,4533.849982542176,https://www.statssa.gov.za/publications/P0211/QLFS%20Trends%202008-2026Q2.xlsx
ZA:45-54,labour_force,Apr-Jun 2021,4618.6942214657265,https://www.statssa.gov.za/publications/P0211/QLFS%20Trends%202008-2026Q2.xlsx
ZA:45-54,labour_force,Jul-Sep 2021,4527.999558605547,https://www.statssa.gov.za/publications/P0211/QLFS%20Trends%202008-2026Q2.xlsx
ZA:45-54,labour_force,Oct-Dec 2021,4626.836247913352,https://www.statssa.gov.za/publications/P0211/QLFS%20Trends%202008-2026Q2.xlsx
ZA:45-54,labour_force,Jan-Mar 2022,4651.807175732488,https://www.statssa.gov.za/publications/P0211/QLFS%20Trends%202008-2026Q2.xlsx
ZA:45-54,labour_force,Apr-Jun 2022,4778.201344921733,https://www.statssa.gov.za/publications/P0211/QLFS%20Trends%202008-2026Q2.xlsx
ZA:45-54,labour_force,Jul-Sep 2022,4809.263558574814,https://www.statssa.gov.za/publications/P0211/QLFS%20Trends%202008-2026Q2.xlsx
ZA:45-54,labour_force,Oct-Dec 2022,4827.293171309845,https://www.statssa.gov.za/publications/P0211/QLFS%20Trends%202008-2026Q2.xlsx
ZA:45-54,labour_force,Jan-Mar 2023,4867.585229307897,https://www.statssa.gov.za/publications/P0211/QLFS%20Trends%202008-2026Q2.xlsx
ZA:45-54,labour_force,Apr-Jun 2023,4941.42695036795,https://www.statssa.gov.za/publications/P0211/QLFS%20Trends%202008-2026Q2.xlsx
ZA:45-54,labour_force,Jul-Sep 2023,5005.051998151092,https://www.statssa.gov.za/publications/P0211/QLFS%20Trends%202008-2026Q2.xlsx
ZA:45-54,labour_force,Oct-Dec 2023,5011.926075403676,https://www.statssa.gov.za/publications/P0211/QLFS%20Trends%202008-2026Q2.xlsx
ZA:45-54,labour_force,Jan-Mar 2024,5061.921608122331,https://www.statssa.gov.za/publications/P0211/QLFS%20Trends%202008-2026Q2.xlsx
ZA:45-54,labour_force,Apr-Jun 2024,5127.240354873907,https://www.statssa.gov.za/publications/P0211/QLFS%20Trends%202008-2026Q2.xlsx
ZA:45-54,labour_force,Jul-Sep 2024,5122.243504295793,https://www.statssa.gov.za/publications/P0211/QLFS%20Trends%202008-2026Q2.xlsx
ZA:45-54,labour_force,Oct-Dec 2024,5223.735457244016,https://www.statssa.gov.za/publications/P0211/QLFS%20Trends%202008-2026Q2.xlsx
ZA:45-54,labour_force,Jan-Mar 2025,5217.207896099935,https://www.statssa.gov.za/publications/P0211/QLFS%20Trends%202008-2026Q2.xlsx
ZA:45-54,labour_force,Apr-Jun 2025,5241.228968690254,https://www.statssa.gov.za/publications/P0211/QLFS%20Trends%202008-2026Q2.xlsx
ZA:45-54,labour_force,Jul-Sep 2025,5194.715986297268,https://www.statssa.gov.za/publications/P0211/QLFS%20Trends%202008-2026Q2.xlsx
ZA:45-54,labour_force,Oct-Dec 2025,5167.64287706378,https://www.statssa.gov.za/publications/P0211/QLFS%20Trends%202008-2026Q2.xlsx
ZA:45-54,labour_force,Jan-Mar 2026,5205.2514919760315,https://www.statssa.gov.za/publications/P0211/QLFS%20Trends%202008-2026Q2.xlsx
ZA:45-54,labour_force,Apr-Jun 2026,5311.252512708,https://www.statssa.gov.za/publications/P0211/QLFS%20Trends%202008-2026Q2.xlsx
ZA:45-54,unemployed,Jan-Mar 2008,345.31418315947786,https://www.statssa.gov.za/publications/P0211/QLFS%20Trends%202008-2026Q2.xlsx
ZA:45-54,unemployed,Apr-Jun 2008,322.9468633768966,https://www.statssa.gov.za/publications/P0211/QLFS%20Trends%202008-2026Q2.xlsx
ZA:45-54,unemployed,Jul-Sep 2008,304.6297818116925,https://www.statssa.gov.za/publications/P0211/QLFS%20Trends%202008-2026Q2.xlsx
ZA:45-54,unemployed,Oct-Dec 2008,318.22428960573336,https://www.statssa.gov.za/publications/P0211/QLFS%20Trends%202008-2026Q2.xlsx
ZA:45-54,unemployed,Jan-Mar 2009,323.12330163328403,https://www.statssa.gov.za/publications/P0211/QLFS%20Trends%202008-2026Q2.xlsx
ZA:45-54,unemployed,Apr-Jun 2009,355.5337509402031,https://www.statssa.gov.za/publications/P0211/QLFS%20Trends%202008-2026Q2.xlsx
ZA:45-54,unemployed,Jul-Sep 2009,391.5852638427578,https://www.statssa.gov.za/publications/P0211/QLFS%20Trends%202008-2026Q2.xlsx
ZA:45-54,unemployed,Oct-Dec 2009,357.0042281881418,https://www.statssa.gov.za/publications/P0211/QLFS%20Trends%202008-2026Q2.xlsx
ZA:45-54,unemployed,Jan-Mar 2010,394.4720916035922,https://www.statssa.gov.za/publications/P0211/QLFS%20Trends%202008-2026Q2.xlsx
ZA:45-54,unemployed,Apr-Jun 2010,417.5117801320194,https://www.statssa.gov.za/publications/P0211/QLFS%20Trends%202008-2026Q2.xlsx
ZA:45-54,unemployed,Jul-Sep 2010,411.488941845664,https://www.statssa.gov.za/publications/P0211/QLFS%20Trends%202008-2026Q2.xlsx
ZA:45-54,unemployed,Oct-Dec 2010,381.40027925466075,https://www.statssa.gov.za/publications/P0211/QLFS%20Trends%202008-2026Q2.xlsx
ZA:45-54,unemployed,Jan-Mar 2011,416.4643967058349,https://www.statssa.gov.za/publications/P0211/QLFS%20Trends%202008-2026Q2.xlsx
ZA:45-54,unemployed,Apr-Jun 2011,425.1279313456004,https://www.statssa.gov.za/publications/P0211/QLFS%20Trends%202008-2026Q2.xlsx
ZA:45-54,unemployed,Jul-Sep 2011,401.9870059960842,https://www.statssa.gov.za/publications/P0211/QLFS%20Trends%202008-2026Q2.xlsx
ZA:45-54,unemployed,Oct-Dec 2011,403.4911736815482,https://www.statssa.gov.za/publications/P0211/QLFS%20Trends%202008-2026Q2.xlsx
ZA:45-54,unemployed,Jan-Mar 2012,427.02764731398366,https://www.statssa.gov.za/publications/P0211/QLFS%20Trends%202008-2026Q2.xlsx
ZA:45-54,unemployed,Apr-Jun 2012,434.81235896049964,https://www.statssa.gov.za/publications/P0211/QLFS%20Trends%202008-2026Q2.xlsx
ZA:45-54,unemployed,Jul-Sep 2012,437.4788889840735,https://www.statssa.gov.za/publications/P0211/QLFS%20Trends%202008-2026Q2.xlsx
ZA:45-54,unemployed,Oct-Dec 2012,410.7779107340219,https://www.statssa.gov.za/publications/P0211/QLFS%20Trends%202008-2026Q2.xlsx
ZA:45-54,unemployed,Jan-Mar 2013,441.550254141571,https://www.statssa.gov.za/publications/P0211/QLFS%20Trends%202008-2026Q2.xlsx
ZA:45-54,unemployed,Apr-Jun 2013,415.9837622951696,https://www.statssa.gov.za/publications/P0211/QLFS%20Trends%202008-2026Q2.xlsx
ZA:45-54,unemployed,Jul-Sep 2013,451.41447923401984,https://www.statssa.gov.za/publications/P0211/QLFS%20Trends%202008-2026Q2.xlsx
ZA:45-54,unemployed,Oct-Dec 2013,449.2348020169908,https://www.statssa.gov.za/publications/P0211/QLFS%20Trends%202008-2026Q2.xlsx
ZA:45-54,unemployed,Jan-Mar 2014,479.09308184272965,https://www.statssa.gov.za/publications/P0211/QLFS%20Trends%202008-2026Q2.xlsx
ZA:45-54,unemployed,Apr-Jun 2014,513.1117625895546,https://www.statssa.gov.za/publications/P0211/QLFS%20Trends%202008-2026Q2.xlsx
ZA:45-54,unemployed,Jul-Sep 2014,466.7566722772083,https://www.statssa.gov.za/publications/P0211/QLFS%20Trends%202008-2026Q2.xlsx
ZA:45-54,unemployed,Oct-Dec 2014,437.6632546290618,https://www.statssa.gov.za/publications/P0211/QLFS%20Trends%202008-2026Q2.xlsx
ZA:45-54,unemployed,Jan-Mar 2015,547.8974797585738,https://www.statssa.gov.za/publications/P0211/QLFS%20Trends%202008-2026Q2.xlsx
ZA:45-54,unemployed,Apr-Jun 2015,511.50988252717013,https://www.statssa.gov.za/publications/P0211/QLFS%20Trends%202008-2026Q2.xlsx
ZA:45-54,unemployed,Jul-Sep 2015,521.6004626165678,https://www.statssa.gov.za/publications/P0211/QLFS%20Trends%202008-2026Q2.xlsx
ZA:45-54,unemployed,Oct-Dec 2015,497.056343877133,https://www.statssa.gov.za/publications/P0211/QLFS%20Trends%202008-2026Q2.xlsx
ZA:45-54,unemployed,Jan-Mar 2016,591.009869551226,https://www.statssa.gov.za/publications/P0211/QLFS%20Trends%202008-2026Q2.xlsx
ZA:45-54,unemployed,Apr-Jun 2016,541.1992846705646,https://www.statssa.gov.za/publications/P0211/QLFS%20Trends%202008-2026Q2.xlsx
ZA:45-54,unemployed,Jul-Sep 2016,568.142582246502,https://www.statssa.gov.za/publications/P0211/QLFS%20Trends%202008-2026Q2.xlsx
ZA:45-54,unemployed,Oct-Dec 2016,589.2998228543576,https://www.statssa.gov.za/publications/P0211/QLFS%20Trends%202008-2026Q2.xlsx
ZA:45-54,unemployed,Jan-Mar 2017,669.5651114936825,https://www.statssa.gov.za/publications/P0211/QLFS%20Trends%202008-2026Q2.xlsx
ZA:45-54,unemployed,Apr-Jun 2017,622.7306289234579,https://www.statssa.gov.za/publications/P0211/QLFS%20Trends%202008-2026Q2.xlsx
ZA:45-54,unemployed,Jul-Sep 2017,663.2983294220425,https://www.statssa.gov.za/publications/P0211/QLFS%20Trends%202008-2026Q2.xlsx
ZA:45-54,unemployed,Oct-Dec 2017,635.5720853335445,https://www.statssa.gov.za/publications/P0211/QLFS%20Trends%202008-2026Q2.xlsx
ZA:45-54,unemployed,Jan-Mar 2018,668.0555590904515,https://www.statssa.gov.za/publications/P0211/QLFS%20Trends%202008-2026Q2.xlsx
ZA:45-54,unemployed,Apr-Jun 2018,669.3153619809914,https://www.statssa.gov.za/publications/P0211/QLFS%20Trends%202008-2026Q2.xlsx
ZA:45-54,unemployed,Jul-Sep 2018,682.5044248849397,https://www.statssa.gov.za/publications/P0211/QLFS%20Trends%202008-2026Q2.xlsx
ZA:45-54,unemployed,Oct-Dec 2018,647.5089045883649,https://www.statssa.gov.za/publications/P0211/QLFS%20Trends%202008-2026Q2.xlsx
ZA:45-54,unemployed,Jan-Mar 2019,679.4256029767224,https://www.statssa.gov.za/publications/P0211/QLFS%20Trends%202008-2026Q2.xlsx
ZA:45-54,unemployed,Apr-Jun 2019,758.0549741453697,https://www.statssa.gov.za/publications/P0211/QLFS%20Trends%202008-2026Q2.xlsx
ZA:45-54,unemployed,Jul-Sep 2019,768.4741064637517,https://www.statssa.gov.za/publications/P0211/QLFS%20Trends%202008-2026Q2.xlsx
ZA:45-54,unemployed,Oct-Dec 2019,786.3406372527231,https://www.statssa.gov.za/publications/P0211/QLFS%20Trends%202008-2026Q2.xlsx
ZA:45-54,unemployed,Jan-Mar 2020,796.5912861406806,https://www.statssa.gov.za/publications/P0211/QLFS%20Trends%202008-2026Q2.xlsx
ZA:45-54,unemployed,Apr-Jun 2020,558.9845826669398,https://www.statssa.gov.za/publications/P0211/QLFS%20Trends%202008-2026Q2.xlsx
ZA:45-54,unemployed,Jul-Sep 2020,820.8219291593708,https://www.statssa.gov.za/publications/P0211/QLFS%20Trends%202008-2026Q2.xlsx
ZA:45-54,unemployed,Oct-Dec 2020,874.9838641631585,https://www.statssa.gov.za/publications/P0211/QLFS%20Trends%202008-2026Q2.xlsx
ZA:45-54,unemployed,Jan-Mar 2021,904.9592585367384,https://www.statssa.gov.za/publications/P0211/QLFS%20Trends%202008-2026Q2.xlsx
ZA:45-54,unemployed,Apr-Jun 2021,971.5352484421873,https://www.statssa.gov.za/publications/P0211/QLFS%20Trends%202008-2026Q2.xlsx
ZA:45-54,unemployed,Jul-Sep 2021,991.5959818445551,https://www.statssa.gov.za/publications/P0211/QLFS%20Trends%202008-2026Q2.xlsx
ZA:45-54,unemployed,Oct-Dec 2021,1052.9614981319094,https://www.statssa.gov.za/publications/P0211/QLFS%20Trends%202008-2026Q2.xlsx
ZA:45-54,unemployed,Jan-Mar 2022,1012.8973837890803,https://www.statssa.gov.za/publications/P0211/QLFS%20Trends%202008-2026Q2.xlsx
ZA:45-54,unemployed,Apr-Jun 2022,1025.437773861023,https://www.statssa.gov.za/publications/P0211/QLFS%20Trends%202008-2026Q2.xlsx
ZA:45-54,unemployed,Jul-Sep 2022,984.5652370852991,https://www.statssa.gov.za/publications/P0211/QLFS%20Trends%202008-2026Q2.xlsx
ZA:45-54,unemployed,Oct-Dec 2022,978.2071215159729,https://www.statssa.gov.za/publications/P0211/QLFS%20Trends%202008-2026Q2.xlsx
ZA:45-54,unemployed,Jan-Mar 2023,916.1941072133171,https://www.statssa.gov.za/publications/P0211/QLFS%20Trends%202008-2026Q2.xlsx
ZA:45-54,unemployed,Apr-Jun 2023,983.6497845112756,https://www.statssa.gov.za/publications/P0211/QLFS%20Trends%202008-2026Q2.xlsx
ZA:45-54,unemployed,Jul-Sep 2023,988.8916756993528,https://www.statssa.gov.za/publications/P0211/QLFS%20Trends%202008-2026Q2.xlsx
ZA:45-54,unemployed,Oct-Dec 2023,1024.1062293691687,https://www.statssa.gov.za/publications/P0211/QLFS%20Trends%202008-2026Q2.xlsx
ZA:45-54,unemployed,Jan-Mar 2024,1052.6407181722038,https://www.statssa.gov.za/publications/P0211/QLFS%20Trends%202008-2026Q2.xlsx
ZA:45-54,unemployed,Apr-Jun 2024,1062.6193362953907,https://www.statssa.gov.za/publications/P0211/QLFS%20Trends%202008-2026Q2.xlsx
ZA:45-54,unemployed,Jul-Sep 2024,1017.6970874922664,https://www.statssa.gov.za/publications/P0211/QLFS%20Trends%202008-2026Q2.xlsx
ZA:45-54,unemployed,Oct-Dec 2024,1075.2971524114114,https://www.statssa.gov.za/publications/P0211/QLFS%20Trends%202008-2026Q2.xlsx
ZA:45-54,unemployed,Jan-Mar 2025,1117.7432970627801,https://www.statssa.gov.za/publications/P0211/QLFS%20Trends%202008-2026Q2.xlsx
ZA:45-54,unemployed,Apr-Jun 2025,1122.5158705363108,https://www.statssa.gov.za/publications/P0211/QLFS%20Trends%202008-2026Q2.xlsx
ZA:45-54,unemployed,Jul-Sep 2025,1092.5678642922321,https://www.statssa.gov.za/publications/P0211/QLFS%20Trends%202008-2026Q2.xlsx
ZA:45-54,unemployed,Oct-Dec 2025,1052.3113969911738,https://www.statssa.gov.za/publications/P0211/QLFS%20Trends%202008-2026Q2.xlsx
ZA:45-54,unemployed,Jan-Mar 2026,1055.4326424957474,https://www.statssa.gov.za/publications/P0211/QLFS%20Trends%202008-2026Q2.xlsx
ZA:45-54,unemployed,Apr-Jun 2026,1088.1107592270553,https://www.statssa.gov.za/publications/P0211/QLFS%20Trends%202008-2026Q2.xlsx
ZA:55-64,labour_force,Jan-Mar 2008,1232.769251929516,https://www.statssa.gov.za/publications/P0211/QLFS%20Trends%202008-2026Q2.xlsx
ZA:55-64,labour_force,Apr-Jun 2008,1245.3491787711116,https://www.statssa.gov.za/publications/P0211/QLFS%20Trends%202008-2026Q2.xlsx
ZA:55-64,labour_force,Jul-Sep 2008,1242.332095238035,https://www.statssa.gov.za/publications/P0211/QLFS%20Trends%202008-2026Q2.xlsx
ZA:55-64,labour_force,Oct-Dec 2008,1234.1509644446328,https://www.statssa.gov.za/publications/P0211/QLFS%20Trends%202008-2026Q2.xlsx
ZA:55-64,labour_force,Jan-Mar 2009,1273.8324526465656,https://www.statssa.gov.za/publications/P0211/QLFS%20Trends%202008-2026Q2.xlsx
ZA:55-64,labour_force,Apr-Jun 2009,1233.7362333819724,https://www.statssa.gov.za/publications/P0211/QLFS%20Trends%202008-2026Q2.xlsx
ZA:55-64,labour_force,Jul-Sep 2009,1198.249910809882,https://www.statssa.gov.za/publications/P0211/QLFS%20Trends%202008-2026Q2.xlsx
ZA:55-64,labour_force,Oct-Dec 2009,1203.0509214714843,https://www.statssa.gov.za/publications/P0211/QLFS%20Trends%202008-2026Q2.xlsx
ZA:55-64,labour_force,Jan-Mar 2010,1191.0644023154905,https://www.statssa.gov.za/publications/P0211/QLFS%20Trends%202008-2026Q2.xlsx
ZA:55-64,labour_force,Apr-Jun 2010,1224.8597812244107,https://www.statssa.gov.za/publications/P0211/QLFS%20Trends%202008-2026Q2.xlsx
ZA:55-64,labour_force,Jul-Sep 2010,1211.0604090353493,https://www.statssa.gov.za/publications/P0211/QLFS%20Trends%202008-2026Q2.xlsx
ZA:55-64,labour_force,Oct-Dec 2010,1227.3927753989817,https://www.statssa.gov.za/publications/P0211/QLFS%20Trends%202008-2026Q2.xlsx
ZA:55-64,labour_force,Jan-Mar 2011,1207.2520295047218,https://www.statssa.gov.za/publications/P0211/QLFS%20Trends%202008-2026Q2.xlsx
ZA:55-64,labour_force,Apr-Jun 2011,1261.900585532795,https://www.statssa.gov.za/publications/P0211/QLFS%20Trends%202008-2026Q2.xlsx
ZA:55-64,labour_force,Jul-Sep 2011,1267.2178031196063,https://www.statssa.gov.za/publications/P0211/QLFS%20Trends%202008-2026Q2.xlsx
ZA:55-64,labour_force,Oct-Dec 2011,1305.0294914194474,https://www.statssa.gov.za/publications/P0211/QLFS%20Trends%202008-2026Q2.xlsx
ZA:55-64,labour_force,Jan-Mar 2012,1289.7423206342469,https://www.statssa.gov.za/publications/P0211/QLFS%20Trends%202008-2026Q2.xlsx
ZA:55-64,labour_force,Apr-Jun 2012,1278.5062333307276,https://www.statssa.gov.za/publications/P0211/QLFS%20Trends%202008-2026Q2.xlsx
ZA:55-64,labour_force,Jul-Sep 2012,1331.2378974898315,https://www.statssa.gov.za/publications/P0211/QLFS%20Trends%202008-2026Q2.xlsx
ZA:55-64,labour_force,Oct-Dec 2012,1341.2953486179056,https://www.statssa.gov.za/publications/P0211/QLFS%20Trends%202008-2026Q2.xlsx
ZA:55-64,labour_force,Jan-Mar 2013,1331.4950779329458,https://www.statssa.gov.za/publications/P0211/QLFS%20Trends%202008-2026Q2.xlsx
ZA:55-64,labour_force,Apr-Jun 2013,1367.987596201311,https://www.statssa.gov.za/publications/P0211/QLFS%20Trends%202008-2026Q2.xlsx
ZA:55-64,labour_force,Jul-Sep 2013,1392.9837252284408,https://www.statssa.gov.za/publications/P0211/QLFS%20Trends%202008-2026Q2.xlsx
ZA:55-64,labour_force,Oct-Dec 2013,1446.1935826246704,https://www.statssa.gov.za/publications/P0211/QLFS%20Trends%202008-2026Q2.xlsx
ZA:55-64,labour_force,Jan-Mar 2014,1478.3916767825142,https://www.statssa.gov.za/publications/P0211/QLFS%20Trends%202008-2026Q2.xlsx
ZA:55-64,labour_force,Apr-Jun 2014,1478.6280521446656,https://www.statssa.gov.za/publications/P0211/QLFS%20Trends%202008-2026Q2.xlsx
ZA:55-64,labour_force,Jul-Sep 2014,1513.8507615775884,https://www.statssa.gov.za/publications/P0211/QLFS%20Trends%202008-2026Q2.xlsx
ZA:55-64,labour_force,Oct-Dec 2014,1460.163144480877,https://www.statssa.gov.za/publications/P0211/QLFS%20Trends%202008-2026Q2.xlsx
ZA:55-64,labour_force,Jan-Mar 2015,1510.4758561605206,https://www.statssa.gov.za/publications/P0211/QLFS%20Trends%202008-2026Q2.xlsx
ZA:55-64,labour_force,Apr-Jun 2015,1501.548988667559,https://www.statssa.gov.za/publications/P0211/QLFS%20Trends%202008-2026Q2.xlsx
ZA:55-64,labour_force,Jul-Sep 2015,1550.609916822766,https://www.statssa.gov.za/publications/P0211/QLFS%20Trends%202008-2026Q2.xlsx
ZA:55-64,labour_force,Oct-Dec 2015,1548.191418219516,https://www.statssa.gov.za/publications/P0211/QLFS%20Trends%202008-2026Q2.xlsx
ZA:55-64,labour_force,Jan-Mar 2016,1537.8530580619286,https://www.statssa.gov.za/publications/P0211/QLFS%20Trends%202008-2026Q2.xlsx
ZA:55-64,labour_force,Apr-Jun 2016,1545.8703326255038,https://www.statssa.gov.za/publications/P0211/QLFS%20Trends%202008-2026Q2.xlsx
ZA:55-64,labour_force,Jul-Sep 2016,1566.7518253228732,https://www.statssa.gov.za/publications/P0211/QLFS%20Trends%202008-2026Q2.xlsx
ZA:55-64,labour_force,Oct-Dec 2016,1607.3171829340658,https://www.statssa.gov.za/publications/P0211/QLFS%20Trends%202008-2026Q2.xlsx
ZA:55-64,labour_force,Jan-Mar 2017,1700.5235154141105,https://www.statssa.gov.za/publications/P0211/QLFS%20Trends%202008-2026Q2.xlsx
ZA:55-64,labour_force,Apr-Jun 2017,1659.0883695975251,https://www.statssa.gov.za/publications/P0211/QLFS%20Trends%202008-2026Q2.xlsx
ZA:55-64,labour_force,Jul-Sep 2017,1716.6839743161943,https://www.statssa.gov.za/publications/P0211/QLFS%20Trends%202008-2026Q2.xlsx
ZA:55-64,labour_force,Oct-Dec 2017,1690.8723166455281,https://www.statssa.gov.za/publications/P0211/QLFS%20Trends%202008-2026Q2.xlsx
ZA:55-64,labour_force,Jan-Mar 2018,1742.3489364088841,https://www.statssa.gov.za/publications/P0211/QLFS%20Trends%202008-2026Q2.xlsx
ZA:55-64,labour_force,Apr-Jun 2018,1729.0841732495999,https://www.statssa.gov.za/publications/P0211/QLFS%20Trends%202008-2026Q2.xlsx
ZA:55-64,labour_force,Jul-Sep 2018,1733.5933094904822,https://www.statssa.gov.za/publications/P0211/QLFS%20Trends%202008-2026Q2.xlsx
ZA:55-64,labour_force,Oct-Dec 2018,1748.517306107575,https://www.statssa.gov.za/publications/P0211/QLFS%20Trends%202008-2026Q2.xlsx
ZA:55-64,labour_force,Jan-Mar 2019,1713.7394495304402,https://www.statssa.gov.za/publications/P0211/QLFS%20Trends%202008-2026Q2.xlsx
ZA:55-64,labour_force,Apr-Jun 2019,1786.41389799463,https://www.statssa.gov.za/publications/P0211/QLFS%20Trends%202008-2026Q2.xlsx
ZA:55-64,labour_force,Jul-Sep 2019,1769.6714344941165,https://www.statssa.gov.za/publications/P0211/QLFS%20Trends%202008-2026Q2.xlsx
ZA:55-64,labour_force,Oct-Dec 2019,1779.4270180603626,https://www.statssa.gov.za/publications/P0211/QLFS%20Trends%202008-2026Q2.xlsx
ZA:55-64,labour_force,Jan-Mar 2020,1797.9015966454438,https://www.statssa.gov.za/publications/P0211/QLFS%20Trends%202008-2026Q2.xlsx
ZA:55-64,labour_force,Apr-Jun 2020,1556.1841715629869,https://www.statssa.gov.za/publications/P0211/QLFS%20Trends%202008-2026Q2.xlsx
ZA:55-64,labour_force,Jul-Sep 2020,1703.3855127390066,https://www.statssa.gov.za/publications/P0211/QLFS%20Trends%202008-2026Q2.xlsx
ZA:55-64,labour_force,Oct-Dec 2020,1752.3395116885388,https://www.statssa.gov.za/publications/P0211/QLFS%20Trends%202008-2026Q2.xlsx
ZA:55-64,labour_force,Jan-Mar 2021,1739.8011672712362,https://www.statssa.gov.za/publications/P0211/QLFS%20Trends%202008-2026Q2.xlsx
ZA:55-64,labour_force,Apr-Jun 2021,1750.6532893570586,https://www.statssa.gov.za/publications/P0211/QLFS%20Trends%202008-2026Q2.xlsx
ZA:55-64,labour_force,Jul-Sep 2021,1641.8806007445435,https://www.statssa.gov.za/publications/P0211/QLFS%20Trends%202008-2026Q2.xlsx
ZA:55-64,labour_force,Oct-Dec 2021,1622.851590397009,https://www.statssa.gov.za/publications/P0211/QLFS%20Trends%202008-2026Q2.xlsx
ZA:55-64,labour_force,Jan-Mar 2022,1624.3985789857277,https://www.statssa.gov.za/publications/P0211/QLFS%20Trends%202008-2026Q2.xlsx
ZA:55-64,labour_force,Apr-Jun 2022,1701.7703435642563,https://www.statssa.gov.za/publications/P0211/QLFS%20Trends%202008-2026Q2.xlsx
ZA:55-64,labour_force,Jul-Sep 2022,1684.326411963491,https://www.statssa.gov.za/publications/P0211/QLFS%20Trends%202008-2026Q2.xlsx
ZA:55-64,labour_force,Oct-Dec 2022,1707.3095082700108,https://www.statssa.gov.za/publications/P0211/QLFS%20Trends%202008-2026Q2.xlsx
ZA:55-64,labour_force,Jan-Mar 2023,1764.2245540144233,https://www.statssa.gov.za/publications/P0211/QLFS%20Trends%202008-2026Q2.xlsx
ZA:55-64,labour_force,Apr-Jun 2023,1789.769705258309,https://www.statssa.gov.za/publications/P0211/QLFS%20Trends%202008-2026Q2.xlsx
ZA:55-64,labour_force,Jul-Sep 2023,1873.015567242534,https://www.statssa.gov.za/publications/P0211/QLFS%20Trends%202008-2026Q2.xlsx
ZA:55-64,labour_force,Oct-Dec 2023,1886.788126587873,https://www.statssa.gov.za/publications/P0211/QLFS%20Trends%202008-2026Q2.xlsx
ZA:55-64,labour_force,Jan-Mar 2024,1931.5524409118007,https://www.statssa.gov.za/publications/P0211/QLFS%20Trends%202008-2026Q2.xlsx
ZA:55-64,labour_force,Apr-Jun 2024,1943.2734754473738,https://www.statssa.gov.za/publications/P0211/QLFS%20Trends%202008-2026Q2.xlsx
ZA:55-64,labour_force,Jul-Sep 2024,1961.0498503604142,https://www.statssa.gov.za/publications/P0211/QLFS%20Trends%202008-2026Q2.xlsx
ZA:55-64,labour_force,Oct-Dec 2024,2003.1482262718666,https://www.statssa.gov.za/publications/P0211/QLFS%20Trends%202008-2026Q2.xlsx
ZA:55-64,labour_force,Jan-Mar 2025,2016.800741910157,https://www.statssa.gov.za/publications/P0211/QLFS%20Trends%202008-2026Q2.xlsx
ZA:55-64,labour_force,Apr-Jun 2025,2025.265637516626,https://www.statssa.gov.za/publications/P0211/QLFS%20Trends%202008-2026Q2.xlsx
ZA:55-64,labour_force,Jul-Sep 2025,2018.7094228241872,https://www.statssa.gov.za/publications/P0211/QLFS%20Trends%202008-2026Q2.xlsx
ZA:55-64,labour_force,Oct-Dec 2025,2071.857336471384,https://www.statssa.gov.za/publications/P0211/QLFS%20Trends%202008-2026Q2.xlsx
ZA:55-64,labour_force,Jan-Mar 2026,2065.757900237116,https://www.statssa.gov.za/publications/P0211/QLFS%20Trends%202008-2026Q2.xlsx
ZA:55-64,labour_force,Apr-Jun 2026,2051.195100534701,https://www.statssa.gov.za/publications/P0211/QLFS%20Trends%202008-2026Q2.xlsx
ZA:55-64,unemployed,Jan-Mar 2008,94.29437851419463,https://www.statssa.gov.za/publications/P0211/QLFS%20Trends%202008-2026Q2.xlsx
ZA:55-64,unemployed,Apr-Jun 2008,94.27685201483978,https://www.statssa.gov.za/publications/P0211/QLFS%20Trends%202008-2026Q2.xlsx
ZA:55-64,unemployed,Jul-Sep 2008,81.26985433034328,https://www.statssa.gov.za/publications/P0211/QLFS%20Trends%202008-2026Q2.xlsx
ZA:55-64,unemployed,Oct-Dec 2008,64.26865374058137,https://www.statssa.gov.za/publications/P0211/QLFS%20Trends%202008-2026Q2.xlsx
ZA:55-64,unemployed,Jan-Mar 2009,77.42306679269741,https://www.statssa.gov.za/publications/P0211/QLFS%20Trends%202008-2026Q2.xlsx
ZA:55-64,unemployed,Apr-Jun 2009,67.30525364371323,https://www.statssa.gov.za/publications/P0211/QLFS%20Trends%202008-2026Q2.xlsx
ZA:55-64,unemployed,Jul-Sep 2009,82.56651805765203,https://www.statssa.gov.za/publications/P0211/QLFS%20Trends%202008-2026Q2.xlsx
ZA:55-64,unemployed,Oct-Dec 2009,79.449769240938,https://www.statssa.gov.za/publications/P0211/QLFS%20Trends%202008-2026Q2.xlsx
ZA:55-64,unemployed,Jan-Mar 2010,88.57666349615663,https://www.statssa.gov.za/publications/P0211/QLFS%20Trends%202008-2026Q2.xlsx
ZA:55-64,unemployed,Apr-Jun 2010,103.69006974146012,https://www.statssa.gov.za/publications/P0211/QLFS%20Trends%202008-2026Q2.xlsx
ZA:55-64,unemployed,Jul-Sep 2010,93.77788233232181,https://www.statssa.gov.za/publications/P0211/QLFS%20Trends%202008-2026Q2.xlsx
ZA:55-64,unemployed,Oct-Dec 2010,81.94616631015423,https://www.statssa.gov.za/publications/P0211/QLFS%20Trends%202008-2026Q2.xlsx
ZA:55-64,unemployed,Jan-Mar 2011,74.9994477281578,https://www.statssa.gov.za/publications/P0211/QLFS%20Trends%202008-2026Q2.xlsx
ZA:55-64,unemployed,Apr-Jun 2011,74.64991621315312,https://www.statssa.gov.za/publications/P0211/QLFS%20Trends%202008-2026Q2.xlsx
ZA:55-64,unemployed,Jul-Sep 2011,80.39708755730993,https://www.statssa.gov.za/publications/P0211/QLFS%20Trends%202008-2026Q2.xlsx
ZA:55-64,unemployed,Oct-Dec 2011,82.98594226182304,https://www.statssa.gov.za/publications/P0211/QLFS%20Trends%202008-2026Q2.xlsx
ZA:55-64,unemployed,Jan-Mar 2012,90.27239568312015,https://www.statssa.gov.za/publications/P0211/QLFS%20Trends%202008-2026Q2.xlsx
ZA:55-64,unemployed,Apr-Jun 2012,84.23480483040254,https://www.statssa.gov.za/publications/P0211/QLFS%20Trends%202008-2026Q2.xlsx
ZA:55-64,unemployed,Jul-Sep 2012,90.29245530555194,https://www.statssa.gov.za/publications/P0211/QLFS%20Trends%202008-2026Q2.xlsx
ZA:55-64,unemployed,Oct-Dec 2012,104.1585201075797,https://www.statssa.gov.za/publications/P0211/QLFS%20Trends%202008-2026Q2.xlsx
ZA:55-64,unemployed,Jan-Mar 2013,103.83165876646264,https://www.statssa.gov.za/publications/P0211/QLFS%20Trends%202008-2026Q2.xlsx
ZA:55-64,unemployed,Apr-Jun 2013,103.07590451723355,https://www.statssa.gov.za/publications/P0211/QLFS%20Trends%202008-2026Q2.xlsx
ZA:55-64,unemployed,Jul-Sep 2013,97.63429183285953,https://www.statssa.gov.za/publications/P0211/QLFS%20Trends%202008-2026Q2.xlsx
ZA:55-64,unemployed,Oct-Dec 2013,121.8651791232535,https://www.statssa.gov.za/publications/P0211/QLFS%20Trends%202008-2026Q2.xlsx
ZA:55-64,unemployed,Jan-Mar 2014,114.90358530258463,https://www.statssa.gov.za/publications/P0211/QLFS%20Trends%202008-2026Q2.xlsx
ZA:55-64,unemployed,Apr-Jun 2014,115.32144438887262,https://www.statssa.gov.za/publications/P0211/QLFS%20Trends%202008-2026Q2.xlsx
ZA:55-64,unemployed,Jul-Sep 2014,120.14965258842034,https://www.statssa.gov.za/publications/P0211/QLFS%20Trends%202008-2026Q2.xlsx
ZA:55-64,unemployed,Oct-Dec 2014,103.50677745607784,https://www.statssa.gov.za/publications/P0211/QLFS%20Trends%202008-2026Q2.xlsx
ZA:55-64,unemployed,Jan-Mar 2015,129.7991681497261,https://www.statssa.gov.za/publications/P0211/QLFS%20Trends%202008-2026Q2.xlsx
ZA:55-64,unemployed,Apr-Jun 2015,119.63616892154786,https://www.statssa.gov.za/publications/P0211/QLFS%20Trends%202008-2026Q2.xlsx
ZA:55-64,unemployed,Jul-Sep 2015,157.26551201982943,https://www.statssa.gov.za/publications/P0211/QLFS%20Trends%202008-2026Q2.xlsx
ZA:55-64,unemployed,Oct-Dec 2015,124.60395491952796,https://www.statssa.gov.za/publications/P0211/QLFS%20Trends%202008-2026Q2.xlsx
ZA:55-64,unemployed,Jan-Mar 2016,146.72169281814556,https://www.statssa.gov.za/publications/P0211/QLFS%20Trends%202008-2026Q2.xlsx
ZA:55-64,unemployed,Apr-Jun 2016,148.05430325108543,https://www.statssa.gov.za/publications/P0211/QLFS%20Trends%202008-2026Q2.xlsx
ZA:55-64,unemployed,Jul-Sep 2016,140.81420551924367,https://www.statssa.gov.za/publications/P0211/QLFS%20Trends%202008-2026Q2.xlsx
ZA:55-64,unemployed,Oct-Dec 2016,130.32930490942525,https://www.statssa.gov.za/publications/P0211/QLFS%20Trends%202008-2026Q2.xlsx
ZA:55-64,unemployed,Jan-Mar 2017,178.26018424777894,https://www.statssa.gov.za/publications/P0211/QLFS%20Trends%202008-2026Q2.xlsx
ZA:55-64,unemployed,Apr-Jun 2017,152.76297392598465,https://www.statssa.gov.za/publications/P0211/QLFS%20Trends%202008-2026Q2.xlsx
ZA:55-64,unemployed,Jul-Sep 2017,171.19877639376753,https://www.statssa.gov.za/publications/P0211/QLFS%20Trends%202008-2026Q2.xlsx
ZA:55-64,unemployed,Oct-Dec 2017,139.92914469296952,https://www.statssa.gov.za/publications/P0211/QLFS%20Trends%202008-2026Q2.xlsx
ZA:55-64,unemployed,Jan-Mar 2018,154.2678503402652,https://www.statssa.gov.za/publications/P0211/QLFS%20Trends%202008-2026Q2.xlsx
ZA:55-64,unemployed,Apr-Jun 2018,168.12606584511065,https://www.statssa.gov.za/publications/P0211/QLFS%20Trends%202008-2026Q2.xlsx
ZA:55-64,unemployed,Jul-Sep 2018,169.60654275026903,https://www.statssa.gov.za/publications/P0211/QLFS%20Trends%202008-2026Q2.xlsx
ZA:55-64,unemployed,Oct-Dec 2018,175.63475972497665,https://www.statssa.gov.za/publications/P0211/QLFS%20Trends%202008-2026Q2.xlsx
ZA:55-64,unemployed,Jan-Mar 2019,173.58208221571792,https://www.statssa.gov.za/publications/P0211/QLFS%20Trends%202008-2026Q2.xlsx
ZA:55-64,unemployed,Apr-Jun 2019,187.29165227984325,https://www.statssa.gov.za/publications/P0211/QLFS%20Trends%202008-2026Q2.xlsx
ZA:55-64,unemployed,Jul-Sep 2019,175.13902416933797,https://www.statssa.gov.za/publications/P0211/QLFS%20Trends%202008-2026Q2.xlsx
ZA:55-64,unemployed,Oct-Dec 2019,163.51727860160784,https://www.statssa.gov.za/publications/P0211/QLFS%20Trends%202008-2026Q2.xlsx
ZA:55-64,unemployed,Jan-Mar 2020,179.34578149137766,https://www.statssa.gov.za/publications/P0211/QLFS%20Trends%202008-2026Q2.xlsx
ZA:55-64,unemployed,Apr-Jun 2020,144.50420924328031,https://www.statssa.gov.za/publications/P0211/QLFS%20Trends%202008-2026Q2.xlsx
ZA:55-64,unemployed,Jul-Sep 2020,214.0041349603372,https://www.statssa.gov.za/publications/P0211/QLFS%20Trends%202008-2026Q2.xlsx
ZA:55-64,unemployed,Oct-Dec 2020,218.89505961635555,https://www.statssa.gov.za/publications/P0211/QLFS%20Trends%202008-2026Q2.xlsx
ZA:55-64,unemployed,Jan-Mar 2021,228.13145787493562,https://www.statssa.gov.za/publications/P0211/QLFS%20Trends%202008-2026Q2.xlsx
ZA:55-64,unemployed,Apr-Jun 2021,217.6338160402392,https://www.statssa.gov.za/publications/P0211/QLFS%20Trends%202008-2026Q2.xlsx
ZA:55-64,unemployed,Jul-Sep 2021,209.26452807617414,https://www.statssa.gov.za/publications/P0211/QLFS%20Trends%202008-2026Q2.xlsx
ZA:55-64,unemployed,Oct-Dec 2021,184.2120712181301,https://www.statssa.gov.za/publications/P0211/QLFS%20Trends%202008-2026Q2.xlsx
ZA:55-64,unemployed,Jan-Mar 2022,198.3387863978933,https://www.statssa.gov.za/publications/P0211/QLFS%20Trends%202008-2026Q2.xlsx
ZA:55-64,unemployed,Apr-Jun 2022,219.64661560731938,https://www.statssa.gov.za/publications/P0211/QLFS%20Trends%202008-2026Q2.xlsx
ZA:55-64,unemployed,Jul-Sep 2022,222.4604169823248,https://www.statssa.gov.za/publications/P0211/QLFS%20Trends%202008-2026Q2.xlsx
ZA:55-64,unemployed,Oct-Dec 2022,227.52203481723026,https://www.statssa.gov.za/publications/P0211/QLFS%20Trends%202008-2026Q2.xlsx
ZA:55-64,unemployed,Jan-Mar 2023,189.77552555193625,https://www.statssa.gov.za/publications/P0211/QLFS%20Trends%202008-2026Q2.xlsx
ZA:55-64,unemployed,Apr-Jun 2023,194.84210786790027,https://www.statssa.gov.za/publications/P0211/QLFS%20Trends%202008-2026Q2.xlsx
ZA:55-64,unemployed,Jul-Sep 2023,203.92031422384716,https://www.statssa.gov.za/publications/P0211/QLFS%20Trends%202008-2026Q2.xlsx
ZA:55-64,unemployed,Oct-Dec 2023,214.98011786078214,https://www.statssa.gov.za/publications/P0211/QLFS%20Trends%202008-2026Q2.xlsx
ZA:55-64,unemployed,Jan-Mar 2024,230.15233395971464,https://www.statssa.gov.za/publications/P0211/QLFS%20Trends%202008-2026Q2.xlsx
ZA:55-64,unemployed,Apr-Jun 2024,242.3919876440386,https://www.statssa.gov.za/publications/P0211/QLFS%20Trends%202008-2026Q2.xlsx
ZA:55-64,unemployed,Jul-Sep 2024,206.65466877623777,https://www.statssa.gov.za/publications/P0211/QLFS%20Trends%202008-2026Q2.xlsx
ZA:55-64,unemployed,Oct-Dec 2024,228.47193441039283,https://www.statssa.gov.za/publications/P0211/QLFS%20Trends%202008-2026Q2.xlsx
ZA:55-64,unemployed,Jan-Mar 2025,244.76981892506097,https://www.statssa.gov.za/publications/P0211/QLFS%20Trends%202008-2026Q2.xlsx
ZA:55-64,unemployed,Apr-Jun 2025,258.82598645429186,https://www.statssa.gov.za/publications/P0211/QLFS%20Trends%202008-2026Q2.xlsx
ZA:55-64,unemployed,Jul-Sep 2025,263.20995083044727,https://www.statssa.gov.za/publications/P0211/QLFS%20Trends%202008-2026Q2.xlsx
ZA:55-64,unemployed,Oct-Dec 2025,232.33238870832113,https://www.statssa.gov.za/publications/P0211/QLFS%20Trends%202008-2026Q2.xlsx
ZA:55-64,unemployed,Jan-Mar 2026,260.8646844998831,https://www.statssa.gov.za/publications/P0211/QLFS%20Trends%202008-2026Q2.xlsx
ZA:55-64,unemployed,Apr-Jun 2026,262.51843703983786,https://www.statssa.gov.za/publications/P0211/QLFS%20Trends%202008-2026Q2.xlsx
